incident_id,channel,segment,start_time,end_time,duration_sec,n_events,peak_anomaly_score,mean_anomaly_score,spacecraft_incident_id
CADC0872_1_002,CADC0872,1,2022-06-01T23:42:54.000000Z,2022-06-01T23:47:33.000000Z,279.0,280,1.0,0.47852019078232766,593
CADC0872_2_002,CADC0872,2,2022-06-01T23:47:35.000000Z,2022-06-01T23:55:31.000000Z,476.0,477,1.0,0.5063260332325114,597
CADC0872_3_002,CADC0872,3,2022-06-01T23:55:35.000000Z,2022-06-02T00:05:28.000000Z,593.0,594,1.0,0.4973979446265105,602
CADC0872_4_002,CADC0872,4,2022-06-02T00:05:30.000000Z,2022-06-02T00:10:01.000000Z,271.0,272,1.0,0.5252594524330896,609
CADC0872_5_002,CADC0872,5,2022-06-02T00:10:04.000000Z,2022-06-02T00:14:18.000000Z,254.0,196,0.6930492690201387,0.40157793402333136,613
CADC0872_6_002,CADC0872,6,2022-06-02T00:14:19.000000Z,2022-06-02T00:18:31.000000Z,252.0,158,0.3926474241477191,0.3894519050793378,615
CADC0872_7_002,CADC0872,7,2022-06-02T00:18:33.000000Z,2022-06-02T00:24:51.000000Z,378.0,329,0.9292561655718627,0.44451409391686475,618
CADC0872_8_002,CADC0872,8,2022-06-02T00:24:54.000000Z,2022-06-02T00:31:33.000000Z,399.0,400,1.0,0.5189817512023575,622
CADC0872_9_002,CADC0872,9,2022-06-02T00:35:38.000000Z,2022-06-02T00:44:11.000000Z,513.0,514,1.0,0.5330107949891741,627
CADC0872_10_002,CADC0872,10,2022-06-02T00:44:14.000000Z,2022-06-02T00:49:26.000000Z,312.0,194,0.3963430763216321,0.39046743300594483,633
CADC0872_11_002,CADC0872,11,2022-06-02T00:49:30.000000Z,2022-06-02T00:53:18.000000Z,228.0,170,0.4026349103243095,0.3908801170216699,637
CADC0872_12_002,CADC0872,12,2022-06-02T00:53:20.000000Z,2022-06-02T00:57:17.000000Z,237.0,215,0.5390003078259377,0.3905085359167734,640
CADC0872_13_002,CADC0872,13,2022-06-02T00:57:19.000000Z,2022-06-02T01:01:07.000000Z,228.0,212,0.99,0.41495518393567105,642
CADC0872_14_002,CADC0872,14,2022-06-02T01:01:09.000000Z,2022-06-02T01:04:49.000000Z,220.0,216,0.3982778635536078,0.3864063072568547,644
CADC0872_15_002,CADC0872,15,2022-06-02T01:04:50.000000Z,2022-06-02T01:08:10.000000Z,200.0,201,1.0,0.42816618606514373,647
CADC0872_16_002,CADC0872,16,2022-06-02T01:08:12.000000Z,2022-06-02T01:12:20.000000Z,248.0,234,0.3982778635536078,0.39045178180093243,650
CADC0872_17_002,CADC0872,17,2022-06-02T01:12:22.000000Z,2022-06-02T01:16:19.000000Z,237.0,229,0.4003310467602003,0.38945010852400347,654
CADC0872_18_002,CADC0872,18,2022-06-02T01:16:20.000000Z,2022-06-02T01:19:53.000000Z,213.0,208,0.4792864682008865,0.3908988662931278,657
CADC0872_19_002,CADC0872,19,2022-06-02T01:19:54.000000Z,2022-06-02T01:23:16.000000Z,202.0,203,0.93,0.40971875064254504,659
CADC0872_20_002,CADC0872,20,2022-06-02T01:23:21.000000Z,2022-06-02T01:27:47.000000Z,266.0,259,1.0,0.4170132778509518,661
CADC0872_21_002,CADC0872,21,2022-06-02T01:27:49.000000Z,2022-06-02T01:32:30.000000Z,281.0,275,1.0,0.40684959822942873,664
CADC0872_22_002,CADC0872,22,2022-06-02T01:32:32.000000Z,2022-06-02T01:35:35.000000Z,183.0,184,1.0,0.44046244062989076,667
CADC0872_23_002,CADC0872,23,2022-06-02T01:35:37.000000Z,2022-06-02T01:39:39.000000Z,242.0,201,0.4026349103243095,0.3850046380281938,669
CADC0872_24_002,CADC0872,24,2022-06-02T01:39:40.000000Z,2022-06-02T01:43:01.000000Z,201.0,202,1.0,0.44754251318043,672
CADC0872_25_002,CADC0872,25,2022-06-02T01:43:03.000000Z,2022-06-02T01:46:30.000000Z,207.0,199,0.3968459659256729,0.3886946249249129,676
CADC0872_26_002,CADC0872,26,2022-06-02T01:46:32.000000Z,2022-06-02T01:50:01.000000Z,209.0,180,0.4198503376772545,0.38649812252987525,678
CADC0872_27_002,CADC0872,27,2022-06-02T01:50:03.000000Z,2022-06-02T01:53:25.000000Z,202.0,186,0.4260377250085948,0.3884808329949288,681
CADC0872_28_002,CADC0872,28,2022-06-02T01:53:28.000000Z,2022-06-02T01:56:28.000000Z,180.0,177,0.3982778635536078,0.39127591650741844,683
CADC0872_29_002,CADC0872,29,2022-06-02T01:56:31.000000Z,2022-06-02T02:00:16.000000Z,225.0,226,1.0,0.515680230968804,685
CADC0872_30_002,CADC0872,30,2022-06-02T02:00:21.000000Z,2022-06-02T02:03:34.000000Z,193.0,173,0.9219487511293666,0.4237277782507472,688
CADC0872_31_002,CADC0872,31,2022-06-02T02:03:38.000000Z,2022-06-02T02:06:55.000000Z,197.0,184,1.0,0.4239964371999988,691
CADC0872_32_002,CADC0872,32,2022-06-02T02:06:59.000000Z,2022-06-02T02:10:18.000000Z,199.0,141,0.3982778635536078,0.3878263068481952,693
CADC0872_33_002,CADC0872,33,2022-06-02T02:10:20.000000Z,2022-06-02T02:14:08.000000Z,228.0,161,0.3922932283813618,0.38983274848682004,695
CADC0872_34_002,CADC0872,34,2022-06-02T02:14:10.000000Z,2022-06-02T02:17:14.000000Z,184.0,118,0.4277249031322851,0.38910437073473697,698
CADC0872_35_002,CADC0872,35,2022-06-02T02:17:16.000000Z,2022-06-02T02:21:01.000000Z,225.0,161,0.6511924102326102,0.3995393661862888,700
CADC0872_36_002,CADC0872,36,2022-06-02T02:21:03.000000Z,2022-06-02T02:24:35.000000Z,212.0,127,0.4859892918566726,0.38911011379790417,703
CADC0872_37_002,CADC0872,37,2022-06-02T02:24:38.000000Z,2022-06-02T02:27:49.000000Z,191.0,116,0.4275314214436295,0.38628568259778967,705
CADC0872_38_002,CADC0872,38,2022-06-02T02:27:50.000000Z,2022-06-02T02:31:06.000000Z,196.0,123,0.5993068447777145,0.3910484515716663,707
CADC0872_39_002,CADC0872,39,2022-06-02T02:31:09.000000Z,2022-06-02T02:34:26.000000Z,197.0,118,0.398294526193107,0.386892574361396,708
CADC0872_40_002,CADC0872,40,2022-06-02T02:34:30.000000Z,2022-06-02T02:37:30.000000Z,180.0,102,0.3927554754939063,0.38477295229734193,710
CADC0872_41_002,CADC0872,41,2022-06-02T02:37:34.000000Z,2022-06-02T02:40:51.000000Z,197.0,127,0.3922932283813618,0.38904216979566814,712
CADC0872_42_002,CADC0872,42,2022-06-02T02:40:55.000000Z,2022-06-02T02:44:06.000000Z,191.0,165,0.8240598622404778,0.40721969195167845,714
CADC0872_43_002,CADC0872,43,2022-06-02T02:44:11.000000Z,2022-06-02T02:47:03.000000Z,172.0,157,0.8511924102326102,0.4221491433006472,716
CADC0872_44_002,CADC0872,44,2022-06-02T02:47:10.000000Z,2022-06-02T02:50:32.000000Z,202.0,124,0.3922932283813618,0.39050551713476933,718
CADC0872_45_002,CADC0872,45,2022-06-02T02:50:36.000000Z,2022-06-02T02:53:49.000000Z,193.0,159,0.3965156975398181,0.38884653211850284,720
CADC0872_46_002,CADC0872,46,2022-06-02T02:53:52.000000Z,2022-06-02T02:56:56.000000Z,184.0,173,0.3982778635536078,0.39044715769793503,722
CADC0872_47_002,CADC0872,47,2022-06-02T02:56:58.000000Z,2022-06-02T03:00:01.000000Z,183.0,183,0.3927554754939063,0.3906621546056892,725
CADC0872_48_002,CADC0872,48,2022-06-02T03:00:03.000000Z,2022-06-02T03:03:55.000000Z,232.0,227,0.4216811833491584,0.38918664173215545,727
CADC0872_49_002,CADC0872,49,2022-06-02T03:03:57.000000Z,2022-06-02T03:07:01.000000Z,184.0,181,0.4041095216653941,0.3883955718970651,730
CADC0872_50_002,CADC0872,50,2022-06-02T03:07:03.000000Z,2022-06-02T03:10:19.000000Z,196.0,194,0.6487339243121713,0.39143402892124135,732
CADC0872_51_002,CADC0872,51,2022-06-02T03:10:23.000000Z,2022-06-02T03:13:49.000000Z,206.0,207,1.0,0.46650898839077726,735
CADC0872_52_002,CADC0872,52,2022-06-02T03:13:52.000000Z,2022-06-02T03:16:48.000000Z,176.0,167,0.84,0.4139393743025625,737
CADC0872_53_002,CADC0872,53,2022-06-02T03:16:51.000000Z,2022-06-02T03:20:04.000000Z,193.0,172,0.4009278927548027,0.38389512978857976,740
CADC0872_54_002,CADC0872,54,2022-06-02T03:20:08.000000Z,2022-06-02T03:23:07.000000Z,179.0,173,0.91,0.3936546311773722,742
CADC0872_55_002,CADC0872,55,2022-06-02T03:23:11.000000Z,2022-06-02T03:26:03.000000Z,172.0,157,0.4026349103243095,0.3892734695142263,746
CADC0872_56_002,CADC0872,56,2022-06-02T03:26:06.000000Z,2022-06-02T03:29:15.000000Z,189.0,179,0.3982778635536078,0.38965076273087174,748
CADC0872_57_002,CADC0872,57,2022-06-02T03:29:17.000000Z,2022-06-02T03:32:27.000000Z,190.0,191,0.99,0.43657618508740814,750
CADC0872_58_002,CADC0872,58,2022-06-02T03:32:31.000000Z,2022-06-02T03:35:08.000000Z,157.0,149,0.3927554754939063,0.3896764266598401,753
CADC0872_59_002,CADC0872,59,2022-06-02T03:35:11.000000Z,2022-06-02T03:38:24.000000Z,193.0,194,1.0,0.4212876729228505,755
CADC0872_60_002,CADC0872,60,2022-06-02T03:38:26.000000Z,2022-06-02T03:41:38.000000Z,192.0,193,1.0,0.40464878603012994,757
CADC0872_61_002,CADC0872,61,2022-06-02T03:41:39.000000Z,2022-06-02T03:44:43.000000Z,184.0,185,0.6905492690201388,0.39375057934446417,759
CADC0872_62_002,CADC0872,62,2022-06-02T03:44:45.000000Z,2022-06-02T03:47:36.000000Z,171.0,172,1.0,0.49184835573348706,761
CADC0872_63_002,CADC0872,63,2022-06-02T03:47:38.000000Z,2022-06-02T03:51:04.000000Z,206.0,157,0.7050245270209315,0.4052086872164301,763
CADC0872_64_002,CADC0872,64,2022-06-02T03:51:06.000000Z,2022-06-02T03:54:10.000000Z,184.0,149,0.7473063668573352,0.40771719341569385,765
CADC0872_65_002,CADC0872,65,2022-06-02T03:54:14.000000Z,2022-06-02T03:57:20.000000Z,186.0,99,0.3982778635536078,0.38563080545482087,768
CADC0872_66_002,CADC0872,66,2022-06-02T03:57:24.000000Z,2022-06-02T04:00:36.000000Z,192.0,123,0.5930492690201389,0.3925495770412845,770
CADC0872_67_002,CADC0872,67,2022-06-02T04:00:39.000000Z,2022-06-02T04:03:36.000000Z,177.0,109,0.3922932283813618,0.38920819514804134,772
CADC0872_68_002,CADC0872,68,2022-06-02T04:03:39.000000Z,2022-06-02T04:06:41.000000Z,182.0,111,0.398294526193107,0.3908067550803284,774
CADC0872_69_002,CADC0872,69,2022-06-02T04:06:44.000000Z,2022-06-02T04:09:46.000000Z,182.0,114,0.3922932283813618,0.39142084415256195,776
CADC0872_70_002,CADC0872,70,2022-06-02T04:09:49.000000Z,2022-06-02T04:12:36.000000Z,167.0,107,0.3922932283813618,0.3913743437816069,778
CADC0872_71_002,CADC0872,71,2022-06-02T04:12:39.000000Z,2022-06-02T04:15:41.000000Z,182.0,183,0.9027690737939515,0.5003343658483201,780
CADC0872_72_002,CADC0872,72,2022-06-02T04:15:44.000000Z,2022-06-02T04:18:50.000000Z,186.0,184,0.6310074528509417,0.39599362638864216,782
CADC0872_73_002,CADC0872,73,2022-06-02T04:18:52.000000Z,2022-06-02T04:21:33.000000Z,161.0,162,0.3927554754939063,0.39229608175859976,784
CADC0872_74_002,CADC0872,74,2022-06-02T04:21:34.000000Z,2022-06-02T04:24:44.000000Z,190.0,191,1.0,0.4255873397445781,786
CADC0872_75_002,CADC0872,75,2022-06-02T04:24:46.000000Z,2022-06-02T04:27:53.000000Z,187.0,188,0.3982778635536078,0.39230503433503766,788
CADC0872_76_002,CADC0872,76,2022-06-02T04:27:55.000000Z,2022-06-02T04:30:54.000000Z,179.0,164,0.3927554754939063,0.39209471195949214,789
CADC0872_77_002,CADC0872,77,2022-06-02T04:30:57.000000Z,2022-06-02T04:33:56.000000Z,179.0,151,0.3922932283813618,0.3918581578051966,791
CADC0872_78_002,CADC0872,78,2022-06-02T04:34:01.000000Z,2022-06-02T04:37:16.000000Z,195.0,172,0.4124229961199089,0.3908165895024083,793
CADC0872_79_002,CADC0872,79,2022-06-02T04:37:18.000000Z,2022-06-02T04:40:20.000000Z,182.0,166,0.4274540309249007,0.3914056908463646,795
CADC0872_80_002,CADC0872,80,2022-06-02T04:40:22.000000Z,2022-06-02T04:43:19.000000Z,177.0,178,1.0,0.4503134563410538,796
CADC0872_81_002,CADC0872,81,2022-06-02T04:43:22.000000Z,2022-06-02T04:46:33.000000Z,191.0,175,0.7023442938684085,0.39069273022014184,798
CADC0872_82_002,CADC0872,82,2022-06-02T04:46:35.000000Z,2022-06-02T04:49:20.000000Z,165.0,166,1.0,0.43323641266558227,800
CADC0872_83_002,CADC0872,83,2022-06-02T04:49:22.000000Z,2022-06-02T04:52:25.000000Z,183.0,184,0.4065156975398182,0.38838354397081987,801
CADC0872_84_002,CADC0872,84,2022-06-02T04:52:27.000000Z,2022-06-02T04:55:23.000000Z,176.0,155,0.396612150978448,0.38857259886924084,804
CADC0872_85_002,CADC0872,85,2022-06-02T04:55:25.000000Z,2022-06-02T04:58:15.000000Z,170.0,105,0.3983457881083243,0.38524287781465333,806
CADC0872_86_002,CADC0872,86,2022-06-02T04:58:19.000000Z,2022-06-02T05:01:14.000000Z,175.0,129,0.7002057579959581,0.40511783185755806,808
CADC0872_87_002,CADC0872,87,2022-06-02T05:01:16.000000Z,2022-06-02T05:04:12.000000Z,176.0,139,0.5944399986570478,0.3971521059750542,810
CADC0872_88_002,CADC0872,88,2022-06-02T05:04:14.000000Z,2022-06-02T05:06:54.000000Z,160.0,103,0.4901941787690504,0.39253038630115433,812
CADC0872_89_002,CADC0872,89,2022-06-02T05:06:57.000000Z,2022-06-02T05:09:55.000000Z,178.0,123,0.3982778635536078,0.3903112134668264,814
CADC0872_90_002,CADC0872,90,2022-06-02T05:09:57.000000Z,2022-06-02T05:12:54.000000Z,177.0,179,0.9091206975915672,0.5083519150209221,816
CADC0872_91_002,CADC0872,91,2022-06-02T05:12:57.000000Z,2022-06-02T05:15:52.000000Z,175.0,142,0.746126192097062,0.40684470860215655,817
CADC0872_92_002,CADC0872,92,2022-06-02T05:15:54.000000Z,2022-06-02T05:18:44.000000Z,170.0,104,0.3922932283813618,0.391314298989139,819
CADC0872_93_002,CADC0872,93,2022-06-02T05:18:48.000000Z,2022-06-02T05:21:49.000000Z,181.0,115,0.3924445302202744,0.3911455030136421,821
CADC0872_94_002,CADC0872,94,2022-06-02T05:21:53.000000Z,2022-06-02T05:24:45.000000Z,172.0,136,0.7111924102326103,0.40688706703879945,823
CADC0872_95_002,CADC0872,95,2022-06-02T05:24:47.000000Z,2022-06-02T05:27:44.000000Z,177.0,179,1.0,0.5196650955957057,824
CADC0872_96_002,CADC0872,96,2022-06-02T05:27:48.000000Z,2022-06-02T05:30:49.000000Z,181.0,98,0.3987017388858934,0.3843271751490662,826
CADC0872_97_002,CADC0872,97,2022-06-02T05:30:50.000000Z,2022-06-02T05:33:40.000000Z,170.0,171,1.0,0.5421346602980598,828
CADC0872_98_002,CADC0872,98,2022-06-02T05:33:43.000000Z,2022-06-02T05:36:40.000000Z,177.0,108,0.3981978242315943,0.3880262993107096,830
CADC0872_99_002,CADC0872,99,2022-06-02T05:36:43.000000Z,2022-06-02T05:39:40.000000Z,177.0,178,1.0,0.48051260722820427,832
CADC0872_100_002,CADC0872,100,2022-06-02T05:39:42.000000Z,2022-06-02T05:42:38.000000Z,176.0,126,0.4221879244823237,0.39118628163549457,834
CADC0872_101_002,CADC0872,101,2022-06-02T05:42:40.000000Z,2022-06-02T05:45:34.000000Z,174.0,119,0.3982778635536078,0.3895737289690322,835
CADC0872_102_002,CADC0872,102,2022-06-02T05:45:36.000000Z,2022-06-02T05:48:24.000000Z,168.0,130,0.3924445302202744,0.3908791092662656,836
CADC0872_103_002,CADC0872,103,2022-06-02T05:48:27.000000Z,2022-06-02T05:51:08.000000Z,161.0,156,0.7615103079306925,0.40371485416194364,838
CADC0872_104_002,CADC0872,104,2022-06-02T05:51:09.000000Z,2022-06-02T05:54:03.000000Z,174.0,163,1.0,0.43881008678479294,840
CADC0872_105_002,CADC0872,105,2022-06-02T05:54:05.000000Z,2022-06-02T05:56:53.000000Z,168.0,149,0.3927554754939063,0.39114506201113775,842
CADC0872_106_002,CADC0872,106,2022-06-02T05:56:54.000000Z,2022-06-02T05:59:51.000000Z,177.0,178,1.0,0.4416788687270732,843
CADC0872_107_002,CADC0872,107,2022-06-02T05:59:53.000000Z,2022-06-02T06:02:49.000000Z,176.0,153,0.3922932283813618,0.3919704605439714,845
CADC0872_108_002,CADC0872,108,2022-06-02T06:02:50.000000Z,2022-06-02T06:05:50.000000Z,180.0,158,0.5905525157229005,0.3936235544477447,847
CADC0872_109_002,CADC0872,109,2022-06-02T06:05:54.000000Z,2022-06-02T06:08:50.000000Z,176.0,121,0.3927554754939063,0.3919923350069855,849
CADC0872_110_002,CADC0872,110,2022-06-02T06:08:54.000000Z,2022-06-02T06:11:44.000000Z,170.0,118,1.0,0.4710515055840365,850
CADC0872_111_002,CADC0872,111,2022-06-02T06:11:49.000000Z,2022-06-02T06:14:49.000000Z,180.0,93,0.3922932283813618,0.38984985491893587,852
CADC0872_112_002,CADC0872,112,2022-06-02T06:14:52.000000Z,2022-06-02T06:17:30.000000Z,158.0,101,0.5783290203066411,0.3960297276808209,854
CADC0872_113_002,CADC0872,113,2022-06-02T06:17:33.000000Z,2022-06-02T06:20:35.000000Z,182.0,108,0.4260377250085948,0.3888642644113706,856
CADC0872_114_002,CADC0872,114,2022-06-02T06:20:38.000000Z,2022-06-02T06:23:31.000000Z,173.0,143,1.0,0.48867260321148476,857
CADC0872_115_002,CADC0872,115,2022-06-02T06:23:32.000000Z,2022-06-02T06:26:32.000000Z,180.0,124,0.6344778404487103,0.3950856463160192,860
CADC0872_116_002,CADC0872,116,2022-06-02T06:26:34.000000Z,2022-06-02T06:29:33.000000Z,179.0,96,0.3922932283813618,0.38641543267084183,862
CADC0872_117_002,CADC0872,117,2022-06-02T06:29:35.000000Z,2022-06-02T06:32:20.000000Z,165.0,105,0.4114494202917449,0.3903199188132698,864
CADC0872_118_002,CADC0872,118,2022-06-02T06:32:23.000000Z,2022-06-02T06:35:20.000000Z,177.0,116,0.4024229961199089,0.39048238211494857,866
CADC0872_119_002,CADC0872,119,2022-06-02T06:35:22.000000Z,2022-06-02T06:38:19.000000Z,177.0,146,1.0,0.44035549734786794,868
CADC0872_120_002,CADC0872,120,2022-06-02T06:38:20.000000Z,2022-06-02T06:41:15.000000Z,175.0,132,0.79184797031884,0.40417749619091525,870
CADC0872_121_002,CADC0872,121,2022-06-02T06:41:17.000000Z,2022-06-02T06:44:19.000000Z,182.0,184,1.0,0.5156141641403117,872
CADC0872_122_002,CADC0872,122,2022-06-02T06:44:21.000000Z,2022-06-02T06:47:15.000000Z,174.0,116,0.3927554754939063,0.39138701764399214,874
CADC0872_123_002,CADC0872,123,2022-06-02T06:47:18.000000Z,2022-06-02T06:50:20.000000Z,182.0,125,0.4694729929130972,0.39189056589652954,877
CADC0872_124_002,CADC0872,124,2022-06-02T06:50:23.000000Z,2022-06-02T06:53:17.000000Z,174.0,112,0.3922932283813618,0.3897971449742303,879
CADC0872_125_002,CADC0872,125,2022-06-02T06:53:18.000000Z,2022-06-02T06:56:10.000000Z,172.0,173,0.99,0.5135939574215819,881
CADC0872_126_002,CADC0872,126,2022-06-02T06:56:12.000000Z,2022-06-02T06:59:19.000000Z,187.0,188,0.9818887280118732,0.4857440866114314,883
CADC0872_127_002,CADC0872,127,2022-06-02T06:59:22.000000Z,2022-06-02T07:02:10.000000Z,168.0,170,1.0,0.5495541442309492,884
CADC0872_128_002,CADC0872,128,2022-06-02T07:02:13.000000Z,2022-06-02T07:05:14.000000Z,181.0,111,0.445086820855901,0.37869773204532897,886
CADC0872_129_002,CADC0872,129,2022-06-02T07:05:20.000000Z,2022-06-02T07:08:24.000000Z,184.0,185,1.0,0.5394675015748016,888
CADC0872_130_002,CADC0872,130,2022-06-02T07:08:28.000000Z,2022-06-02T07:11:28.000000Z,180.0,92,0.3924445302202744,0.3887798675201205,890
CADC0872_131_002,CADC0872,131,2022-06-02T07:11:30.000000Z,2022-06-02T07:14:40.000000Z,190.0,175,0.5890097332402447,0.39160702838062994,892
CADC0872_132_002,CADC0872,132,2022-06-02T07:14:42.000000Z,2022-06-02T07:17:37.000000Z,175.0,176,1.0,0.40670709728655424,893
CADC0872_133_002,CADC0872,133,2022-06-02T07:17:39.000000Z,2022-06-02T07:20:42.000000Z,183.0,184,0.3982778635536078,0.3920519130085016,895
CADC0872_134_002,CADC0872,134,2022-06-02T07:20:44.000000Z,2022-06-02T07:23:41.000000Z,177.0,178,1.0,0.4290453556695596,897
CADC0872_135_002,CADC0872,135,2022-06-02T07:23:43.000000Z,2022-06-02T07:26:37.000000Z,174.0,175,0.3922932283813618,0.39225742253122947,899
CADC0872_136_002,CADC0872,136,2022-06-02T07:26:38.000000Z,2022-06-02T07:29:46.000000Z,188.0,189,0.783913043478261,0.39567748742727893,900
CADC0872_137_002,CADC0872,137,2022-06-02T07:29:48.000000Z,2022-06-02T07:32:49.000000Z,181.0,182,0.3922932283813618,0.3922065386514632,902
CADC0872_138_002,CADC0872,138,2022-06-02T08:23:28.000000Z,2022-06-02T08:26:35.000000Z,187.0,117,0.3922932283813618,0.3904792871153534,904
CADC0872_139_002,CADC0872,139,2022-06-02T08:26:37.000000Z,2022-06-02T08:29:50.000000Z,193.0,195,1.0,0.5026965125535309,906
CADC0872_140_002,CADC0872,140,2022-06-02T08:29:53.000000Z,2022-06-02T08:32:59.000000Z,186.0,120,0.397230267466149,0.3909063656999426,907
CADC0872_141_002,CADC0872,141,2022-06-02T08:33:00.000000Z,2022-06-02T08:36:08.000000Z,188.0,189,1.0,0.5787890693546951,909
CADC0872_142_002,CADC0872,142,2022-06-02T08:36:09.000000Z,2022-06-02T08:39:30.000000Z,201.0,161,0.931518009408982,0.4486535642513825,911
CADC0872_143_002,CADC0872,143,2022-06-02T08:39:32.000000Z,2022-06-02T08:42:50.000000Z,198.0,200,1.0,0.4989745277583239,914
CADC0872_144_002,CADC0872,144,2022-06-02T08:42:52.000000Z,2022-06-02T08:46:15.000000Z,203.0,109,0.3982778635536078,0.38738662269498214,915
CADC0872_145_002,CADC0872,145,2022-06-02T08:46:19.000000Z,2022-06-02T08:49:50.000000Z,211.0,163,0.3982778635536078,0.3895009457867141,917
CADC0872_146_002,CADC0872,146,2022-06-02T08:49:51.000000Z,2022-06-02T08:53:07.000000Z,196.0,197,1.0,0.4998103015555743,919
CADC0872_147_002,CADC0872,147,2022-06-02T08:53:09.000000Z,2022-06-02T08:56:45.000000Z,216.0,189,0.7511803037190588,0.4091637190561503,922
CADC0872_148_002,CADC0872,148,2022-06-02T08:56:47.000000Z,2022-06-02T08:59:58.000000Z,191.0,183,0.959743230319982,0.4218104485955642,924
CADC0872_149_002,CADC0872,149,2022-06-02T09:00:00.000000Z,2022-06-02T09:03:22.000000Z,202.0,186,0.5026964316803317,0.3924399790315054,926
CADC0872_150_002,CADC0872,150,2022-06-02T09:03:23.000000Z,2022-06-02T09:06:59.000000Z,216.0,217,0.887228756199626,0.4532716040783672,927
CADC0872_151_002,CADC0872,151,2022-06-02T09:07:02.000000Z,2022-06-02T09:10:32.000000Z,210.0,211,1.0,0.45670339747220884,929
CADC0872_152_002,CADC0872,152,2022-06-02T09:10:34.000000Z,2022-06-02T09:13:44.000000Z,190.0,161,0.3922932283813618,0.39041169479527804,930
CADC0872_153_002,CADC0872,153,2022-06-02T09:13:45.000000Z,2022-06-02T09:17:24.000000Z,219.0,176,0.6444659356868055,0.3934097176073973,932
CADC0872_154_002,CADC0872,154,2022-06-02T09:17:28.000000Z,2022-06-02T09:20:49.000000Z,201.0,139,0.3924445302202744,0.39073715590558417,934
CADC0872_155_002,CADC0872,155,2022-06-02T09:20:50.000000Z,2022-06-02T09:24:18.000000Z,208.0,168,0.6771845092188954,0.40499809734706393,936
CADC0872_156_002,CADC0872,156,2022-06-02T09:24:20.000000Z,2022-06-02T09:27:38.000000Z,198.0,161,0.4065156975398182,0.3890307010598968,938
CADC0872_157_002,CADC0872,157,2022-06-02T09:27:39.000000Z,2022-06-02T09:31:15.000000Z,216.0,217,0.4176032685277051,0.38756329189902894,940
CADC0872_158_002,CADC0872,158,2022-06-02T09:31:16.000000Z,2022-06-02T09:34:41.000000Z,205.0,206,0.4524258508728384,0.3891771238069237,943
CADC0872_159_002,CADC0872,159,2022-06-02T09:34:43.000000Z,2022-06-02T09:38:34.000000Z,231.0,201,0.3982778635536078,0.3869282572418406,944
CADC0872_160_002,CADC0872,160,2022-06-02T09:38:36.000000Z,2022-06-02T09:42:20.000000Z,224.0,225,1.0,0.4261331915731872,947
CADC0872_161_002,CADC0872,161,2022-06-02T09:42:22.000000Z,2022-06-02T09:46:17.000000Z,235.0,236,0.3926474241477191,0.3911633243909448,949
CADC0872_162_002,CADC0872,162,2022-06-02T09:46:18.000000Z,2022-06-02T09:50:34.000000Z,256.0,257,1.0,0.41281268190120907,950
CADC0872_163_002,CADC0872,163,2022-06-02T09:50:36.000000Z,2022-06-02T09:54:05.000000Z,209.0,210,1.0,0.429929202929552,953
CADC0872_164_002,CADC0872,164,2022-06-02T09:54:07.000000Z,2022-06-02T09:58:02.000000Z,235.0,236,0.3922932283813618,0.39220936017937336,955
CADC0872_165_002,CADC0872,165,2022-06-02T09:58:03.000000Z,2022-06-02T10:01:54.000000Z,231.0,232,1.0,0.4202329388675046,958
CADC0872_166_002,CADC0872,166,2022-06-02T10:01:57.000000Z,2022-06-02T10:05:48.000000Z,231.0,232,0.99,0.40826964310565994,960
CADC0872_167_002,CADC0872,167,2022-06-02T10:05:50.000000Z,2022-06-02T10:09:28.000000Z,218.0,214,0.4026349103243095,0.38936173691403386,961
CADC0872_168_002,CADC0872,168,2022-06-02T10:09:30.000000Z,2022-06-02T10:13:11.000000Z,221.0,213,0.4055956751478402,0.38581095359478257,963
CADC0872_169_002,CADC0872,169,2022-06-02T10:13:13.000000Z,2022-06-02T10:17:35.000000Z,262.0,253,0.3982778635536078,0.3841131861940212,966
CADC0872_170_002,CADC0872,170,2022-06-02T10:17:37.000000Z,2022-06-02T10:21:17.000000Z,220.0,221,1.0,0.4550445646424651,969
CADC0872_171_002,CADC0872,171,2022-06-02T10:21:19.000000Z,2022-06-02T10:26:30.000000Z,311.0,223,0.4863900000948882,0.39248294073732004,972
CADC0872_172_002,CADC0872,172,2022-06-02T10:26:33.000000Z,2022-06-02T10:30:45.000000Z,252.0,164,0.505054895292903,0.39049897887316587,976
CADC0872_173_002,CADC0872,173,2022-06-02T10:30:48.000000Z,2022-06-02T10:35:37.000000Z,289.0,211,0.4255636128097045,0.3879987287257273,979
CADC0872_174_002,CADC0872,174,2022-06-02T10:35:42.000000Z,2022-06-02T10:40:16.000000Z,274.0,276,0.9818887280118732,0.5005262503204717,982
CADC0872_175_002,CADC0872,175,2022-06-02T10:40:18.000000Z,2022-06-02T10:44:38.000000Z,260.0,203,0.3924313254788847,0.38782956996044404,985
CADC0872_176_002,CADC0872,176,2022-06-02T10:44:39.000000Z,2022-06-02T10:48:49.000000Z,250.0,250,0.9051752468558624,0.4958130655759094,988
CADC0872_177_002,CADC0872,177,2022-06-02T10:48:53.000000Z,2022-06-02T10:53:35.000000Z,282.0,185,0.4173290570318348,0.3905716069240119,990
CADC0872_178_002,CADC0872,178,2022-06-02T10:53:38.000000Z,2022-06-02T10:57:48.000000Z,250.0,161,0.3922932283813618,0.3896491884671552,993
CADC0872_179_002,CADC0872,179,2022-06-02T10:57:49.000000Z,2022-06-02T11:02:20.000000Z,271.0,272,1.0,0.5106784090303935,996
CADC0872_180_002,CADC0872,180,2022-06-02T11:02:23.000000Z,2022-06-02T11:07:34.000000Z,311.0,201,0.5009372786273829,0.39001183392510164,1000
CADC0872_181_002,CADC0872,181,2022-06-02T11:07:38.000000Z,2022-06-02T11:12:09.000000Z,271.0,175,0.4771789098595255,0.38252639293460106,1003
CADC0872_182_002,CADC0872,182,2022-06-02T11:12:12.000000Z,2022-06-02T11:19:28.000000Z,436.0,326,1.0,0.4352928153118383,1006
CADC0872_183_002,CADC0872,183,2022-06-02T11:19:30.000000Z,2022-06-02T11:24:55.000000Z,325.0,265,0.3922932283813618,0.3870549548427172,1010
CADC0872_184_002,CADC0872,184,2022-06-02T11:24:57.000000Z,2022-06-02T11:30:32.000000Z,335.0,336,1.0,0.4107797190101711,1014
CADC0872_185_002,CADC0872,185,2022-06-02T11:30:34.000000Z,2022-06-02T11:36:01.000000Z,327.0,328,0.3927554754939063,0.3922877759062616,1017
CADC0872_186_002,CADC0872,186,2022-06-02T11:36:03.000000Z,2022-06-02T11:41:10.000000Z,307.0,308,0.3922932283813618,0.39218141716161337,1021
CADC0872_187_002,CADC0872,187,2022-06-02T11:41:12.000000Z,2022-06-02T11:46:20.000000Z,308.0,309,0.3927554754939063,0.391672878186088,1024
CADC0872_188_002,CADC0872,188,2022-06-02T11:46:22.000000Z,2022-06-02T11:51:27.000000Z,305.0,306,1.0,0.40390444902189143,1027
CADC0872_189_002,CADC0872,189,2022-06-02T11:51:28.000000Z,2022-06-02T11:56:58.000000Z,330.0,316,0.8596410834386344,0.3969971731567386,1031
CADC0872_190_002,CADC0872,190,2022-06-02T11:57:00.000000Z,2022-06-02T12:04:39.000000Z,459.0,403,1.0,0.45637596398410174,1035
CADC0872_191_002,CADC0872,191,2022-06-02T12:04:43.000000Z,2022-06-02T12:09:17.000000Z,274.0,275,0.9380768554431966,0.5328580426328894,1039
CADC0872_192_002,CADC0872,192,2022-06-02T12:09:21.000000Z,2022-06-02T12:15:19.000000Z,358.0,359,0.8977306266280378,0.5070262388339054,1042
CADC0872_193_002,CADC0872,193,2022-06-02T12:15:22.000000Z,2022-06-02T12:21:22.000000Z,360.0,362,1.0,0.50929625938439,1045
CADC0872_194_002,CADC0872,194,2022-06-02T12:21:25.000000Z,2022-06-02T12:26:55.000000Z,330.0,331,1.0,0.5238183765732477,1048
CADC0872_195_002,CADC0872,195,2022-06-02T12:27:00.000000Z,2022-06-02T12:32:06.000000Z,306.0,307,1.0,0.4559602256129683,1052
CADC0872_196_002,CADC0872,196,2022-06-02T12:32:08.000000Z,2022-06-02T12:38:33.000000Z,385.0,222,0.484670148141018,0.38673467108399046,1055
CADC0872_197_002,CADC0872,197,2022-06-02T12:38:34.000000Z,2022-06-02T12:44:33.000000Z,359.0,360,1.0,0.5348758910603444,1059
CADC0872_198_002,CADC0872,198,2022-06-02T12:44:37.000000Z,2022-06-02T12:53:10.000000Z,513.0,427,1.0,0.4369055028653641,1064
CADC0872_199_002,CADC0872,199,2022-06-02T12:53:13.000000Z,2022-06-02T13:00:30.000000Z,437.0,267,0.4767236740947466,0.3869959495855744,1068
CADC0872_200_002,CADC0872,200,2022-06-02T13:00:34.000000Z,2022-06-02T13:07:38.000000Z,424.0,275,0.4027883404651686,0.3895660795251373,1072
CADC0872_201_002,CADC0872,201,2022-06-02T13:07:39.000000Z,2022-06-02T13:13:50.000000Z,371.0,372,0.9230492690201388,0.5207812253356268,1076
CADC0872_202_002,CADC0872,202,2022-06-02T13:13:54.000000Z,2022-06-02T13:19:57.000000Z,363.0,364,1.0,0.532129297872399,1080
CADC0872_203_002,CADC0872,203,2022-06-02T13:19:59.000000Z,2022-06-02T13:26:19.000000Z,380.0,328,0.398294526193107,0.39039920824359375,1084
CADC0872_204_002,CADC0872,204,2022-06-02T13:26:20.000000Z,2022-06-02T13:32:07.000000Z,347.0,348,1.0,0.4050653419806424,1088
CADC0872_205_002,CADC0872,205,2022-06-02T13:32:10.000000Z,2022-06-02T13:38:15.000000Z,365.0,366,0.7409565827743184,0.39325739729816894,1091
CADC0872_206_002,CADC0872,206,2022-06-02T13:38:17.000000Z,2022-06-02T13:43:32.000000Z,315.0,316,0.3922932283813618,0.3922789837044922,1094
CADC0872_207_002,CADC0872,207,2022-06-02T13:43:33.000000Z,2022-06-02T13:50:00.000000Z,387.0,388,0.9758017714901344,0.3961472481352951,1096
CADC0872_208_002,CADC0872,208,2022-06-02T13:50:02.000000Z,2022-06-02T13:57:35.000000Z,453.0,325,0.4411649188236756,0.38939421717439604,1100
CADC0872_209_002,CADC0872,209,2022-06-02T13:57:39.000000Z,2022-06-02T14:04:10.000000Z,391.0,351,1.0,0.42919163039980496,1104
CADC0872_210_002,CADC0872,210,2022-06-02T14:04:14.000000Z,2022-06-02T14:11:20.000000Z,426.0,264,0.4440492690201387,0.39136431965311114,1109
CADC0872_211_002,CADC0872,211,2022-06-02T14:11:23.000000Z,2022-06-02T14:16:03.000000Z,280.0,174,0.3922932283813618,0.39097443590320147,1115
CADC0872_212_002,CADC0872,212,2022-06-02T14:16:09.000000Z,2022-06-02T14:22:40.000000Z,391.0,392,1.0,0.5335243925187428,1118
CADC0872_213_002,CADC0872,213,2022-06-02T14:22:43.000000Z,2022-06-02T14:30:05.000000Z,442.0,241,0.4976741471863183,0.3868081553992738,1122
CADC0872_214_002,CADC0872,214,2022-06-02T14:30:07.000000Z,2022-06-02T14:36:45.000000Z,398.0,400,1.0,0.5223781766578535,1126
CADC0872_215_002,CADC0872,215,2022-06-02T14:36:48.000000Z,2022-06-02T14:44:51.000000Z,483.0,339,0.5649833595082372,0.3890168576194349,1129
CADC0872_216_002,CADC0872,216,2022-06-02T14:44:53.000000Z,2022-06-02T14:51:01.000000Z,368.0,292,0.4773031872656424,0.39037332920833384,1133
CADC0872_217_002,CADC0872,217,2022-06-02T14:51:03.000000Z,2022-06-02T14:56:55.000000Z,352.0,249,0.4976431955738111,0.39053247678243247,1137
CADC0872_218_002,CADC0872,218,2022-06-02T14:56:57.000000Z,2022-06-02T15:08:22.000000Z,685.0,614,0.822007169032047,0.4241658961809151,1140
CADC0872_1797_002,CADC0872,1797,2022-02-05T12:46:42.000000Z,2022-02-05T12:46:42.000000Z,0.0,1,0.3006738654847535,0.3006738654847535,529
CADC0872_1797_003,CADC0872,1797,2022-02-05T12:50:47.000000Z,2022-02-05T12:50:47.000000Z,0.0,1,0.3135689000282907,0.3135689000282907,530
CADC0872_1798_002,CADC0872,1798,2022-02-05T12:55:32.000000Z,2022-02-05T12:55:32.000000Z,0.0,1,0.3057503763816834,0.3057503763816834,531
CADC0872_1798_003,CADC0872,1798,2022-02-05T12:58:02.000000Z,2022-02-05T12:58:32.000000Z,30.0,2,0.3030707678069183,0.3025891660753166,532
CADC0872_1799_002,CADC0872,1799,2022-02-05T21:00:30.000000Z,2022-02-05T21:00:30.000000Z,0.0,1,0.3440445182971386,0.3440445182971386,533
CADC0872_1799_003,CADC0872,1799,2022-02-05T21:03:00.000000Z,2022-02-05T21:03:00.000000Z,0.0,1,0.3040445182971386,0.3040445182971386,534
CADC0872_1800_002,CADC0872,1800,2022-02-05T21:03:56.000000Z,2022-02-05T21:10:16.000000Z,380.0,61,1.0,0.49927246571551154,535
CADC0872_1800_003,CADC0872,1800,2022-02-05T21:11:41.000000Z,2022-02-05T21:17:31.000000Z,350.0,41,1.0,0.4473018678081919,536
CADC0872_1801_002,CADC0872,1801,2022-02-05T21:18:01.000000Z,2022-02-05T21:18:01.000000Z,0.0,1,0.3753780750253505,0.3753780750253505,537
CADC0872_1801_003,CADC0872,1801,2022-02-05T21:19:16.000000Z,2022-02-05T21:19:16.000000Z,0.0,1,0.30857492457793,0.30857492457793,538
CADC0872_1801_004,CADC0872,1801,2022-02-05T21:38:26.000000Z,2022-02-05T21:38:26.000000Z,0.0,1,0.3025377855341035,0.3025377855341035,539
CADC0872_1802_002,CADC0872,1802,2022-02-05T21:44:21.000000Z,2022-02-05T21:44:21.000000Z,0.0,1,0.3089800031972224,0.3089800031972224,540
CADC0872_1802_003,CADC0872,1802,2022-02-05T21:49:01.000000Z,2022-02-05T21:49:16.000000Z,15.0,2,0.30172238621011,0.30137612080235876,541
CADC0872_1803_002,CADC0872,1803,2022-02-05T21:55:16.000000Z,2022-02-05T21:55:46.000000Z,30.0,2,0.3132846482185336,0.311823187976612,542
CADC0872_1803_003,CADC0872,1803,2022-02-05T21:57:41.000000Z,2022-02-05T22:05:21.000000Z,460.0,33,1.0,0.36656087637693435,543
CADC0872_1803_004,CADC0872,1803,2022-02-05T22:09:16.000000Z,2022-02-05T22:10:06.000000Z,50.0,10,1.0,0.4804662374151265,544
CADC0872_1804_002,CADC0872,1804,2022-02-05T22:32:58.000000Z,2022-02-05T22:44:13.000000Z,675.0,121,1.0,0.5544712606606114,548
CADC0872_1804_003,CADC0872,1804,2022-02-05T22:46:23.000000Z,2022-02-05T22:47:58.000000Z,95.0,17,1.0,0.5247966053355947,549
CADC0872_1805_002,CADC0872,1805,2022-02-05T23:24:48.000000Z,2022-02-05T23:25:38.000000Z,50.0,4,0.3820849833058531,0.34883167974736085,550
CADC0872_1805_003,CADC0872,1805,2022-02-05T23:26:48.000000Z,2022-02-05T23:26:48.000000Z,0.0,1,0.3450007634800064,0.3450007634800064,551
CADC0872_1805_004,CADC0872,1805,2022-02-05T23:29:38.000000Z,2022-02-05T23:29:53.000000Z,15.0,2,0.3223133365305557,0.3171543477224952,552
CADC0872_1805_005,CADC0872,1805,2022-02-05T23:31:18.000000Z,2022-02-05T23:33:04.000000Z,106.0,13,1.0,0.43782885116663856,553
CADC0872_1806_002,CADC0872,1806,2022-02-06T00:05:14.000000Z,2022-02-06T00:05:44.000000Z,30.0,2,0.3515564603210609,0.33775832017421015,556
CADC0872_1807_002,CADC0872,1807,2022-02-06T00:12:39.000000Z,2022-02-06T00:13:34.000000Z,55.0,2,0.3065700138902363,0.3043387891169756,557
CADC0872_1808_002,CADC0872,1808,2022-02-06T00:23:44.000000Z,2022-02-06T00:24:44.000000Z,60.0,4,0.325426758917325,0.31136179670549613,558
CADC0872_1809_002,CADC0872,1809,2022-02-06T00:36:39.000000Z,2022-02-06T00:36:39.000000Z,0.0,1,0.3063990467887407,0.3063990467887407,559
CADC0872_1810_002,CADC0872,1810,2022-02-06T18:43:23.000000Z,2022-02-06T18:43:48.000000Z,25.0,5,0.6090611737820437,0.3669624990362211,566
CADC0872_1810_003,CADC0872,1810,2022-02-06T18:45:08.000000Z,2022-02-06T18:59:13.000000Z,845.0,101,1.0,0.48534961942965826,567
CADC0872_1810_004,CADC0872,1810,2022-02-06T19:00:18.000000Z,2022-02-06T19:01:28.000000Z,70.0,4,1.0,0.659046735318309,568
CADC0872_1811_002,CADC0872,1811,2022-02-06T19:02:23.000000Z,2022-02-06T19:13:53.000000Z,690.0,71,1.0,0.46624976403037915,569
CADC0872_1812_002,CADC0872,1812,2022-02-06T19:46:18.000000Z,2022-02-06T19:51:03.000000Z,285.0,20,1.0,0.8636768233142249,570
CADC0872_1812_003,CADC0872,1812,2022-02-06T19:52:23.000000Z,2022-02-06T19:53:33.000000Z,70.0,6,1.0,0.5364334445305554,571
CADC0872_1812_004,CADC0872,1812,2022-02-06T19:55:28.000000Z,2022-02-06T19:55:53.000000Z,25.0,4,1.0,0.6683959927212687,572
CADC0872_1812_005,CADC0872,1812,2022-02-06T19:56:58.000000Z,2022-02-06T19:57:18.000000Z,20.0,5,0.4494404817530772,0.39218555232810665,573
CADC0872_1813_002,CADC0872,1813,2022-02-06T19:57:28.000000Z,2022-02-06T19:57:28.000000Z,0.0,1,0.3618854819479132,0.3618854819479132,574
CADC0872_1813_003,CADC0872,1813,2022-02-06T20:00:53.000000Z,2022-02-06T20:00:53.000000Z,0.0,1,0.303154282492396,0.303154282492396,575
CADC0872_1813_004,CADC0872,1813,2022-02-06T20:02:48.000000Z,2022-02-06T20:03:48.000000Z,60.0,2,0.3196161182345954,0.3118713983167689,576
CADC0872_1814_002,CADC0872,1814,2022-02-09T23:12:27.000000Z,2022-02-09T23:12:27.000000Z,0.0,1,0.3020613118219959,0.3020613118219959,580
CADC0872_1815_002,CADC0872,1815,2022-02-09T23:26:12.000000Z,2022-02-09T23:39:47.000000Z,815.0,89,1.0,0.4110523577891514,581
CADC0872_1815_003,CADC0872,1815,2022-02-09T23:41:57.000000Z,2022-02-09T23:42:27.000000Z,30.0,3,1.0,0.765025172118715,582
CADC0872_1816_002,CADC0872,1816,2022-02-11T08:00:45.000000Z,2022-02-11T08:01:30.000000Z,45.0,2,0.3333183408226331,0.3233254031158677,587
CADC0872_1816_003,CADC0872,1816,2022-02-11T08:05:10.000000Z,2022-02-11T08:07:10.000000Z,120.0,16,0.3868572090734022,0.325722980119584,588
CADC0872_1816_004,CADC0872,1816,2022-02-11T08:08:25.000000Z,2022-02-11T08:08:25.000000Z,0.0,1,0.3105787200039145,0.3105787200039145,589
CADC0872_1816_005,CADC0872,1816,2022-02-11T08:11:15.000000Z,2022-02-11T08:11:50.000000Z,35.0,4,0.5996976812401457,0.4122531730561214,590
CADC0872_1817_002,CADC0872,1817,2022-02-11T08:12:00.000000Z,2022-02-11T08:20:45.000000Z,525.0,72,1.0,0.4225155522464729,591
CADC0872_1820_002,CADC0872,1820,2022-01-04T20:04:20.000000Z,2022-01-04T20:05:00.000000Z,40.0,3,0.64,0.5360611085443948,1
CADC0872_1821_002,CADC0872,1821,2022-01-04T20:06:10.000000Z,2022-01-04T20:06:10.000000Z,0.0,1,0.518529311052648,0.518529311052648,2
CADC0872_1823_002,CADC0872,1823,2022-01-04T20:08:15.000000Z,2022-01-04T20:09:10.000000Z,55.0,3,0.59594203021055,0.4291998556890342,3
CADC0872_1824_002,CADC0872,1824,2022-01-04T20:09:55.000000Z,2022-01-04T20:09:55.000000Z,0.0,1,0.4305492690201388,0.4305492690201388,4
CADC0872_1825_002,CADC0872,1825,2022-01-04T20:11:15.000000Z,2022-01-04T20:11:15.000000Z,0.0,1,0.4665492690201388,0.4665492690201388,5
CADC0872_1827_002,CADC0872,1827,2022-01-04T20:14:20.000000Z,2022-01-04T20:15:10.000000Z,50.0,3,0.46,0.3723212792298553,6
CADC0872_1830_002,CADC0872,1830,2022-01-04T20:19:25.000000Z,2022-01-04T20:20:00.000000Z,35.0,3,0.6600871348696716,0.44907695762686006,7
CADC0872_1840_002,CADC0872,1840,2022-01-04T20:33:55.000000Z,2022-01-04T20:33:55.000000Z,0.0,1,0.4632159356868054,0.4632159356868054,10
CADC0872_1842_002,CADC0872,1842,2022-01-04T20:37:05.000000Z,2022-01-04T20:37:50.000000Z,45.0,2,0.3075494449959245,0.3069216088125274,11
CADC0872_1843_002,CADC0872,1843,2022-01-04T20:38:30.000000Z,2022-01-04T20:38:30.000000Z,0.0,1,0.6704735114443809,0.6704735114443809,12
CADC0872_1845_002,CADC0872,1845,2022-01-04T20:42:20.000000Z,2022-01-04T20:42:20.000000Z,0.0,1,0.3291917086298263,0.3291917086298263,13
CADC0872_1851_002,CADC0872,1851,2022-01-04T20:51:35.000000Z,2022-01-04T20:51:35.000000Z,0.0,1,0.333373962619866,0.333373962619866,14
CADC0872_1852_002,CADC0872,1852,2022-01-04T20:52:30.000000Z,2022-01-04T20:52:30.000000Z,0.0,1,0.5665807915799554,0.5665807915799554,15
CADC0872_1853_002,CADC0872,1853,2022-01-04T20:53:55.000000Z,2022-01-04T20:54:55.000000Z,60.0,3,0.4999338993706851,0.42887346094873074,16
CADC0872_1856_002,CADC0872,1856,2022-01-04T20:58:35.000000Z,2022-01-04T20:58:35.000000Z,0.0,1,0.603465039629458,0.603465039629458,17
CADC0872_1860_002,CADC0872,1860,2022-01-04T21:04:50.000000Z,2022-01-04T21:04:50.000000Z,0.0,1,0.3625176989641784,0.3625176989641784,20
CADC0872_1868_002,CADC0872,1868,2022-01-04T21:17:40.000000Z,2022-01-04T21:17:40.000000Z,0.0,1,0.3130707678069183,0.3130707678069183,22
CADC0872_1872_002,CADC0872,1872,2022-01-04T21:24:15.000000Z,2022-01-04T21:24:15.000000Z,0.0,1,0.3047340165279688,0.3047340165279688,23
CADC0872_1874_002,CADC0872,1874,2022-01-04T21:26:55.000000Z,2022-01-04T21:26:55.000000Z,0.0,1,0.3078799255078144,0.3078799255078144,24
CADC0872_1875_002,CADC0872,1875,2022-01-04T21:27:35.000000Z,2022-01-04T21:27:35.000000Z,0.0,1,0.3581344061052759,0.3581344061052759,25
CADC0872_1876_002,CADC0872,1876,2022-01-04T21:29:20.000000Z,2022-01-04T21:29:20.000000Z,0.0,1,0.3065492690201388,0.3065492690201388,26
CADC0872_1877_002,CADC0872,1877,2022-01-04T21:30:40.000000Z,2022-01-04T21:30:40.000000Z,0.0,1,0.3866350427235596,0.3866350427235596,27
CADC0872_1879_002,CADC0872,1879,2022-01-04T21:33:45.000000Z,2022-01-04T21:34:40.000000Z,55.0,2,0.3891843656308451,0.36955366374852244,28
CADC0872_1880_002,CADC0872,1880,2022-01-04T21:35:30.000000Z,2022-01-04T21:35:30.000000Z,0.0,1,0.3675135547344246,0.3675135547344246,29
CADC0872_1883_002,CADC0872,1883,2022-01-04T21:40:55.000000Z,2022-01-04T21:40:55.000000Z,0.0,1,0.5427219915844556,0.5427219915844556,30
CADC0872_1884_002,CADC0872,1884,2022-01-04T21:42:20.000000Z,2022-01-04T21:42:20.000000Z,0.0,1,0.5009689131512259,0.5009689131512259,31
CADC0872_1886_002,CADC0872,1886,2022-01-04T21:44:45.000000Z,2022-01-04T21:44:45.000000Z,0.0,1,0.6827397452106149,0.6827397452106149,32
CADC0872_1891_002,CADC0872,1891,2022-01-04T21:52:35.000000Z,2022-01-04T21:52:35.000000Z,0.0,1,0.3330456615165313,0.3330456615165313,33
CADC0872_1892_002,CADC0872,1892,2022-01-04T21:55:40.000000Z,2022-01-04T21:55:40.000000Z,0.0,1,0.3134612435554139,0.3134612435554139,34
CADC0872_1893_002,CADC0872,1893,2022-01-04T21:55:55.000000Z,2022-01-04T21:55:55.000000Z,0.0,1,0.3318875675458509,0.3318875675458509,35
CADC0872_1904_002,CADC0872,1904,2022-01-04T22:13:45.000000Z,2022-01-04T22:14:20.000000Z,35.0,3,0.5100892857142857,0.4684213963556458,36
CADC0872_1905_002,CADC0872,1905,2022-01-04T22:15:55.000000Z,2022-01-04T22:15:55.000000Z,0.0,1,0.3619201353720453,0.3619201353720453,37
CADC0872_1906_002,CADC0872,1906,2022-01-04T22:17:25.000000Z,2022-01-04T22:17:30.000000Z,5.0,2,0.4346063879499525,0.37192976730091676,38
CADC0872_1913_002,CADC0872,1913,2022-01-04T22:28:50.000000Z,2022-01-04T22:29:35.000000Z,45.0,3,0.4865388631709708,0.3713536423112193,39
CADC0872_1914_002,CADC0872,1914,2022-01-04T22:30:30.000000Z,2022-01-04T22:30:30.000000Z,0.0,1,0.3590688627970087,0.3590688627970087,40
CADC0872_1915_002,CADC0872,1915,2022-01-04T22:31:25.000000Z,2022-01-04T22:31:25.000000Z,0.0,1,0.603465039629458,0.603465039629458,41
CADC0872_1916_002,CADC0872,1916,2022-01-04T22:32:55.000000Z,2022-01-04T22:33:50.000000Z,55.0,2,0.3198650953506709,0.3110816056512925,42
CADC0872_1917_002,CADC0872,1917,2022-01-04T22:34:40.000000Z,2022-01-04T22:35:00.000000Z,20.0,2,0.6805492690201388,0.49527463451006937,43
CADC0872_1918_002,CADC0872,1918,2022-01-04T22:37:05.000000Z,2022-01-04T22:37:05.000000Z,0.0,1,0.3116804528904698,0.3116804528904698,44
CADC0872_1919_002,CADC0872,1919,2022-01-04T22:37:55.000000Z,2022-01-04T22:37:55.000000Z,0.0,1,0.3795016499725198,0.3795016499725198,45
CADC0872_1923_002,CADC0872,1923,2022-01-04T22:44:25.000000Z,2022-01-04T22:45:15.000000Z,50.0,2,0.4505492690201387,0.3759836048600843,46
CADC0872_1929_002,CADC0872,1929,2022-01-04T22:54:10.000000Z,2022-01-04T22:54:10.000000Z,0.0,1,0.4305492690201388,0.4305492690201388,47
CADC0872_1933_002,CADC0872,1933,2022-01-04T23:00:50.000000Z,2022-01-04T23:01:40.000000Z,50.0,2,0.3107587524254022,0.3103119238880365,48
CADC0872_1936_002,CADC0872,1936,2022-01-26T02:11:54.000000Z,2022-01-26T02:11:54.000000Z,0.0,1,0.3367040309249009,0.3367040309249009,70
CADC0872_1936_003,CADC0872,1936,2022-01-26T02:15:44.000000Z,2022-01-26T02:15:44.000000Z,0.0,1,0.3072374674847133,0.3072374674847133,71
CADC0872_1936_004,CADC0872,1936,2022-01-26T02:19:09.000000Z,2022-01-26T02:19:09.000000Z,0.0,1,0.3085627496965567,0.3085627496965567,72
CADC0872_1937_002,CADC0872,1937,2022-01-26T02:30:29.000000Z,2022-01-26T02:30:29.000000Z,0.0,1,0.3001795097259668,0.3001795097259668,73
CADC0872_1938_002,CADC0872,1938,2022-01-26T02:31:24.000000Z,2022-01-26T02:33:34.000000Z,130.0,10,0.3996228867019863,0.3258338203343492,74
CADC0872_1938_003,CADC0872,1938,2022-01-26T02:36:14.000000Z,2022-01-26T02:37:09.000000Z,55.0,3,0.3505799969932184,0.32280387416006495,75
CADC0872_1938_004,CADC0872,1938,2022-01-26T02:39:04.000000Z,2022-01-26T02:39:04.000000Z,0.0,1,0.310158584540493,0.310158584540493,76
CADC0872_1938_005,CADC0872,1938,2022-01-26T02:40:44.000000Z,2022-01-26T02:40:44.000000Z,0.0,1,0.300730678403434,0.300730678403434,77
CADC0872_1939_002,CADC0872,1939,2022-01-26T02:48:29.000000Z,2022-01-26T02:55:49.000000Z,440.0,32,1.0,0.40151773704924976,78
CADC0872_1940_002,CADC0872,1940,2022-01-26T04:40:19.000000Z,2022-01-26T04:40:19.000000Z,0.0,1,0.3190762916139762,0.3190762916139762,84
CADC0872_1941_002,CADC0872,1941,2022-01-26T05:33:33.000000Z,2022-01-26T05:33:38.000000Z,5.0,2,0.3684264130663782,0.3470226254760283,85
CADC0872_1941_003,CADC0872,1941,2022-01-26T05:36:38.000000Z,2022-01-26T05:36:48.000000Z,10.0,2,0.3282555578581391,0.3169293123296456,86
CADC0872_1941_004,CADC0872,1941,2022-01-26T05:37:53.000000Z,2022-01-26T05:38:23.000000Z,30.0,3,0.3192470485870519,0.3155983373115138,87
CADC0872_1942_002,CADC0872,1942,2022-01-26T05:40:28.000000Z,2022-01-26T05:47:33.000000Z,425.0,45,1.0,0.36816185489841435,88
CADC0872_1942_003,CADC0872,1942,2022-01-26T05:48:48.000000Z,2022-01-26T05:49:08.000000Z,20.0,2,0.3063990467887407,0.3063990467887407,89
CADC0872_1943_002,CADC0872,1943,2022-01-26T06:08:28.000000Z,2022-01-26T06:08:33.000000Z,5.0,2,0.3300653047303705,0.32390225793449134,92
CADC0872_1943_003,CADC0872,1943,2022-01-26T06:12:53.000000Z,2022-01-26T06:14:03.000000Z,70.0,7,0.5119454991432311,0.3697833728216206,93
CADC0872_1944_002,CADC0872,1944,2022-01-26T06:18:53.000000Z,2022-01-26T06:18:53.000000Z,0.0,1,0.3183040442792233,0.3183040442792233,94
CADC0872_1944_003,CADC0872,1944,2022-01-26T06:22:13.000000Z,2022-01-26T06:22:23.000000Z,10.0,2,0.3040942112221002,0.3036339800462885,95
CADC0872_1945_002,CADC0872,1945,2022-01-26T07:04:28.000000Z,2022-01-26T07:11:09.000000Z,401.0,42,0.7783049770418128,0.4205939185268224,96
CADC0872_1946_002,CADC0872,1946,2022-01-26T07:54:41.000000Z,2022-01-26T07:58:27.000000Z,226.0,26,0.913565686775932,0.3999739156962301,98
CADC0872_1946_003,CADC0872,1946,2022-01-26T08:00:34.000000Z,2022-01-26T08:00:44.000000Z,10.0,2,0.99,0.7082200693954075,99
CADC0872_1947_002,CADC0872,1947,2022-01-26T08:45:04.000000Z,2022-01-26T08:49:10.000000Z,246.0,24,1.0,0.43529772418545937,102
CADC0872_1947_003,CADC0872,1947,2022-01-26T08:50:25.000000Z,2022-01-26T08:50:45.000000Z,20.0,5,0.3327545323948652,0.3168235683528044,103
CADC0872_1948_002,CADC0872,1948,2022-01-26T16:44:52.000000Z,2022-01-26T16:56:22.000000Z,690.0,68,1.0,0.3865242490846987,111
CADC0872_1949_002,CADC0872,1949,2022-01-26T18:52:27.000000Z,2022-01-26T18:52:57.000000Z,30.0,4,1.0,0.6641691880140895,113
CADC0872_1949_003,CADC0872,1949,2022-01-26T18:54:27.000000Z,2022-01-26T18:58:37.000000Z,250.0,12,0.3313012438052894,0.31242425354416226,114
CADC0872_1949_004,CADC0872,1949,2022-01-26T19:02:07.000000Z,2022-01-26T19:02:22.000000Z,15.0,2,0.4200911816938497,0.3756047059815459,115
CADC0872_1950_002,CADC0872,1950,2022-01-26T19:31:12.000000Z,2022-01-26T19:32:17.000000Z,65.0,12,1.0,0.44701937033753064,116
CADC0872_1950_003,CADC0872,1950,2022-01-26T19:33:22.000000Z,2022-01-26T19:37:47.000000Z,265.0,33,0.3897612494774426,0.33036372045863177,117
CADC0872_1951_002,CADC0872,1951,2022-01-26T19:53:18.000000Z,2022-01-26T19:58:27.000000Z,309.0,56,0.912615946868567,0.597658774929832,118
CADC0872_1951_003,CADC0872,1951,2022-01-26T20:00:32.000000Z,2022-01-26T20:06:47.000000Z,375.0,54,0.933565686775932,0.6128645412609204,119
CADC0872_1952_002,CADC0872,1952,2022-01-26T20:39:23.000000Z,2022-01-26T20:40:18.000000Z,55.0,9,0.7437159356868055,0.4084390375138719,120
CADC0872_1952_003,CADC0872,1952,2022-01-26T20:41:23.000000Z,2022-01-26T20:43:23.000000Z,120.0,19,0.6270187225522755,0.41064848774825274,121
CADC0872_1952_004,CADC0872,1952,2022-01-26T20:44:38.000000Z,2022-01-26T20:45:13.000000Z,35.0,6,0.85,0.4007668216337222,122
CADC0872_1952_005,CADC0872,1952,2022-01-26T20:46:28.000000Z,2022-01-26T20:46:28.000000Z,0.0,1,0.3113965575525295,0.3113965575525295,123
CADC0872_1953_002,CADC0872,1953,2022-01-26T21:28:23.000000Z,2022-01-26T21:29:38.000000Z,75.0,4,0.3475721903726121,0.3316803593990484,124
CADC0872_1953_003,CADC0872,1953,2022-01-26T21:31:03.000000Z,2022-01-26T21:34:28.000000Z,205.0,10,1.0,0.45574707109472384,125
CADC0872_1953_004,CADC0872,1953,2022-01-26T21:38:03.000000Z,2022-01-26T21:38:03.000000Z,0.0,1,0.301562114479022,0.301562114479022,126
CADC0872_1954_002,CADC0872,1954,2022-01-26T21:38:23.000000Z,2022-01-26T21:38:38.000000Z,15.0,3,0.3229605825508825,0.3161207894532059,127
CADC0872_1954_003,CADC0872,1954,2022-01-26T21:40:08.000000Z,2022-01-26T21:43:43.000000Z,215.0,7,0.3394953589144346,0.3248690805747389,128
CADC0872_1955_002,CADC0872,1955,2022-01-26T21:48:49.000000Z,2022-01-26T21:50:24.000000Z,95.0,4,0.3988918051020503,0.3297434164118582,129
CADC0872_1955_003,CADC0872,1955,2022-01-26T21:51:34.000000Z,2022-01-26T21:53:59.000000Z,145.0,8,0.322015529519575,0.3103311644438103,130
CADC0872_1955_004,CADC0872,1955,2022-01-26T21:55:34.000000Z,2022-01-26T21:55:34.000000Z,0.0,1,0.3169217563622876,0.3169217563622876,131
CADC0872_1955_005,CADC0872,1955,2022-01-26T21:56:44.000000Z,2022-01-26T21:57:09.000000Z,25.0,2,0.3505799969932184,0.3284895218909796,132
CADC0872_1956_002,CADC0872,1956,2022-01-26T22:06:24.000000Z,2022-01-26T22:06:24.000000Z,0.0,1,0.301562114479022,0.301562114479022,133
CADC0872_1956_003,CADC0872,1956,2022-01-26T22:08:49.000000Z,2022-01-26T22:12:19.000000Z,210.0,9,0.556696414332897,0.4004993294839195,134
CADC0872_1956_004,CADC0872,1956,2022-01-26T22:13:59.000000Z,2022-01-26T22:16:39.000000Z,160.0,16,1.0,0.40457387354149515,135
CADC0872_1957_002,CADC0872,1957,2022-01-27T00:42:05.000000Z,2022-01-27T00:42:20.000000Z,15.0,2,0.3652478867019861,0.3493066042255315,143
CADC0872_1957_003,CADC0872,1957,2022-01-27T00:43:35.000000Z,2022-01-27T00:44:10.000000Z,35.0,7,1.0,0.5167046826058187,144
CADC0872_1958_002,CADC0872,1958,2022-01-27T00:48:55.000000Z,2022-01-27T00:48:55.000000Z,0.0,1,0.30228275092319,0.30228275092319,145
CADC0872_1960_002,CADC0872,1960,2022-01-27T00:56:45.000000Z,2022-01-27T00:57:41.000000Z,56.0,3,0.8835656867759321,0.5042997408449361,146
CADC0872_1961_002,CADC0872,1961,2022-01-27T00:59:56.000000Z,2022-01-27T01:04:37.000000Z,281.0,31,0.99,0.6274325970208373,147
CADC0872_1962_002,CADC0872,1962,2022-01-27T02:11:17.000000Z,2022-01-27T02:14:57.000000Z,220.0,19,0.8726159468685669,0.5458074348527349,149
CADC0872_1963_002,CADC0872,1963,2022-01-27T02:15:32.000000Z,2022-01-27T02:20:33.000000Z,301.0,46,1.0,0.5811369649827871,150
CADC0872_1964_002,CADC0872,1964,2022-01-27T02:21:17.000000Z,2022-01-27T02:25:07.000000Z,230.0,21,0.8364769507295711,0.49696705132835206,153
CADC0872_1965_002,CADC0872,1965,2022-01-27T02:26:49.000000Z,2022-01-27T02:26:49.000000Z,0.0,1,0.3098286922477679,0.3098286922477679,157
CADC0872_1967_002,CADC0872,1967,2022-01-27T02:35:05.000000Z,2022-01-27T02:35:20.000000Z,15.0,4,0.7306060606060606,0.43133953496267796,160
CADC0872_1968_002,CADC0872,1968,2022-01-27T02:39:05.000000Z,2022-01-27T02:40:31.000000Z,86.0,5,0.8835656867759321,0.42206333363511445,162
CADC0872_1969_002,CADC0872,1969,2022-01-27T02:41:51.000000Z,2022-01-27T02:47:21.000000Z,330.0,38,1.0,0.4545133379274187,164
CADC0872_1970_002,CADC0872,1970,2022-01-27T05:28:13.000000Z,2022-01-27T05:28:13.000000Z,0.0,1,0.3003637249548169,0.3003637249548169,173
CADC0872_1971_002,CADC0872,1971,2022-01-27T05:32:08.000000Z,2022-01-27T05:32:08.000000Z,0.0,1,0.3100919871917978,0.3100919871917978,175
CADC0872_1972_002,CADC0872,1972,2022-01-27T06:26:09.000000Z,2022-01-27T06:29:25.000000Z,196.0,12,0.9408083307234576,0.440053479534283,177
CADC0872_1973_002,CADC0872,1973,2022-01-27T06:29:35.000000Z,2022-01-27T06:30:35.000000Z,60.0,2,0.4305492690201388,0.37563736782471013,179
CADC0872_1974_002,CADC0872,1974,2022-01-27T07:06:39.000000Z,2022-01-27T07:09:00.000000Z,141.0,9,1.0,0.513463672195328,184
CADC0872_1975_002,CADC0872,1975,2022-01-27T07:09:56.000000Z,2022-01-27T07:09:56.000000Z,0.0,1,0.3120769902872355,0.3120769902872355,185
CADC0872_1976_002,CADC0872,1976,2022-01-27T07:12:46.000000Z,2022-01-27T07:12:46.000000Z,0.0,1,0.4643349833058531,0.4643349833058531,186
CADC0872_1977_002,CADC0872,1977,2022-01-27T07:15:46.000000Z,2022-01-27T07:15:46.000000Z,0.0,1,0.4892864682008865,0.4892864682008865,187
CADC0872_1978_002,CADC0872,1978,2022-01-27T07:20:41.000000Z,2022-01-27T07:20:41.000000Z,0.0,1,0.3924430920785042,0.3924430920785042,188
CADC0872_1979_002,CADC0872,1979,2022-01-27T07:24:31.000000Z,2022-01-27T07:24:31.000000Z,0.0,1,0.3902970769288739,0.3902970769288739,189
CADC0872_1980_002,CADC0872,1980,2022-01-27T07:26:36.000000Z,2022-01-27T07:26:36.000000Z,0.0,1,0.361518009408982,0.361518009408982,190
CADC0872_1980_003,CADC0872,1980,2022-01-27T07:28:36.000000Z,2022-01-27T07:28:36.000000Z,0.0,1,0.3192827849012621,0.3192827849012621,191
CADC0872_1981_002,CADC0872,1981,2022-01-27T08:56:56.000000Z,2022-01-27T08:56:56.000000Z,0.0,1,0.3432189845534368,0.3432189845534368,204
CADC0872_1983_002,CADC0872,1983,2022-01-27T09:37:09.000000Z,2022-01-27T09:37:09.000000Z,0.0,1,0.6090611737820437,0.6090611737820437,206
CADC0872_1983_003,CADC0872,1983,2022-01-27T09:39:16.000000Z,2022-01-27T09:39:16.000000Z,0.0,1,0.3055403742400719,0.3055403742400719,207
CADC0872_1985_002,CADC0872,1985,2022-01-27T09:46:56.000000Z,2022-01-27T09:47:01.000000Z,5.0,2,0.3108893073241951,0.30952179490829557,208
CADC0872_1985_003,CADC0872,1985,2022-01-27T09:48:46.000000Z,2022-01-27T09:48:46.000000Z,0.0,1,0.330131201421235,0.330131201421235,209
CADC0872_1986_002,CADC0872,1986,2022-01-27T09:49:11.000000Z,2022-01-27T09:49:11.000000Z,0.0,1,0.331233895666114,0.331233895666114,210
CADC0872_1986_003,CADC0872,1986,2022-01-27T09:50:56.000000Z,2022-01-27T09:51:41.000000Z,45.0,4,0.3585388631709708,0.3298620079404879,211
CADC0872_1986_004,CADC0872,1986,2022-01-27T09:53:31.000000Z,2022-01-27T09:53:31.000000Z,0.0,1,0.3105932055777362,0.3105932055777362,212
CADC0872_1987_002,CADC0872,1987,2022-01-27T09:54:31.000000Z,2022-01-27T09:54:31.000000Z,0.0,1,0.3032276866489394,0.3032276866489394,213
CADC0872_1988_002,CADC0872,1988,2022-01-27T10:01:26.000000Z,2022-01-27T10:01:26.000000Z,0.0,1,0.3079525033739375,0.3079525033739375,214
CADC0872_1988_003,CADC0872,1988,2022-01-27T10:02:31.000000Z,2022-01-27T10:02:31.000000Z,0.0,1,0.3038071236275102,0.3038071236275102,215
CADC0872_1988_004,CADC0872,1988,2022-01-27T10:03:36.000000Z,2022-01-27T10:03:36.000000Z,0.0,1,0.3109363330372802,0.3109363330372802,216
CADC0872_1989_002,CADC0872,1989,2022-01-27T10:06:31.000000Z,2022-01-27T10:06:31.000000Z,0.0,1,0.3026749406468967,0.3026749406468967,217
CADC0872_1990_002,CADC0872,1990,2022-01-27T10:08:26.000000Z,2022-01-27T10:08:31.000000Z,5.0,2,0.5486286340995039,0.43545706932592443,218
CADC0872_1990_003,CADC0872,1990,2022-01-27T10:09:56.000000Z,2022-01-27T10:10:56.000000Z,60.0,5,0.4071785492589647,0.3510283994842184,219
CADC0872_1991_002,CADC0872,1991,2022-01-27T10:12:26.000000Z,2022-01-27T10:12:31.000000Z,5.0,2,0.4650492690201387,0.3857252731246411,220
CADC0872_1992_002,CADC0872,1992,2022-01-27T10:37:38.000000Z,2022-01-27T10:37:38.000000Z,0.0,1,0.3127114722471651,0.3127114722471651,228
CADC0872_1993_002,CADC0872,1993,2022-01-27T10:53:33.000000Z,2022-01-27T10:53:53.000000Z,20.0,2,0.3804103236205688,0.3462220119322571,229
CADC0872_1993_003,CADC0872,1993,2022-01-27T10:55:13.000000Z,2022-01-27T10:55:42.000000Z,29.0,4,0.3676152735527914,0.3348174992307501,230
CADC0872_1995_002,CADC0872,1995,2022-01-27T11:15:00.000000Z,2022-01-27T11:15:00.000000Z,0.0,1,0.4255016499725197,0.4255016499725197,231
CADC0872_1995_003,CADC0872,1995,2022-01-27T11:16:55.000000Z,2022-01-27T11:17:05.000000Z,10.0,2,0.3412410490335826,0.32536459407287316,232
CADC0872_1996_002,CADC0872,1996,2022-01-27T11:18:20.000000Z,2022-01-27T11:21:45.000000Z,205.0,12,1.0,0.6442870214065897,233
CADC0872_1997_002,CADC0872,1997,2022-01-27T13:07:06.000000Z,2022-01-27T13:07:31.000000Z,25.0,6,0.5070254386819468,0.45305376401877134,234
CADC0872_1997_003,CADC0872,1997,2022-01-27T13:09:31.000000Z,2022-01-27T13:12:01.000000Z,150.0,25,0.88,0.39871672482228443,235
CADC0872_1998_002,CADC0872,1998,2022-01-27T13:12:06.000000Z,2022-01-27T13:12:06.000000Z,0.0,1,0.7067476817185516,0.7067476817185516,236
CADC0872_1999_002,CADC0872,1999,2022-01-27T13:34:36.000000Z,2022-01-27T13:34:36.000000Z,0.0,1,0.3543224402933101,0.3543224402933101,237
CADC0872_1999_003,CADC0872,1999,2022-01-27T13:36:46.000000Z,2022-01-27T13:37:41.000000Z,55.0,2,0.320118610748219,0.310507759132976,238
CADC0872_2000_002,CADC0872,2000,2022-01-27T15:04:21.000000Z,2022-01-27T15:09:21.000000Z,300.0,29,1.0,0.42224312851294676,241
CADC0872_2002_002,CADC0872,2002,2022-01-27T15:20:11.000000Z,2022-01-27T15:20:11.000000Z,0.0,1,0.3030145491274182,0.3030145491274182,242
CADC0872_2004_002,CADC0872,2004,2022-01-27T16:03:13.000000Z,2022-01-27T16:03:18.000000Z,5.0,2,0.3199079695426327,0.3188939475252236,243
CADC0872_2006_002,CADC0872,2006,2022-01-27T16:12:08.000000Z,2022-01-27T16:12:08.000000Z,0.0,1,0.3965697083493771,0.3965697083493771,244
CADC0872_2007_002,CADC0872,2007,2022-01-27T16:14:38.000000Z,2022-01-27T16:17:43.000000Z,185.0,17,0.6330492690201388,0.36192027139800625,245
CADC0872_2007_003,CADC0872,2007,2022-01-27T16:19:28.000000Z,2022-01-27T16:19:28.000000Z,0.0,1,0.9413237946409834,0.9413237946409834,246
CADC0872_2008_002,CADC0872,2008,2022-01-27T16:31:48.000000Z,2022-01-27T16:35:38.000000Z,230.0,24,1.0,0.36902633742283286,247
CADC0872_2009_002,CADC0872,2009,2022-01-27T16:35:53.000000Z,2022-01-27T16:35:53.000000Z,0.0,1,0.3059222848931546,0.3059222848931546,248
CADC0872_2011_002,CADC0872,2011,2022-01-27T16:46:33.000000Z,2022-01-27T16:46:33.000000Z,0.0,1,0.3080761355801811,0.3080761355801811,250
CADC0872_2012_002,CADC0872,2012,2022-01-27T17:03:13.000000Z,2022-01-27T17:03:38.000000Z,25.0,2,0.341236779782715,0.3348909198494029,251
CADC0872_2013_002,CADC0872,2013,2022-01-27T17:14:28.000000Z,2022-01-27T17:18:18.000000Z,230.0,28,1.0,0.4618278705309456,252
CADC0872_2017_002,CADC0872,2017,2022-01-27T17:33:18.000000Z,2022-01-27T17:33:18.000000Z,0.0,1,0.3108835635554503,0.3108835635554503,253
CADC0872_2017_003,CADC0872,2017,2022-01-27T17:34:28.000000Z,2022-01-27T17:34:48.000000Z,20.0,4,0.85,0.4627899984966092,254
CADC0872_2018_002,CADC0872,2018,2022-01-27T17:35:03.000000Z,2022-01-27T17:35:03.000000Z,0.0,1,0.6336087928296626,0.6336087928296626,255
CADC0872_2018_003,CADC0872,2018,2022-01-27T17:36:53.000000Z,2022-01-27T17:37:48.000000Z,55.0,4,0.3087413128121624,0.3045744433614369,256
CADC0872_2018_004,CADC0872,2018,2022-01-27T17:38:58.000000Z,2022-01-27T17:38:58.000000Z,0.0,1,0.3261205645188543,0.3261205645188543,257
CADC0872_2020_002,CADC0872,2020,2022-01-27T17:42:58.000000Z,2022-01-27T17:42:58.000000Z,0.0,1,0.301562114479022,0.301562114479022,258
CADC0872_2020_003,CADC0872,2020,2022-01-27T17:44:53.000000Z,2022-01-27T17:44:53.000000Z,0.0,1,0.3022230736972866,0.3022230736972866,259
CADC0872_2022_002,CADC0872,2022,2022-01-27T18:07:00.000000Z,2022-01-27T18:10:50.000000Z,230.0,18,1.0,0.5436217891283561,261
CADC0872_2023_002,CADC0872,2023,2022-01-27T18:13:05.000000Z,2022-01-27T18:13:10.000000Z,5.0,2,0.3193044860331626,0.3143414903847429,262
CADC0872_2025_002,CADC0872,2025,2022-01-27T18:19:15.000000Z,2022-01-27T18:19:15.000000Z,0.0,1,0.4892864682008865,0.4892864682008865,263
CADC0872_2026_002,CADC0872,2026,2022-01-27T18:50:45.000000Z,2022-01-27T18:53:45.000000Z,180.0,29,1.0,0.4076734995253137,264
CADC0872_2027_002,CADC0872,2027,2022-01-27T18:56:15.000000Z,2022-01-27T18:56:15.000000Z,0.0,1,0.3698862102683179,0.3698862102683179,265
CADC0872_2029_002,CADC0872,2029,2022-01-27T19:04:05.000000Z,2022-01-27T19:04:05.000000Z,0.0,1,0.3003056575688467,0.3003056575688467,267
CADC0872_2032_002,CADC0872,2032,2022-01-27T19:14:00.000000Z,2022-01-27T19:14:00.000000Z,0.0,1,0.3244891069599768,0.3244891069599768,271
CADC0872_2033_002,CADC0872,2033,2022-01-27T20:26:20.000000Z,2022-01-27T20:26:20.000000Z,0.0,1,0.4060176989641783,0.4060176989641783,275
CADC0872_2033_003,CADC0872,2033,2022-01-27T20:28:10.000000Z,2022-01-27T20:28:10.000000Z,0.0,1,0.3784061948825462,0.3784061948825462,276
CADC0872_2035_002,CADC0872,2035,2022-01-27T20:33:50.000000Z,2022-01-27T20:33:50.000000Z,0.0,1,0.4470214912423611,0.4470214912423611,278
CADC0872_2035_003,CADC0872,2035,2022-01-27T20:35:50.000000Z,2022-01-27T20:35:50.000000Z,0.0,1,0.3466147051933595,0.3466147051933595,279
CADC0872_2036_002,CADC0872,2036,2022-01-27T20:37:55.000000Z,2022-01-27T20:37:55.000000Z,0.0,1,0.3040210365016603,0.3040210365016603,280
CADC0872_2036_003,CADC0872,2036,2022-01-27T20:39:30.000000Z,2022-01-27T20:40:15.000000Z,45.0,2,0.3108893073241951,0.3087596877245118,281
CADC0872_2038_002,CADC0872,2038,2022-01-27T20:47:25.000000Z,2022-01-27T20:47:25.000000Z,0.0,1,0.3218814616061247,0.3218814616061247,283
CADC0872_2040_002,CADC0872,2040,2022-01-27T20:53:16.000000Z,2022-01-27T20:53:16.000000Z,0.0,1,0.4992418320188073,0.4992418320188073,284
CADC0872_2040_003,CADC0872,2040,2022-01-27T20:55:26.000000Z,2022-01-27T20:55:36.000000Z,10.0,3,0.5061752176588454,0.4280326064569962,286
CADC0872_2041_002,CADC0872,2041,2022-01-27T20:57:26.000000Z,2022-01-27T20:58:56.000000Z,90.0,3,0.581634406105276,0.40028711556730784,287
CADC0872_2042_002,CADC0872,2042,2022-01-27T21:02:46.000000Z,2022-01-27T21:03:36.000000Z,50.0,6,0.4705821768524628,0.38271455547856364,288
CADC0872_2042_003,CADC0872,2042,2022-01-27T21:04:51.000000Z,2022-01-27T21:04:51.000000Z,0.0,1,0.4232032789105673,0.4232032789105673,289
CADC0872_2043_002,CADC0872,2043,2022-01-27T21:05:01.000000Z,2022-01-27T21:05:01.000000Z,0.0,1,0.3852119674328373,0.3852119674328373,290
CADC0872_2044_002,CADC0872,2044,2022-01-27T21:08:46.000000Z,2022-01-27T21:08:46.000000Z,0.0,1,0.5380093630085271,0.5380093630085271,291
CADC0872_2044_003,CADC0872,2044,2022-01-27T21:10:31.000000Z,2022-01-27T21:10:31.000000Z,0.0,1,0.3217608647991438,0.3217608647991438,292
CADC0872_2045_002,CADC0872,2045,2022-01-27T21:14:41.000000Z,2022-01-27T21:14:46.000000Z,5.0,2,0.3638824900706078,0.34212500573663696,294
CADC0872_2046_002,CADC0872,2046,2022-01-27T21:16:36.000000Z,2022-01-27T21:16:36.000000Z,0.0,1,0.3887159356868054,0.3887159356868054,295
CADC0872_2052_002,CADC0872,2052,2022-01-27T21:46:00.000000Z,2022-01-27T21:46:00.000000Z,0.0,1,0.3256030942929782,0.3256030942929782,300
CADC0872_2053_002,CADC0872,2053,2022-01-27T21:47:55.000000Z,2022-01-27T21:51:35.000000Z,220.0,20,1.0,0.4591961106726809,301
CADC0872_2054_002,CADC0872,2054,2022-01-27T21:53:35.000000Z,2022-01-27T21:53:35.000000Z,0.0,1,0.3130655824956778,0.3130655824956778,303
CADC0872_2055_002,CADC0872,2055,2022-01-27T21:58:15.000000Z,2022-01-27T21:58:15.000000Z,0.0,1,0.3328123062112402,0.3328123062112402,305
CADC0872_2056_002,CADC0872,2056,2022-01-27T22:00:25.000000Z,2022-01-27T22:00:25.000000Z,0.0,1,0.3167040309249008,0.3167040309249008,306
CADC0872_2057_002,CADC0872,2057,2022-01-27T22:06:05.000000Z,2022-01-27T22:06:05.000000Z,0.0,1,0.3754500977643142,0.3754500977643142,307
CADC0872_2058_002,CADC0872,2058,2022-01-27T22:12:36.000000Z,2022-01-27T22:13:31.000000Z,55.0,3,0.3211352827196766,0.3087758754935443,309
CADC0872_2058_003,CADC0872,2058,2022-01-27T22:14:51.000000Z,2022-01-27T22:15:06.000000Z,15.0,3,0.3124396925087017,0.30945511676899934,310
CADC0872_2058_004,CADC0872,2058,2022-01-27T22:16:12.000000Z,2022-01-27T22:16:42.000000Z,30.0,3,0.7319472088664705,0.45979847031205295,311
CADC0872_2059_002,CADC0872,2059,2022-01-27T22:16:57.000000Z,2022-01-27T22:16:57.000000Z,0.0,1,0.3116795831504529,0.3116795831504529,312
CADC0872_2060_002,CADC0872,2060,2022-01-27T22:21:23.000000Z,2022-01-27T22:21:23.000000Z,0.0,1,0.3661683166391865,0.3661683166391865,313
CADC0872_2060_003,CADC0872,2060,2022-01-27T22:23:23.000000Z,2022-01-27T22:23:23.000000Z,0.0,1,0.3976023472015601,0.3976023472015601,314
CADC0872_2062_002,CADC0872,2062,2022-01-27T22:31:28.000000Z,2022-01-27T22:31:33.000000Z,5.0,2,0.4104325268773137,0.389662249062374,315
CADC0872_2062_003,CADC0872,2062,2022-01-27T22:33:33.000000Z,2022-01-27T22:33:33.000000Z,0.0,1,0.4499844019039279,0.4499844019039279,316
CADC0872_2063_002,CADC0872,2063,2022-01-27T22:33:43.000000Z,2022-01-27T22:33:43.000000Z,0.0,1,0.3454976197140464,0.3454976197140464,317
CADC0872_2064_002,CADC0872,2064,2022-01-27T22:39:03.000000Z,2022-01-27T22:39:23.000000Z,20.0,3,0.3062635147551169,0.30495428485483056,319
CADC0872_2065_002,CADC0872,2065,2022-01-27T22:41:23.000000Z,2022-01-27T22:41:23.000000Z,0.0,1,0.6867476817185515,0.6867476817185515,321
CADC0872_2065_003,CADC0872,2065,2022-01-27T22:43:18.000000Z,2022-01-27T22:45:28.000000Z,130.0,12,1.0,0.5436680149037072,322
CADC0872_2065_004,CADC0872,2065,2022-01-27T22:47:03.000000Z,2022-01-27T22:47:03.000000Z,0.0,1,0.4094414959682017,0.4094414959682017,324
CADC0872_2066_002,CADC0872,2066,2022-01-28T01:46:25.000000Z,2022-01-28T01:52:29.000000Z,364.0,33,0.878565686775932,0.5855593852764458,331
CADC0872_2067_002,CADC0872,2067,2022-01-28T01:54:04.000000Z,2022-01-28T01:54:25.000000Z,21.0,2,0.3526159468685672,0.3515979719308928,332
CADC0872_2067_003,CADC0872,2067,2022-01-28T01:56:35.000000Z,2022-01-28T01:56:35.000000Z,0.0,1,0.3300653047303705,0.3300653047303705,334
CADC0872_2068_002,CADC0872,2068,2022-01-28T01:56:50.000000Z,2022-01-28T01:57:20.000000Z,30.0,4,0.6867476817185515,0.4298288901516264,335
CADC0872_2068_003,CADC0872,2068,2022-01-28T02:00:35.000000Z,2022-01-28T02:00:35.000000Z,0.0,1,0.99,0.99,336
CADC0872_2069_002,CADC0872,2069,2022-01-28T12:57:55.000000Z,2022-01-28T13:02:05.000000Z,250.0,24,0.8910821031215213,0.3706890827923872,357
CADC0872_2070_002,CADC0872,2070,2022-01-28T13:18:01.000000Z,2022-01-28T13:23:17.000000Z,316.0,27,1.0,0.47148609300995203,358
CADC0872_2071_002,CADC0872,2071,2022-01-28T13:23:27.000000Z,2022-01-28T13:25:27.000000Z,120.0,11,0.6827397452106149,0.36871022541850834,359
CADC0872_2071_003,CADC0872,2071,2022-01-28T13:26:32.000000Z,2022-01-28T13:27:27.000000Z,55.0,10,1.0,0.4583066848509835,360
CADC0872_2072_002,CADC0872,2072,2022-01-28T13:47:17.000000Z,2022-01-28T13:47:52.000000Z,35.0,8,1.0,0.5436611446282599,361
CADC0872_2072_003,CADC0872,2072,2022-01-28T13:48:57.000000Z,2022-01-28T13:51:17.000000Z,140.0,13,0.3505799969932184,0.3163244068314951,362
CADC0872_2073_002,CADC0872,2073,2022-01-28T14:34:03.000000Z,2022-01-28T14:38:28.000000Z,265.0,26,1.0,0.4085677295452091,363
CADC0872_2079_002,CADC0872,2079,2022-01-29T02:10:18.000000Z,2022-01-29T02:10:18.000000Z,0.0,1,0.3161098272642391,0.3161098272642391,422
CADC0872_2081_002,CADC0872,2081,2022-01-29T02:13:18.000000Z,2022-01-29T02:13:18.000000Z,0.0,1,0.432873544267307,0.432873544267307,423
CADC0872_2082_002,CADC0872,2082,2022-01-29T02:13:58.000000Z,2022-01-29T02:13:58.000000Z,0.0,1,0.3413151420360119,0.3413151420360119,424
CADC0872_2083_002,CADC0872,2083,2022-01-29T02:16:03.000000Z,2022-01-29T02:16:03.000000Z,0.0,1,0.4426510268387544,0.4426510268387544,425
CADC0872_2084_002,CADC0872,2084,2022-01-29T02:24:23.000000Z,2022-01-29T02:25:48.000000Z,85.0,14,1.0,0.4176563238349024,427
CADC0872_2085_002,CADC0872,2085,2022-01-29T02:25:53.000000Z,2022-01-29T02:26:38.000000Z,45.0,2,0.3241390872922732,0.31262709132147204,428
CADC0872_2087_002,CADC0872,2087,2022-01-29T02:33:43.000000Z,2022-01-29T02:33:43.000000Z,0.0,1,0.3038671332073759,0.3038671332073759,431
CADC0872_2090_002,CADC0872,2090,2022-01-29T02:37:13.000000Z,2022-01-29T02:37:53.000000Z,40.0,3,1.0,0.7644703480953504,432
CADC0872_2094_002,CADC0872,2094,2022-01-29T02:42:38.000000Z,2022-01-29T02:42:38.000000Z,0.0,1,0.6444659356868055,0.6444659356868055,434
CADC0872_2102_002,CADC0872,2102,2022-01-29T03:01:03.000000Z,2022-01-29T03:02:48.000000Z,105.0,14,0.792600416599795,0.557101871137056,435
CADC0872_2103_002,CADC0872,2103,2022-01-29T03:03:38.000000Z,2022-01-29T03:04:18.000000Z,40.0,3,1.0,0.8648259468162367,436
CADC0872_2105_002,CADC0872,2105,2022-01-29T04:27:03.000000Z,2022-01-29T04:27:03.000000Z,0.0,1,0.3296706509062266,0.3296706509062266,441
CADC0872_2106_002,CADC0872,2106,2022-01-29T04:28:28.000000Z,2022-01-29T04:29:45.000000Z,77.0,15,1.0,0.5606810325652583,442
CADC0872_2108_002,CADC0872,2108,2022-01-29T04:31:35.000000Z,2022-01-29T04:31:35.000000Z,0.0,1,0.4743538748832867,0.4743538748832867,443
CADC0872_2109_002,CADC0872,2109,2022-01-29T04:32:40.000000Z,2022-01-29T04:32:40.000000Z,0.0,1,0.3545849833058532,0.3545849833058532,444
CADC0872_2110_002,CADC0872,2110,2022-01-29T11:00:47.000000Z,2022-01-29T11:00:47.000000Z,0.0,1,0.400239745210615,0.400239745210615,467
CADC0872_2111_002,CADC0872,2111,2022-01-29T11:04:02.000000Z,2022-01-29T11:04:17.000000Z,15.0,3,0.451518009408982,0.37881182631329874,468
CADC0872_2111_003,CADC0872,2111,2022-01-29T11:06:12.000000Z,2022-01-29T11:06:12.000000Z,0.0,1,0.3167955847102018,0.3167955847102018,469
CADC0872_2112_002,CADC0872,2112,2022-01-29T11:08:17.000000Z,2022-01-29T11:08:17.000000Z,0.0,1,0.30516794070003,0.30516794070003,470
CADC0872_2114_002,CADC0872,2114,2022-01-29T11:13:32.000000Z,2022-01-29T11:13:47.000000Z,15.0,2,0.320118610748219,0.3123703015912867,472
CADC0872_2115_002,CADC0872,2115,2022-01-29T11:14:42.000000Z,2022-01-29T11:17:27.000000Z,165.0,25,1.0,0.48529538090408425,473
CADC0872_2116_002,CADC0872,2116,2022-01-29T11:17:42.000000Z,2022-01-29T11:19:17.000000Z,95.0,4,0.7093776354058974,0.44178975543244314,474
CADC0872_2118_002,CADC0872,2118,2022-01-29T12:27:52.000000Z,2022-01-29T12:28:52.000000Z,60.0,3,0.4907159356868054,0.37575934546656087,490
CADC0872_2119_002,CADC0872,2119,2022-01-29T12:30:57.000000Z,2022-01-29T12:31:12.000000Z,15.0,2,0.3411062501503394,0.3298964141210129,491
CADC0872_2119_003,CADC0872,2119,2022-01-29T12:32:42.000000Z,2022-01-29T12:33:07.000000Z,25.0,2,0.4881943972262255,0.3977277167822133,492
CADC0872_2120_002,CADC0872,2120,2022-01-29T12:33:27.000000Z,2022-01-29T12:33:37.000000Z,10.0,2,0.34555701874445,0.3246861244078094,493
CADC0872_2120_003,CADC0872,2120,2022-01-29T12:36:02.000000Z,2022-01-29T12:36:02.000000Z,0.0,1,0.4208452383683271,0.4208452383683271,494
CADC0872_2122_002,CADC0872,2122,2022-01-29T12:40:22.000000Z,2022-01-29T12:40:22.000000Z,0.0,1,0.3667056939218871,0.3667056939218871,496
CADC0872_2123_002,CADC0872,2123,2022-01-29T12:41:57.000000Z,2022-01-29T12:44:17.000000Z,140.0,13,1.0,0.44883128986617327,497
CADC0873_443_002,CADC0873,443,2022-06-01T23:44:02.000000Z,2022-06-01T23:48:51.000000Z,289.0,289,0.993809113789906,0.4293207131170512,594
CADC0873_444_002,CADC0873,444,2022-06-01T23:48:56.000000Z,2022-06-01T23:57:16.000000Z,500.0,446,1.0,0.43985272001401143,598
CADC0873_445_002,CADC0873,445,2022-06-01T23:57:19.000000Z,2022-06-02T00:01:31.000000Z,252.0,189,0.4323505315396884,0.3619542114359689,603
CADC0873_446_002,CADC0873,446,2022-06-02T00:01:33.000000Z,2022-06-02T00:06:37.000000Z,304.0,306,1.0,0.45559409370359755,606
CADC0873_447_002,CADC0873,447,2022-06-02T00:06:40.000000Z,2022-06-02T00:11:03.000000Z,263.0,264,1.0,0.4839488157959724,610
CADC0873_448_002,CADC0873,448,2022-06-02T00:11:05.000000Z,2022-06-02T00:15:16.000000Z,251.0,167,0.416261262490222,0.3658655799829687,614
CADC0873_449_002,CADC0873,449,2022-06-02T00:15:18.000000Z,2022-06-02T00:19:41.000000Z,263.0,205,0.7051004453940228,0.37916532253868307,616
CADC0873_450_002,CADC0873,450,2022-06-02T00:19:44.000000Z,2022-06-02T00:27:56.000000Z,492.0,462,1.0,0.4184389764648451,619
CADC0873_451_002,CADC0873,451,2022-06-02T00:28:00.000000Z,2022-06-02T00:32:28.000000Z,268.0,269,1.0,0.46545642207020566,624
CADC0873_452_002,CADC0873,452,2022-06-02T00:32:35.000000Z,2022-06-02T00:36:49.000000Z,254.0,240,0.7430774100377852,0.39640483618385064,626
CADC0873_453_002,CADC0873,453,2022-06-02T00:36:54.000000Z,2022-06-02T00:45:39.000000Z,525.0,526,0.7090854423171984,0.4527351119940831,629
CADC0873_454_002,CADC0873,454,2022-06-02T00:45:41.000000Z,2022-06-02T00:50:31.000000Z,290.0,172,0.3827072355989487,0.36879782185552396,634
CADC0873_455_002,CADC0873,455,2022-06-02T00:50:35.000000Z,2022-06-02T00:54:19.000000Z,224.0,197,0.4004723750478308,0.3686972504522023,638
CADC0873_456_002,CADC0873,456,2022-06-02T00:54:27.000000Z,2022-06-02T00:58:10.000000Z,223.0,218,0.3724512454495211,0.37068447104625407,641
CADC0873_457_002,CADC0873,457,2022-06-02T00:58:11.000000Z,2022-06-02T01:02:01.000000Z,230.0,231,1.0,0.40539316272514514,643
CADC0873_458_002,CADC0873,458,2022-06-02T01:02:08.000000Z,2022-06-02T01:05:41.000000Z,213.0,213,0.5785667243662154,0.3719390898697564,645
CADC0873_459_002,CADC0873,459,2022-06-02T01:05:46.000000Z,2022-06-02T01:09:09.000000Z,203.0,204,0.3787041960841213,0.371838546186847,648
CADC0873_460_002,CADC0873,460,2022-06-02T01:09:11.000000Z,2022-06-02T01:13:25.000000Z,254.0,253,0.3724512454495211,0.37202448535973087,650
CADC0873_461_002,CADC0873,461,2022-06-02T01:13:27.000000Z,2022-06-02T01:17:10.000000Z,223.0,224,0.3724512454495211,0.37231451796345766,655
CADC0873_462_002,CADC0873,462,2022-06-02T01:17:12.000000Z,2022-06-02T01:20:46.000000Z,214.0,212,0.3724512454495211,0.37243370718109114,657
CADC0873_463_002,CADC0873,463,2022-06-02T01:20:49.000000Z,2022-06-02T01:24:10.000000Z,201.0,202,0.98,0.3862527477676622,660
CADC0873_464_002,CADC0873,464,2022-06-02T01:24:13.000000Z,2022-06-02T01:29:04.000000Z,291.0,292,1.0,0.4018434309869628,662
CADC0873_465_002,CADC0873,465,2022-06-02T01:29:09.000000Z,2022-06-02T01:33:06.000000Z,237.0,238,1.0,0.41181872324762675,665
CADC0873_466_002,CADC0873,466,2022-06-02T01:33:11.000000Z,2022-06-02T01:36:38.000000Z,207.0,205,1.0,0.40672835204662167,668
CADC0873_467_002,CADC0873,467,2022-06-02T01:36:42.000000Z,2022-06-02T01:40:29.000000Z,227.0,228,1.0,0.4460790047412165,670
CADC0873_468_002,CADC0873,468,2022-06-02T01:40:32.000000Z,2022-06-02T01:43:55.000000Z,203.0,204,1.0,0.38604686575725694,672
CADC0873_469_002,CADC0873,469,2022-06-02T01:43:56.000000Z,2022-06-02T01:47:25.000000Z,209.0,195,0.3865702563523815,0.3675280067976766,677
CADC0873_470_002,CADC0873,470,2022-06-02T01:47:27.000000Z,2022-06-02T01:50:50.000000Z,203.0,195,0.387364373246154,0.3675230016387652,679
CADC0873_471_002,CADC0873,471,2022-06-02T01:51:05.000000Z,2022-06-02T01:53:56.000000Z,171.0,170,0.3724512454495211,0.37127037389523254,682
CADC0873_472_002,CADC0873,472,2022-06-02T01:54:01.000000Z,2022-06-02T01:57:26.000000Z,205.0,199,0.3724512454495211,0.37103213742434715,684
CADC0873_473_002,CADC0873,473,2022-06-02T01:57:34.000000Z,2022-06-02T02:01:19.000000Z,225.0,226,1.0,0.4695594305377054,686
CADC0873_474_002,CADC0873,474,2022-06-02T02:01:26.000000Z,2022-06-02T02:04:21.000000Z,175.0,176,1.0,0.44082900621965493,689
CADC0873_475_002,CADC0873,475,2022-06-02T02:04:27.000000Z,2022-06-02T02:07:43.000000Z,196.0,197,1.0,0.4260562070472712,691
CADC0873_476_002,CADC0873,476,2022-06-02T02:07:48.000000Z,2022-06-02T02:11:16.000000Z,208.0,185,0.71,0.38474388299447465,693
CADC0873_477_002,CADC0873,477,2022-06-02T02:11:20.000000Z,2022-06-02T02:15:09.000000Z,229.0,183,0.4516589777775655,0.3722321753660682,696
CADC0873_478_002,CADC0873,478,2022-06-02T02:15:13.000000Z,2022-06-02T02:18:08.000000Z,175.0,168,0.6745045486110648,0.4022678696505166,699
CADC0873_479_002,CADC0873,479,2022-06-02T02:18:13.000000Z,2022-06-02T02:21:54.000000Z,221.0,142,0.3914212592638631,0.36701551185219,701
CADC0873_480_002,CADC0873,480,2022-06-02T02:22:09.000000Z,2022-06-02T02:25:16.000000Z,187.0,121,0.3912816848492514,0.36704153327119965,704
CADC0873_481_002,CADC0873,481,2022-06-02T02:25:18.000000Z,2022-06-02T02:28:40.000000Z,202.0,106,0.3829078208160091,0.3676488192025881,705
CADC0873_482_002,CADC0873,482,2022-06-02T02:28:43.000000Z,2022-06-02T02:32:00.000000Z,197.0,120,0.3989140409612268,0.3676940071537996,707
CADC0873_483_002,CADC0873,483,2022-06-02T02:32:03.000000Z,2022-06-02T02:35:16.000000Z,193.0,120,0.4450424984127378,0.3713011933657916,708
CADC0873_484_002,CADC0873,484,2022-06-02T02:35:18.000000Z,2022-06-02T02:38:16.000000Z,178.0,180,0.7623444086463061,0.4431083176336428,711
CADC0873_485_002,CADC0873,485,2022-06-02T02:38:19.000000Z,2022-06-02T02:41:39.000000Z,200.0,152,0.4059180167874808,0.3696158959736288,713
CADC0873_486_002,CADC0873,486,2022-06-02T02:41:40.000000Z,2022-06-02T02:44:41.000000Z,181.0,159,0.4184627351054825,0.36830003985190474,714
CADC0873_487_002,CADC0873,487,2022-06-02T02:44:46.000000Z,2022-06-02T02:47:56.000000Z,190.0,164,0.4328209253763242,0.3681192052896774,717
CADC0873_488_002,CADC0873,488,2022-06-02T02:48:05.000000Z,2022-06-02T02:51:20.000000Z,195.0,146,0.3724512454495211,0.3707948563690871,719
CADC0873_489_002,CADC0873,489,2022-06-02T02:51:25.000000Z,2022-06-02T02:54:39.000000Z,194.0,179,0.3724512454495211,0.371061502811888,720
CADC0873_490_002,CADC0873,490,2022-06-02T02:54:41.000000Z,2022-06-02T02:57:41.000000Z,180.0,180,0.3724512454495211,0.3723609384182827,723
CADC0873_491_002,CADC0873,491,2022-06-02T02:57:43.000000Z,2022-06-02T03:01:03.000000Z,200.0,199,0.3724512454495211,0.37228177408366536,725
CADC0873_492_002,CADC0873,492,2022-06-02T03:01:05.000000Z,2022-06-02T03:04:57.000000Z,232.0,223,0.4035082246134008,0.370248966883404,728
CADC0873_493_002,CADC0873,493,2022-06-02T03:04:59.000000Z,2022-06-02T03:07:43.000000Z,164.0,165,0.3724512454495211,0.3724287114319021,731
CADC0873_494_002,CADC0873,494,2022-06-02T03:07:45.000000Z,2022-06-02T03:11:16.000000Z,211.0,182,0.4932649859811441,0.3703865379800525,733
CADC0873_495_002,CADC0873,495,2022-06-02T03:11:17.000000Z,2022-06-02T03:14:37.000000Z,200.0,191,1.0,0.4511679898914443,735
CADC0873_496_002,CADC0873,496,2022-06-02T03:14:39.000000Z,2022-06-02T03:17:36.000000Z,177.0,174,0.3767172095551951,0.36840266106918185,738
CADC0873_497_002,CADC0873,497,2022-06-02T03:17:38.000000Z,2022-06-02T03:20:44.000000Z,186.0,184,0.3787626352091868,0.3682093719537257,741
CADC0873_498_002,CADC0873,498,2022-06-02T03:20:49.000000Z,2022-06-02T03:23:55.000000Z,186.0,182,0.9438091137899058,0.39386829915862914,743
CADC0873_499_002,CADC0873,499,2022-06-02T03:24:02.000000Z,2022-06-02T03:26:53.000000Z,171.0,163,0.3724512454495211,0.3707441270453488,747
CADC0873_500_002,CADC0873,500,2022-06-02T03:26:56.000000Z,2022-06-02T03:30:01.000000Z,185.0,184,0.378602032116657,0.37217743065427245,749
CADC0873_501_002,CADC0873,501,2022-06-02T03:30:05.000000Z,2022-06-02T03:33:15.000000Z,190.0,191,1.0,0.39539857860764827,751
CADC0873_502_002,CADC0873,502,2022-06-02T03:33:17.000000Z,2022-06-02T03:36:02.000000Z,165.0,166,1.0,0.4498968495445613,753
CADC0873_503_002,CADC0873,503,2022-06-02T03:36:04.000000Z,2022-06-02T03:39:15.000000Z,191.0,192,0.3724512454495211,0.3724512454495211,755
CADC0873_504_002,CADC0873,504,2022-06-02T03:39:16.000000Z,2022-06-02T03:42:28.000000Z,192.0,193,1.0,0.4070796797959463,757
CADC0873_505_002,CADC0873,505,2022-06-02T03:42:30.000000Z,2022-06-02T03:45:31.000000Z,181.0,182,0.3724512454495211,0.372451245449521,760
CADC0873_506_002,CADC0873,506,2022-06-02T03:45:32.000000Z,2022-06-02T03:48:29.000000Z,177.0,178,0.9813814324797576,0.4476069539244827,762
CADC0873_507_002,CADC0873,507,2022-06-02T03:48:31.000000Z,2022-06-02T03:51:56.000000Z,205.0,125,0.3902196369031837,0.37147930624933057,764
CADC0873_508_002,CADC0873,508,2022-06-02T03:51:59.000000Z,2022-06-02T03:54:51.000000Z,172.0,122,0.3966993979282949,0.36440667633329926,766
CADC0873_509_002,CADC0873,509,2022-06-02T03:54:54.000000Z,2022-06-02T03:58:11.000000Z,197.0,107,0.41647423781584,0.36680896771045407,769
CADC0873_510_002,CADC0873,510,2022-06-02T03:58:15.000000Z,2022-06-02T04:01:24.000000Z,189.0,93,0.3751135577101733,0.3667615994288381,771
CADC0873_511_002,CADC0873,511,2022-06-02T04:01:26.000000Z,2022-06-02T04:04:23.000000Z,177.0,110,0.3767172095551951,0.36786251966389594,772
CADC0873_512_002,CADC0873,512,2022-06-02T04:04:25.000000Z,2022-06-02T04:07:26.000000Z,181.0,116,0.3724512454495211,0.36996453444877175,774
CADC0873_513_002,CADC0873,513,2022-06-02T04:07:29.000000Z,2022-06-02T04:10:31.000000Z,182.0,118,0.3724512454495211,0.3719697503703467,776
CADC0873_514_002,CADC0873,514,2022-06-02T04:10:33.000000Z,2022-06-02T04:13:23.000000Z,170.0,172,0.9681735607681736,0.4533027302309745,778
CADC0873_515_002,CADC0873,515,2022-06-02T04:13:25.000000Z,2022-06-02T04:16:30.000000Z,185.0,149,0.3884651614373671,0.3683772179050684,780
CADC0873_516_002,CADC0873,516,2022-06-02T04:16:32.000000Z,2022-06-02T04:19:36.000000Z,184.0,185,0.3724512454495211,0.3724512454495211,782
CADC0873_517_002,CADC0873,517,2022-06-02T04:19:37.000000Z,2022-06-02T04:22:18.000000Z,161.0,162,1.0,0.3930515711193137,785
CADC0873_518_002,CADC0873,518,2022-06-02T04:22:23.000000Z,2022-06-02T04:25:33.000000Z,190.0,191,1.0,0.3835120598801497,786
CADC0873_519_002,CADC0873,519,2022-06-02T04:25:35.000000Z,2022-06-02T04:28:39.000000Z,184.0,185,0.3724512454495211,0.3724512454495211,788
CADC0873_520_002,CADC0873,520,2022-06-02T04:28:41.000000Z,2022-06-02T04:31:47.000000Z,186.0,186,0.3749419997312514,0.3722446060318344,789
CADC0873_521_002,CADC0873,521,2022-06-02T04:31:48.000000Z,2022-06-02T04:34:43.000000Z,175.0,175,0.3724512454495211,0.3716576832072485,792
CADC0873_522_002,CADC0873,522,2022-06-02T04:34:45.000000Z,2022-06-02T04:38:06.000000Z,201.0,199,0.5810473562710063,0.37397239163882345,793
CADC0873_523_002,CADC0873,523,2022-06-02T04:38:07.000000Z,2022-06-02T04:40:53.000000Z,166.0,166,0.3787041960841213,0.3720294796216311,795
CADC0873_524_002,CADC0873,524,2022-06-02T04:40:55.000000Z,2022-06-02T04:44:09.000000Z,194.0,194,1.0,0.4270468443395846,796
CADC0873_525_002,CADC0873,525,2022-06-02T04:44:11.000000Z,2022-06-02T04:47:15.000000Z,184.0,175,0.8505714492116782,0.4003451474885553,799
CADC0873_526_002,CADC0873,526,2022-06-02T04:47:17.000000Z,2022-06-02T04:50:06.000000Z,169.0,170,1.0,0.41196392730593523,800
CADC0873_527_002,CADC0873,527,2022-06-02T04:50:08.000000Z,2022-06-02T04:53:08.000000Z,180.0,168,0.3865702563523815,0.36788212099740386,802
CADC0873_528_002,CADC0873,528,2022-06-02T04:53:23.000000Z,2022-06-02T04:56:05.000000Z,162.0,124,0.3724855424746822,0.36962624801170557,805
CADC0873_529_002,CADC0873,529,2022-06-02T04:56:08.000000Z,2022-06-02T04:59:04.000000Z,176.0,128,0.7185731510366873,0.37502348418646414,807
CADC0873_530_002,CADC0873,530,2022-06-02T04:59:08.000000Z,2022-06-02T05:01:58.000000Z,170.0,112,0.3724512454495211,0.3690367626734171,808
CADC0873_531_002,CADC0873,531,2022-06-02T05:01:59.000000Z,2022-06-02T05:04:55.000000Z,176.0,118,0.3929317688606142,0.36897704789498365,811
CADC0873_532_002,CADC0873,532,2022-06-02T05:04:58.000000Z,2022-06-02T05:07:38.000000Z,160.0,135,0.4707463535817311,0.36785037189747916,813
CADC0873_533_002,CADC0873,533,2022-06-02T05:07:40.000000Z,2022-06-02T05:10:39.000000Z,179.0,153,0.6049391613414832,0.37826836324783825,815
CADC0873_534_002,CADC0873,534,2022-06-02T05:10:40.000000Z,2022-06-02T05:13:38.000000Z,178.0,179,1.0,0.4826003870072722,816
CADC0873_535_002,CADC0873,535,2022-06-02T05:13:40.000000Z,2022-06-02T05:16:37.000000Z,177.0,153,0.6878475849194311,0.3880402545098965,818
CADC0873_536_002,CADC0873,536,2022-06-02T05:16:39.000000Z,2022-06-02T05:19:30.000000Z,171.0,126,0.4235137370651552,0.36730134446511886,819
CADC0873_537_002,CADC0873,537,2022-06-02T05:19:32.000000Z,2022-06-02T05:22:35.000000Z,183.0,142,0.6656976293516464,0.38828000745816754,821
CADC0873_538_002,CADC0873,538,2022-06-02T05:22:38.000000Z,2022-06-02T05:25:28.000000Z,170.0,107,0.4135004654333262,0.3721124541626703,823
CADC0873_539_002,CADC0873,539,2022-06-02T05:25:30.000000Z,2022-06-02T05:28:32.000000Z,182.0,183,1.0,0.4828338953978194,825
CADC0873_540_002,CADC0873,540,2022-06-02T05:28:34.000000Z,2022-06-02T05:31:35.000000Z,181.0,90,0.3724512454495211,0.3677137555959672,827
CADC0873_541_002,CADC0873,541,2022-06-02T05:31:37.000000Z,2022-06-02T05:34:25.000000Z,168.0,170,0.993809113789906,0.5121191324503298,828
CADC0873_542_002,CADC0873,542,2022-06-02T05:34:43.000000Z,2022-06-02T05:37:24.000000Z,161.0,97,0.3724512454495211,0.368573893604552,830
CADC0873_543_002,CADC0873,543,2022-06-02T05:37:31.000000Z,2022-06-02T05:40:27.000000Z,176.0,152,1.0,0.4388489354483484,832
CADC0873_544_002,CADC0873,544,2022-06-02T05:40:29.000000Z,2022-06-02T05:43:20.000000Z,171.0,130,0.4199593099560154,0.3689819318593585,834
CADC0873_545_002,CADC0873,545,2022-06-02T05:43:24.000000Z,2022-06-02T05:46:15.000000Z,171.0,132,0.3891108858826262,0.3679128026180649,835
CADC0873_546_002,CADC0873,546,2022-06-02T05:46:17.000000Z,2022-06-02T05:49:07.000000Z,170.0,160,0.5813710534740909,0.3786044688098544,837
CADC0873_547_002,CADC0873,547,2022-06-02T05:49:09.000000Z,2022-06-02T05:51:48.000000Z,159.0,157,0.6113807611400722,0.3837210226084089,839
CADC0873_548_002,CADC0873,548,2022-06-02T05:51:49.000000Z,2022-06-02T05:54:47.000000Z,178.0,179,0.8574003274468303,0.40735151604790415,840
CADC0873_549_002,CADC0873,549,2022-06-02T05:54:50.000000Z,2022-06-02T05:57:32.000000Z,162.0,163,1.0,0.4115630119557505,842
CADC0873_550_002,CADC0873,550,2022-06-02T05:57:34.000000Z,2022-06-02T06:00:36.000000Z,182.0,178,0.6377529776275749,0.3799999907800137,844
CADC0873_551_002,CADC0873,551,2022-06-02T06:00:38.000000Z,2022-06-02T06:03:36.000000Z,178.0,168,0.413700622253476,0.3698296340012683,846
CADC0873_552_002,CADC0873,552,2022-06-02T06:03:38.000000Z,2022-06-02T06:06:36.000000Z,178.0,154,0.4014674724520848,0.37094719503160994,847
CADC0873_553_002,CADC0873,553,2022-06-02T06:06:38.000000Z,2022-06-02T06:09:25.000000Z,167.0,154,0.5121766090296463,0.37665735503326486,849
CADC0873_554_002,CADC0873,554,2022-06-02T06:09:28.000000Z,2022-06-02T06:12:30.000000Z,182.0,151,1.0,0.4533798586321931,850
CADC0873_555_002,CADC0873,555,2022-06-02T06:12:33.000000Z,2022-06-02T06:15:30.000000Z,177.0,115,0.3724512454495211,0.3671305187530497,853
CADC0873_556_002,CADC0873,556,2022-06-02T06:15:32.000000Z,2022-06-02T06:18:19.000000Z,167.0,142,0.654718437681534,0.3938285137276709,855
CADC0873_557_002,CADC0873,557,2022-06-02T06:18:23.000000Z,2022-06-02T06:21:20.000000Z,177.0,109,0.3955777489375056,0.3686751629765407,856
CADC0873_558_002,CADC0873,558,2022-06-02T06:21:23.000000Z,2022-06-02T06:24:13.000000Z,170.0,136,1.0,0.4693302710548802,858
CADC0873_559_002,CADC0873,559,2022-06-02T06:24:15.000000Z,2022-06-02T06:27:15.000000Z,180.0,119,0.378602032116657,0.3705275497259912,860
CADC0873_560_002,CADC0873,560,2022-06-02T06:27:18.000000Z,2022-06-02T06:30:15.000000Z,177.0,104,0.5159415310538433,0.3701232775056329,862
CADC0873_561_002,CADC0873,561,2022-06-02T06:30:18.000000Z,2022-06-02T06:33:09.000000Z,171.0,119,0.3724512454495211,0.3700482810315819,864
CADC0873_562_002,CADC0873,562,2022-06-02T06:33:12.000000Z,2022-06-02T06:36:09.000000Z,177.0,179,1.0,0.4914150139107622,867
CADC0873_563_002,CADC0873,563,2022-06-02T06:36:13.000000Z,2022-06-02T06:39:05.000000Z,172.0,109,0.4001385759613795,0.3712469065794763,868
CADC0873_564_002,CADC0873,564,2022-06-02T06:39:08.000000Z,2022-06-02T06:42:03.000000Z,175.0,145,1.0,0.3881833052063873,871
CADC0873_565_002,CADC0873,565,2022-06-02T06:42:07.000000Z,2022-06-02T06:45:04.000000Z,177.0,160,0.87,0.38314707114299057,873
CADC0873_566_002,CADC0873,566,2022-06-02T06:45:07.000000Z,2022-06-02T06:48:04.000000Z,177.0,154,0.6031143228619427,0.3757642516992876,875
CADC0873_567_002,CADC0873,567,2022-06-02T06:48:08.000000Z,2022-06-02T06:51:05.000000Z,177.0,129,0.3843037142990103,0.3679925925084621,877
CADC0873_568_002,CADC0873,568,2022-06-02T06:51:08.000000Z,2022-06-02T06:54:05.000000Z,177.0,122,0.4627999344562091,0.3703458759959043,879
CADC0873_569_002,CADC0873,569,2022-06-02T06:54:09.000000Z,2022-06-02T06:56:45.000000Z,156.0,129,0.993809113789906,0.4552869939615443,882
CADC0873_570_002,CADC0873,570,2022-06-02T06:56:50.000000Z,2022-06-02T07:00:03.000000Z,193.0,194,1.0,0.4903105750507363,883
CADC0873_571_002,CADC0873,571,2022-06-02T07:00:07.000000Z,2022-06-02T07:02:59.000000Z,172.0,173,1.0,0.5066060533459964,884
CADC0873_572_002,CADC0873,572,2022-06-02T07:03:18.000000Z,2022-06-02T07:05:50.000000Z,152.0,94,0.378602032116657,0.3673622367580171,887
CADC0873_573_002,CADC0873,573,2022-06-02T07:06:07.000000Z,2022-06-02T07:09:08.000000Z,181.0,183,1.0,0.5306487212522721,889
CADC0873_574_002,CADC0873,574,2022-06-02T07:09:10.000000Z,2022-06-02T07:12:19.000000Z,189.0,115,0.3752686987833237,0.37007729779998555,890
CADC0873_575_002,CADC0873,575,2022-06-02T07:12:23.000000Z,2022-06-02T07:15:28.000000Z,185.0,183,0.3812711080384062,0.37189692083291687,892
CADC0873_576_002,CADC0873,576,2022-06-02T07:15:30.000000Z,2022-06-02T07:18:27.000000Z,177.0,178,1.0,0.41557397318264416,893
CADC0873_577_002,CADC0873,577,2022-06-02T07:18:29.000000Z,2022-06-02T07:21:25.000000Z,176.0,177,0.3724512454495211,0.37245124544952113,895
CADC0873_578_002,CADC0873,578,2022-06-02T07:21:26.000000Z,2022-06-02T07:24:25.000000Z,179.0,180,1.0,0.4062355041068239,897
CADC0873_579_002,CADC0873,579,2022-06-02T07:24:30.000000Z,2022-06-02T07:27:21.000000Z,171.0,172,1.0,0.39790690923100713,899
CADC0873_580_002,CADC0873,580,2022-06-02T07:27:23.000000Z,2022-06-02T07:30:29.000000Z,186.0,187,0.3724512454495211,0.3724512454495211,901
CADC0873_581_002,CADC0873,581,2022-06-02T07:30:30.000000Z,2022-06-02T07:33:37.000000Z,187.0,188,0.3724512454495211,0.372351180089096,902
CADC0873_582_002,CADC0873,582,2022-06-02T08:24:15.000000Z,2022-06-02T08:27:24.000000Z,189.0,144,0.493620141044602,0.3755980916965734,904
CADC0873_583_002,CADC0873,583,2022-06-02T08:27:25.000000Z,2022-06-02T08:30:38.000000Z,193.0,194,1.0,0.4722469676819273,906
CADC0873_584_002,CADC0873,584,2022-06-02T08:30:40.000000Z,2022-06-02T08:33:50.000000Z,190.0,108,0.3769429024448286,0.3690799745371598,908
CADC0873_585_002,CADC0873,585,2022-06-02T08:33:53.000000Z,2022-06-02T08:37:00.000000Z,187.0,152,1.0,0.4824567034048312,909
CADC0873_586_002,CADC0873,586,2022-06-02T08:37:14.000000Z,2022-06-02T08:40:15.000000Z,181.0,104,0.3724512454495211,0.3682745845894104,912
CADC0873_587_002,CADC0873,587,2022-06-02T08:40:25.000000Z,2022-06-02T08:43:39.000000Z,194.0,195,1.0,0.47719845017540385,914
CADC0873_588_002,CADC0873,588,2022-06-02T08:43:40.000000Z,2022-06-02T08:47:15.000000Z,215.0,139,0.4828743143325634,0.36985525125675983,915
CADC0873_589_002,CADC0873,589,2022-06-02T08:47:18.000000Z,2022-06-02T08:50:39.000000Z,201.0,170,0.4720005871265206,0.3718418935047025,918
CADC0873_590_002,CADC0873,590,2022-06-02T08:50:42.000000Z,2022-06-02T08:54:04.000000Z,202.0,191,1.0,0.4394614946766989,920
CADC0873_591_002,CADC0873,591,2022-06-02T08:54:07.000000Z,2022-06-02T08:57:35.000000Z,208.0,198,0.6424341440645371,0.38860505111168264,922
CADC0873_592_002,CADC0873,592,2022-06-02T08:57:37.000000Z,2022-06-02T09:00:50.000000Z,193.0,195,1.0,0.42116545043464504,924
CADC0873_593_002,CADC0873,593,2022-06-02T09:00:55.000000Z,2022-06-02T09:04:19.000000Z,204.0,205,1.0,0.4305571564488838,926
CADC0873_594_002,CADC0873,594,2022-06-02T09:04:21.000000Z,2022-06-02T09:07:50.000000Z,209.0,209,0.6630895687048879,0.38811072679116326,928
CADC0873_595_002,CADC0873,595,2022-06-02T09:07:51.000000Z,2022-06-02T09:11:21.000000Z,210.0,211,0.93,0.4155181946901463,929
CADC0873_596_002,CADC0873,596,2022-06-02T09:11:23.000000Z,2022-06-02T09:14:45.000000Z,202.0,186,0.4024521707710988,0.36960943606342056,931
CADC0873_597_002,CADC0873,597,2022-06-02T09:14:48.000000Z,2022-06-02T09:18:20.000000Z,212.0,180,0.3724512454495211,0.3718228292792285,933
CADC0873_598_002,CADC0873,598,2022-06-02T09:18:23.000000Z,2022-06-02T09:21:40.000000Z,197.0,150,0.4911247910212079,0.366747170018686,934
CADC0873_599_002,CADC0873,599,2022-06-02T09:21:44.000000Z,2022-06-02T09:25:06.000000Z,202.0,148,0.3769429024448286,0.3683512826965273,936
CADC0873_600_002,CADC0873,600,2022-06-02T09:25:08.000000Z,2022-06-02T09:28:34.000000Z,206.0,185,0.6680505971237989,0.3899981940438855,939
CADC0873_601_002,CADC0873,601,2022-06-02T09:28:36.000000Z,2022-06-02T09:32:13.000000Z,217.0,218,0.3752686987833237,0.36918136092501636,941
CADC0873_602_002,CADC0873,602,2022-06-02T09:32:15.000000Z,2022-06-02T09:35:38.000000Z,203.0,203,0.4160035074273676,0.37074854632909693,943
CADC0873_603_002,CADC0873,603,2022-06-02T09:35:41.000000Z,2022-06-02T09:39:40.000000Z,239.0,233,0.3749694478861047,0.36338359126957803,945
CADC0873_604_002,CADC0873,604,2022-06-02T09:39:41.000000Z,2022-06-02T09:43:09.000000Z,208.0,209,1.0,0.41754260855888636,948
CADC0873_605_002,CADC0873,605,2022-06-02T09:43:11.000000Z,2022-06-02T09:47:30.000000Z,259.0,257,0.6589892286393859,0.38240290450299813,949
CADC0873_606_002,CADC0873,606,2022-06-02T09:47:32.000000Z,2022-06-02T09:51:21.000000Z,229.0,230,1.0,0.4128036627312275,951
CADC0873_607_002,CADC0873,607,2022-06-02T09:51:26.000000Z,2022-06-02T09:55:08.000000Z,222.0,223,1.0,0.3960519773419819,953
CADC0873_608_002,CADC0873,608,2022-06-02T09:55:10.000000Z,2022-06-02T09:58:59.000000Z,229.0,230,0.3724512454495211,0.372451245449521,956
CADC0873_609_002,CADC0873,609,2022-06-02T09:59:00.000000Z,2022-06-02T10:02:52.000000Z,232.0,233,1.0,0.4064480865323493,958
CADC0873_610_002,CADC0873,610,2022-06-02T10:02:56.000000Z,2022-06-02T10:06:43.000000Z,227.0,228,1.0,0.40998997285671585,960
CADC0873_611_002,CADC0873,611,2022-06-02T10:06:44.000000Z,2022-06-02T10:10:28.000000Z,224.0,221,0.8359641446487022,0.39300080771757295,962
CADC0873_612_002,CADC0873,612,2022-06-02T10:10:30.000000Z,2022-06-02T10:14:20.000000Z,230.0,227,0.3752686987833237,0.3687272343577857,964
CADC0873_613_002,CADC0873,613,2022-06-02T10:14:22.000000Z,2022-06-02T10:18:44.000000Z,262.0,259,0.3830334888173585,0.36746252567493787,967
CADC0873_614_002,CADC0873,614,2022-06-02T10:18:46.000000Z,2022-06-02T10:22:27.000000Z,221.0,217,1.0,0.41167589943803845,970
CADC0873_615_002,CADC0873,615,2022-06-02T10:22:28.000000Z,2022-06-02T10:27:47.000000Z,319.0,291,0.6345284880972875,0.3889590593533103,973
CADC0873_616_002,CADC0873,616,2022-06-02T10:27:49.000000Z,2022-06-02T10:31:50.000000Z,241.0,236,0.6500465556092263,0.3911982019612368,977
CADC0873_617_002,CADC0873,617,2022-06-02T10:31:52.000000Z,2022-06-02T10:36:50.000000Z,298.0,300,1.0,0.45269437434169985,980
CADC0873_618_002,CADC0873,618,2022-06-02T10:36:53.000000Z,2022-06-02T10:41:19.000000Z,266.0,257,0.4826451894794122,0.3688861036065999,983
CADC0873_619_002,CADC0873,619,2022-06-02T10:41:22.000000Z,2022-06-02T10:45:30.000000Z,248.0,242,0.4720558775937756,0.3672892951368414,986
CADC0873_620_002,CADC0873,620,2022-06-02T10:45:33.000000Z,2022-06-02T10:50:08.000000Z,275.0,243,0.4422586043439536,0.3678776346767653,988
CADC0873_621_002,CADC0873,621,2022-06-02T10:50:10.000000Z,2022-06-02T10:54:45.000000Z,275.0,211,0.442733389026088,0.3660102571490205,991
CADC0873_622_002,CADC0873,622,2022-06-02T10:54:49.000000Z,2022-06-02T10:58:59.000000Z,250.0,205,0.4472006564296161,0.3681060864364136,994
CADC0873_623_002,CADC0873,623,2022-06-02T10:59:02.000000Z,2022-06-02T11:03:38.000000Z,276.0,231,1.0,0.382176498516859,997
CADC0873_624_002,CADC0873,624,2022-06-02T11:03:43.000000Z,2022-06-02T11:08:40.000000Z,297.0,213,0.4166402071885251,0.36584726716579674,1001
CADC0873_625_002,CADC0873,625,2022-06-02T11:08:43.000000Z,2022-06-02T11:14:43.000000Z,360.0,278,0.4666212594364438,0.36855170395071957,1004
CADC0873_626_002,CADC0873,626,2022-06-02T11:14:45.000000Z,2022-06-02T11:20:20.000000Z,335.0,336,1.0,0.4698828753998544,1008
CADC0873_627_002,CADC0873,627,2022-06-02T11:20:25.000000Z,2022-06-02T11:26:21.000000Z,356.0,356,1.0,0.4059134143212475,1010
CADC0873_628_002,CADC0873,628,2022-06-02T11:26:22.000000Z,2022-06-02T11:31:51.000000Z,329.0,330,0.5734998371301249,0.373060483606129,1015
CADC0873_629_002,CADC0873,629,2022-06-02T11:31:53.000000Z,2022-06-02T11:37:02.000000Z,309.0,310,0.3724512454495211,0.3724512454495211,1018
CADC0873_630_002,CADC0873,630,2022-06-02T11:37:04.000000Z,2022-06-02T11:42:24.000000Z,320.0,321,0.3724512454495211,0.372451245449521,1022
CADC0873_631_002,CADC0873,631,2022-06-02T11:42:26.000000Z,2022-06-02T11:47:50.000000Z,324.0,325,0.373870933608344,0.37210991534546234,1025
CADC0873_632_002,CADC0873,632,2022-06-02T11:47:52.000000Z,2022-06-02T11:52:41.000000Z,289.0,290,0.7323444086463061,0.3730071180680846,1028
CADC0873_633_002,CADC0873,633,2022-06-02T11:52:42.000000Z,2022-06-02T11:59:12.000000Z,390.0,358,0.6752477914749389,0.3808809168652704,1032
CADC0873_634_002,CADC0873,634,2022-06-02T11:59:14.000000Z,2022-06-02T12:05:50.000000Z,396.0,395,1.0,0.4775058454947104,1036
CADC0873_635_002,CADC0873,635,2022-06-02T12:05:57.000000Z,2022-06-02T12:10:52.000000Z,295.0,297,1.0,0.46866947727627667,1040
CADC0873_636_002,CADC0873,636,2022-06-02T12:11:00.000000Z,2022-06-02T12:16:52.000000Z,352.0,310,0.4560144043917881,0.36788429335998685,1043
CADC0873_637_002,CADC0873,637,2022-06-02T12:16:57.000000Z,2022-06-02T12:23:07.000000Z,370.0,372,0.993809113789906,0.43766349387784087,1046
CADC0873_638_002,CADC0873,638,2022-06-02T12:23:18.000000Z,2022-06-02T12:27:47.000000Z,269.0,259,1.0,0.4066695934081129,1050
CADC0873_639_002,CADC0873,639,2022-06-02T12:27:58.000000Z,2022-06-02T12:33:52.000000Z,354.0,355,1.0,0.43048529429768456,1053
CADC0873_640_002,CADC0873,640,2022-06-02T12:33:54.000000Z,2022-06-02T12:40:20.000000Z,386.0,260,0.4269185830788922,0.3652177322183966,1056
CADC0873_641_002,CADC0873,641,2022-06-02T12:40:24.000000Z,2022-06-02T12:45:52.000000Z,328.0,329,1.0,0.48219423597594907,1061
CADC0873_642_002,CADC0873,642,2022-06-02T12:46:04.000000Z,2022-06-02T12:55:35.000000Z,571.0,572,1.0,0.511838891798768,1065
CADC0873_643_002,CADC0873,643,2022-06-02T12:55:39.000000Z,2022-06-02T13:02:03.000000Z,384.0,298,0.4560389000165282,0.36553312619933637,1070
CADC0873_644_002,CADC0873,644,2022-06-02T13:02:05.000000Z,2022-06-02T13:09:57.000000Z,472.0,392,0.4530678671001326,0.365143978753302,1073
CADC0873_645_002,CADC0873,645,2022-06-02T13:09:58.000000Z,2022-06-02T13:15:32.000000Z,334.0,335,1.0,0.45516586518738206,1078
CADC0873_646_002,CADC0873,646,2022-06-02T13:15:40.000000Z,2022-06-02T13:21:29.000000Z,349.0,350,1.0,0.4623878388128615,1081
CADC0873_647_002,CADC0873,647,2022-06-02T13:21:32.000000Z,2022-06-02T13:28:23.000000Z,411.0,408,0.6223683743981048,0.37642074448186663,1085
CADC0873_648_002,CADC0873,648,2022-06-02T13:28:25.000000Z,2022-06-02T13:33:09.000000Z,284.0,285,1.0,0.40896078223700927,1089
CADC0873_649_002,CADC0873,649,2022-06-02T13:33:11.000000Z,2022-06-02T13:39:35.000000Z,384.0,385,0.3724512454495211,0.37245124544952113,1092
CADC0873_650_002,CADC0873,650,2022-06-02T13:39:36.000000Z,2022-06-02T13:45:24.000000Z,348.0,349,1.0,0.3941631940676426,1095
CADC0873_651_002,CADC0873,651,2022-06-02T13:45:26.000000Z,2022-06-02T13:51:34.000000Z,368.0,360,0.396388755136278,0.3720993924757808,1097
CADC0873_652_002,CADC0873,652,2022-06-02T13:51:37.000000Z,2022-06-02T13:59:30.000000Z,473.0,399,0.459643141481224,0.3672863434560285,1101
CADC0873_653_002,CADC0873,653,2022-06-02T13:59:34.000000Z,2022-06-02T14:06:00.000000Z,386.0,387,1.0,0.4563791998624469,1106
CADC0873_654_002,CADC0873,654,2022-06-02T14:06:08.000000Z,2022-06-02T14:12:43.000000Z,395.0,293,0.4747434430926524,0.36855722573639316,1110
CADC0873_655_002,CADC0873,655,2022-06-02T14:12:52.000000Z,2022-06-02T14:18:50.000000Z,358.0,354,1.0,0.42316882529079836,1116
CADC0873_656_002,CADC0873,656,2022-06-02T14:18:59.000000Z,2022-06-02T14:24:20.000000Z,321.0,211,0.4073257524970003,0.3693771457633183,1120
CADC0873_657_002,CADC0873,657,2022-06-02T14:24:28.000000Z,2022-06-02T14:31:53.000000Z,445.0,446,1.0,0.47388763296832315,1123
CADC0873_658_002,CADC0873,658,2022-06-02T14:31:55.000000Z,2022-06-02T14:39:08.000000Z,433.0,325,0.4783488895736715,0.3672944661450235,1127
CADC0873_659_002,CADC0873,659,2022-06-02T14:39:10.000000Z,2022-06-02T14:46:31.000000Z,441.0,396,0.4661516127273349,0.3687022787736072,1130
CADC0873_660_002,CADC0873,660,2022-06-02T14:46:32.000000Z,2022-06-02T14:52:34.000000Z,362.0,319,0.4528691904269405,0.3703607229581426,1134
CADC0873_661_002,CADC0873,661,2022-06-02T14:52:35.000000Z,2022-06-02T14:59:05.000000Z,390.0,350,0.5130584201359389,0.36711963382789514,1138
CADC0873_662_002,CADC0873,662,2022-06-02T14:59:07.000000Z,2022-06-02T15:10:18.000000Z,671.0,672,1.0,0.4617798326223819,1142
CADC0873_1013_002,CADC0873,1013,2022-02-05T21:00:55.000000Z,2022-02-05T21:01:45.000000Z,50.0,5,0.4639313759014292,0.4115262926182995,533
CADC0873_1013_003,CADC0873,1013,2022-02-05T21:02:56.000000Z,2022-02-05T21:10:16.000000Z,440.0,62,1.0,0.542222696421089,534
CADC0873_1013_004,CADC0873,1013,2022-02-05T21:11:41.000000Z,2022-02-05T21:12:26.000000Z,45.0,6,1.0,0.7707687153487021,536
CADC0873_1014_002,CADC0873,1014,2022-02-05T22:13:21.000000Z,2022-02-05T22:13:21.000000Z,0.0,1,0.5348675315518007,0.5348675315518007,545
CADC0873_1014_003,CADC0873,1014,2022-02-05T22:20:52.000000Z,2022-02-05T22:20:58.000000Z,6.0,2,0.4824117995263682,0.43241179952636816,546
CADC0873_1014_004,CADC0873,1014,2022-02-05T22:22:18.000000Z,2022-02-05T22:22:18.000000Z,0.0,1,0.6199399641577061,0.6199399641577061,547
CADC0873_1015_002,CADC0873,1015,2022-02-05T23:38:09.000000Z,2022-02-05T23:39:04.000000Z,55.0,3,0.67,0.6273383724209012,554
CADC0873_1015_003,CADC0873,1015,2022-02-05T23:47:09.000000Z,2022-02-05T23:47:34.000000Z,25.0,2,1.0,0.995,555
CADC0873_1020_002,CADC0873,1020,2022-02-06T01:01:24.000000Z,2022-02-06T01:01:24.000000Z,0.0,1,0.3297947857860135,0.3297947857860135,560
CADC0873_1022_002,CADC0873,1022,2022-02-06T01:20:29.000000Z,2022-02-06T01:20:29.000000Z,0.0,1,0.4128856292532399,0.4128856292532399,561
CADC0873_1024_002,CADC0873,1024,2022-02-06T01:35:59.000000Z,2022-02-06T01:35:59.000000Z,0.0,1,0.3030404246368053,0.3030404246368053,562
CADC0873_1025_002,CADC0873,1025,2022-02-06T07:43:28.000000Z,2022-02-06T07:43:28.000000Z,0.0,1,0.4392104867436776,0.4392104867436776,563
CADC0873_1025_003,CADC0873,1025,2022-02-06T07:47:33.000000Z,2022-02-06T07:48:08.000000Z,35.0,2,0.96,0.7540434936629481,564
CADC0873_1025_004,CADC0873,1025,2022-02-06T07:50:43.000000Z,2022-02-06T07:51:13.000000Z,30.0,6,0.5182938287697832,0.4228583231178688,565
CADC0873_1028_002,CADC0873,1028,2022-02-08T02:14:41.000000Z,2022-02-08T02:14:41.000000Z,0.0,1,0.373588884527838,0.373588884527838,577
CADC0873_1029_002,CADC0873,1029,2022-02-08T02:31:06.000000Z,2022-02-08T02:31:06.000000Z,0.0,1,0.5241712005116514,0.5241712005116514,578
CADC0873_1030_002,CADC0873,1030,2022-02-08T02:49:01.000000Z,2022-02-08T02:49:01.000000Z,0.0,1,0.4515419886875607,0.4515419886875607,579
CADC0873_1034_002,CADC0873,1034,2022-02-10T08:25:09.000000Z,2022-02-10T08:25:09.000000Z,0.0,1,0.3801142275718204,0.3801142275718204,583
CADC0873_1035_002,CADC0873,1035,2022-02-10T08:29:14.000000Z,2022-02-10T08:29:14.000000Z,0.0,1,0.3084776607784795,0.3084776607784795,584
CADC0873_1036_002,CADC0873,1036,2022-02-10T08:32:54.000000Z,2022-02-10T08:32:54.000000Z,0.0,1,0.3680366817152924,0.3680366817152924,585
CADC0873_1036_003,CADC0873,1036,2022-02-10T08:34:39.000000Z,2022-02-10T08:34:59.000000Z,20.0,2,1.0,1.0,586
CADC0873_1173_002,CADC0873,1173,2022-01-26T02:10:24.000000Z,2022-01-26T02:10:24.000000Z,0.0,1,0.3756659390733621,0.3756659390733621,69
CADC0873_1176_002,CADC0873,1176,2022-01-26T03:51:39.000000Z,2022-01-26T03:51:39.000000Z,0.0,1,0.5733432307343802,0.5733432307343802,79
CADC0873_1176_003,CADC0873,1176,2022-01-26T03:56:59.000000Z,2022-01-26T03:57:09.000000Z,10.0,2,0.7796414364641961,0.5899764845342808,80
CADC0873_1177_002,CADC0873,1177,2022-01-26T04:00:19.000000Z,2022-01-26T04:00:19.000000Z,0.0,1,0.3467535140423725,0.3467535140423725,81
CADC0873_1177_003,CADC0873,1177,2022-01-26T04:02:44.000000Z,2022-01-26T04:02:59.000000Z,15.0,3,0.4242817443946495,0.3602657700300867,82
CADC0873_1178_002,CADC0873,1178,2022-01-26T04:08:49.000000Z,2022-01-26T04:08:49.000000Z,0.0,1,0.4255744278769714,0.4255744278769714,83
CADC0873_1182_002,CADC0873,1182,2022-01-26T06:02:53.000000Z,2022-01-26T06:02:53.000000Z,0.0,1,0.3026794980409268,0.3026794980409268,90
CADC0873_1182_003,CADC0873,1182,2022-01-26T06:04:08.000000Z,2022-01-26T06:04:48.000000Z,40.0,2,0.475854099279229,0.4209518531738309,91
CADC0873_1183_002,CADC0873,1183,2022-01-26T07:53:20.000000Z,2022-01-26T07:53:20.000000Z,0.0,1,0.3610202604776835,0.3610202604776835,97
CADC0873_1183_003,CADC0873,1183,2022-01-26T07:55:41.000000Z,2022-01-26T07:56:06.000000Z,25.0,2,1.0,0.98,98
CADC0873_1183_004,CADC0873,1183,2022-01-26T08:00:34.000000Z,2022-01-26T08:00:34.000000Z,0.0,1,0.7423684937911681,0.7423684937911681,99
CADC0873_1184_002,CADC0873,1184,2022-01-26T08:59:41.000000Z,2022-01-26T08:59:41.000000Z,0.0,1,0.3523670524002433,0.3523670524002433,104
CADC0873_1186_002,CADC0873,1186,2022-01-26T16:41:42.000000Z,2022-01-26T16:41:42.000000Z,0.0,1,0.4392104867436776,0.4392104867436776,110
CADC0873_1186_003,CADC0873,1186,2022-01-26T16:47:32.000000Z,2022-01-26T16:50:42.000000Z,190.0,19,1.0,0.49723287770484903,112
CADC0873_1187_002,CADC0873,1187,2022-01-26T20:45:03.000000Z,2022-01-26T20:45:03.000000Z,0.0,1,0.3764988756833534,0.3764988756833534,122
CADC0873_1189_002,CADC0873,1189,2022-01-26T22:23:54.000000Z,2022-01-26T22:23:54.000000Z,0.0,1,0.4091875010976427,0.4091875010976427,136
CADC0873_1189_003,CADC0873,1189,2022-01-26T22:32:24.000000Z,2022-01-26T22:36:14.000000Z,230.0,16,1.0,0.870625,137
CADC0873_1189_004,CADC0873,1189,2022-01-26T22:38:04.000000Z,2022-01-26T22:38:04.000000Z,0.0,1,0.31,0.31,138
CADC0873_1190_002,CADC0873,1190,2022-01-26T23:40:04.000000Z,2022-01-26T23:40:04.000000Z,0.0,1,0.4702417253934265,0.4702417253934265,139
CADC0873_1190_003,CADC0873,1190,2022-01-26T23:44:14.000000Z,2022-01-26T23:44:14.000000Z,0.0,1,0.3365422277288543,0.3365422277288543,140
CADC0873_1192_002,CADC0873,1192,2022-01-27T00:01:04.000000Z,2022-01-27T00:01:19.000000Z,15.0,4,0.3795831410100732,0.3543477533667015,141
CADC0873_1192_003,CADC0873,1192,2022-01-27T00:04:20.000000Z,2022-01-27T00:04:20.000000Z,0.0,1,0.5857955669562369,0.5857955669562369,142
CADC0873_1198_002,CADC0873,1198,2022-01-27T02:21:13.000000Z,2022-01-27T02:21:17.000000Z,4.0,2,0.3650626276988254,0.3478011257864409,153
CADC0873_1202_002,CADC0873,1202,2022-01-27T02:40:41.000000Z,2022-01-27T02:41:06.000000Z,25.0,5,0.4241282255254058,0.35035915601026213,163
CADC0873_1202_003,CADC0873,1202,2022-01-27T02:42:41.000000Z,2022-01-27T02:45:51.000000Z,190.0,16,1.0,0.602721648032953,164
CADC0873_1203_002,CADC0873,1203,2022-01-27T03:06:27.000000Z,2022-01-27T03:06:27.000000Z,0.0,1,0.324674595827776,0.324674595827776,165
CADC0873_1204_002,CADC0873,1204,2022-01-27T03:11:43.000000Z,2022-01-27T03:14:13.000000Z,150.0,14,1.0,0.9842857142857142,166
CADC0873_1205_002,CADC0873,1205,2022-01-27T05:14:18.000000Z,2022-01-27T05:14:18.000000Z,0.0,1,0.4848486174801039,0.4848486174801039,167
CADC0873_1206_002,CADC0873,1206,2022-01-27T05:19:33.000000Z,2022-01-27T05:19:58.000000Z,25.0,3,0.4166738399230473,0.35182185967454815,168
CADC0873_1206_003,CADC0873,1206,2022-01-27T05:21:33.000000Z,2022-01-27T05:21:33.000000Z,0.0,1,0.4642921160694939,0.4642921160694939,169
CADC0873_1207_002,CADC0873,1207,2022-01-27T05:21:53.000000Z,2022-01-27T05:22:23.000000Z,30.0,7,0.5789953572620066,0.46455729928489736,170
CADC0873_1207_003,CADC0873,1207,2022-01-27T05:23:43.000000Z,2022-01-27T05:23:53.000000Z,10.0,2,1.0,1.0,171
CADC0873_1208_002,CADC0873,1208,2022-01-27T05:25:48.000000Z,2022-01-27T05:25:48.000000Z,0.0,1,0.3264310303099252,0.3264310303099252,172
CADC0873_1209_002,CADC0873,1209,2022-01-27T05:29:33.000000Z,2022-01-27T05:29:33.000000Z,0.0,1,0.346952440569232,0.346952440569232,174
CADC0873_1212_002,CADC0873,1212,2022-01-27T06:10:23.000000Z,2022-01-27T06:10:23.000000Z,0.0,1,0.3563700150486258,0.3563700150486258,176
CADC0873_1213_002,CADC0873,1213,2022-01-27T06:25:38.000000Z,2022-01-27T06:26:59.000000Z,81.0,3,0.88,0.5981885024231154,177
CADC0873_1213_003,CADC0873,1213,2022-01-27T06:28:30.000000Z,2022-01-27T06:28:40.000000Z,10.0,2,1.0,0.96,178
CADC0873_1215_002,CADC0873,1215,2022-01-27T06:32:10.000000Z,2022-01-27T06:32:10.000000Z,0.0,1,0.3565733798429192,0.3565733798429192,180
CADC0873_1216_002,CADC0873,1216,2022-01-27T06:35:51.000000Z,2022-01-27T06:35:51.000000Z,0.0,1,0.3237615417995516,0.3237615417995516,181
CADC0873_1221_002,CADC0873,1221,2022-01-27T06:54:47.000000Z,2022-01-27T06:54:47.000000Z,0.0,1,0.4978016636067498,0.4978016636067498,182
CADC0873_1221_003,CADC0873,1221,2022-01-27T06:56:22.000000Z,2022-01-27T06:56:22.000000Z,0.0,1,0.3282088494559,0.3282088494559,183
CADC0873_1229_002,CADC0873,1229,2022-01-27T07:25:31.000000Z,2022-01-27T07:25:31.000000Z,0.0,1,0.3789898316505106,0.3789898316505106,189
CADC0873_1230_002,CADC0873,1230,2022-01-27T07:29:46.000000Z,2022-01-27T07:29:46.000000Z,0.0,1,0.3801142275718204,0.3801142275718204,192
CADC0873_1233_002,CADC0873,1233,2022-01-27T07:49:59.000000Z,2022-01-27T07:49:59.000000Z,0.0,1,0.3695777124763937,0.3695777124763937,198
CADC0873_1235_002,CADC0873,1235,2022-01-27T07:57:33.000000Z,2022-01-27T07:57:33.000000Z,0.0,1,0.4978016636067498,0.4978016636067498,199
CADC0873_1235_003,CADC0873,1235,2022-01-27T08:00:33.000000Z,2022-01-27T08:00:33.000000Z,0.0,1,0.8713494976691473,0.8713494976691473,200
CADC0873_1237_002,CADC0873,1237,2022-01-27T08:04:03.000000Z,2022-01-27T08:04:03.000000Z,0.0,1,0.3536389576896177,0.3536389576896177,201
CADC0873_1241_002,CADC0873,1241,2022-01-27T08:30:35.000000Z,2022-01-27T08:30:35.000000Z,0.0,1,0.3541435960095602,0.3541435960095602,202
CADC0873_1241_003,CADC0873,1241,2022-01-27T08:32:40.000000Z,2022-01-27T08:32:40.000000Z,0.0,1,0.3223410064524964,0.3223410064524964,203
CADC0873_1248_002,CADC0873,1248,2022-01-27T09:03:36.000000Z,2022-01-27T09:03:36.000000Z,0.0,1,0.314729000809177,0.314729000809177,205
CADC0873_1252_002,CADC0873,1252,2022-01-27T09:50:06.000000Z,2022-01-27T09:50:06.000000Z,0.0,1,0.4022431930798524,0.4022431930798524,210
CADC0873_1257_002,CADC0873,1257,2022-01-27T10:11:56.000000Z,2022-01-27T10:11:56.000000Z,0.0,1,0.3296492158692342,0.3296492158692342,220
CADC0873_1266_002,CADC0873,1266,2022-01-27T13:56:11.000000Z,2022-01-27T13:56:36.000000Z,25.0,4,0.3907315126312037,0.3747262820084737,239
CADC0873_1266_003,CADC0873,1266,2022-01-27T14:00:31.000000Z,2022-01-27T14:00:31.000000Z,0.0,1,0.97,0.97,240
CADC0873_1268_002,CADC0873,1268,2022-01-27T16:41:43.000000Z,2022-01-27T16:41:43.000000Z,0.0,1,0.3528505397482904,0.3528505397482904,249
CADC0873_1273_002,CADC0873,1273,2022-01-27T17:34:23.000000Z,2022-01-27T17:34:23.000000Z,0.0,1,0.74,0.74,254
CADC0873_1276_002,CADC0873,1276,2022-01-27T17:44:13.000000Z,2022-01-27T17:44:13.000000Z,0.0,1,0.3596537344106071,0.3596537344106071,259
CADC0873_1282_002,CADC0873,1282,2022-01-27T19:03:10.000000Z,2022-01-27T19:03:10.000000Z,0.0,1,0.346952440569232,0.346952440569232,267
CADC0873_1284_002,CADC0873,1284,2022-01-27T19:11:05.000000Z,2022-01-27T19:11:05.000000Z,0.0,1,0.3698670524002433,0.3698670524002433,270
CADC0873_1285_002,CADC0873,1285,2022-01-27T19:14:50.000000Z,2022-01-27T19:14:50.000000Z,0.0,1,0.3798670524002434,0.3798670524002434,271
CADC0873_1286_002,CADC0873,1286,2022-01-27T19:18:25.000000Z,2022-01-27T19:18:25.000000Z,0.0,1,0.568597876345811,0.568597876345811,272
CADC0873_1286_003,CADC0873,1286,2022-01-27T19:20:30.000000Z,2022-01-27T19:20:30.000000Z,0.0,1,0.8478661700639297,0.8478661700639297,273
CADC0873_1288_002,CADC0873,1288,2022-01-27T19:26:10.000000Z,2022-01-27T19:26:10.000000Z,0.0,1,0.5492629530965972,0.5492629530965972,274
CADC0873_1293_002,CADC0873,1293,2022-01-27T20:42:40.000000Z,2022-01-27T20:42:40.000000Z,0.0,1,0.4801859107365708,0.4801859107365708,282
CADC0873_1295_002,CADC0873,1295,2022-01-27T20:54:11.000000Z,2022-01-27T20:54:11.000000Z,0.0,1,0.3458296148459883,0.3458296148459883,285
CADC0873_1300_002,CADC0873,1300,2022-01-27T21:11:36.000000Z,2022-01-27T21:11:36.000000Z,0.0,1,0.3223410064524964,0.3223410064524964,293
CADC0873_1301_002,CADC0873,1301,2022-01-27T21:15:41.000000Z,2022-01-27T21:15:41.000000Z,0.0,1,0.4013565923957449,0.4013565923957449,295
CADC0873_1304_002,CADC0873,1304,2022-01-27T21:25:22.000000Z,2022-01-27T21:25:22.000000Z,0.0,1,0.3496628124429159,0.3496628124429159,297
CADC0873_1307_002,CADC0873,1307,2022-01-27T21:37:08.000000Z,2022-01-27T21:37:08.000000Z,0.0,1,0.3466942529774439,0.3466942529774439,298
CADC0873_1308_002,CADC0873,1308,2022-01-27T21:44:45.000000Z,2022-01-27T21:44:45.000000Z,0.0,1,0.3137503334778,0.3137503334778,299
CADC0873_1309_002,CADC0873,1309,2022-01-27T21:49:45.000000Z,2022-01-27T21:49:45.000000Z,0.0,1,0.99,0.99,302
CADC0873_1311_002,CADC0873,1311,2022-01-27T21:57:05.000000Z,2022-01-27T21:57:05.000000Z,0.0,1,0.9265260635345686,0.9265260635345686,304
CADC0873_1313_002,CADC0873,1313,2022-01-27T22:05:35.000000Z,2022-01-27T22:05:35.000000Z,0.0,1,0.3109279032096748,0.3109279032096748,307
CADC0873_1313_003,CADC0873,1313,2022-01-27T22:07:25.000000Z,2022-01-27T22:07:25.000000Z,0.0,1,0.5036650779951439,0.5036650779951439,308
CADC0873_1320_002,CADC0873,1320,2022-01-27T22:40:08.000000Z,2022-01-27T22:40:23.000000Z,15.0,2,0.3773743216610228,0.3549076033540205,320
CADC0873_1321_002,CADC0873,1321,2022-01-27T22:42:38.000000Z,2022-01-27T22:43:13.000000Z,35.0,8,0.5052269849604636,0.406898117205278,322
CADC0873_1321_003,CADC0873,1321,2022-01-27T22:45:08.000000Z,2022-01-27T22:45:28.000000Z,20.0,4,1.0,0.99,323
CADC0873_1321_004,CADC0873,1321,2022-01-27T22:47:18.000000Z,2022-01-27T22:47:33.000000Z,15.0,4,0.5011021244686766,0.4685001514639427,324
CADC0873_1323_002,CADC0873,1323,2022-01-27T23:30:33.000000Z,2022-01-27T23:30:33.000000Z,0.0,1,0.3593877011199805,0.3593877011199805,325
CADC0873_1324_002,CADC0873,1324,2022-01-27T23:39:33.000000Z,2022-01-27T23:39:38.000000Z,5.0,2,0.3558490104619157,0.33088730070747324,326
CADC0873_1325_002,CADC0873,1325,2022-01-27T23:41:43.000000Z,2022-01-27T23:41:43.000000Z,0.0,1,0.3450105700574461,0.3450105700574461,327
CADC0873_1328_002,CADC0873,1328,2022-01-28T07:21:59.000000Z,2022-01-28T07:21:59.000000Z,0.0,1,0.3240065698607501,0.3240065698607501,345
CADC0873_1330_002,CADC0873,1330,2022-01-28T07:30:25.000000Z,2022-01-28T07:30:25.000000Z,0.0,1,0.89,0.89,346
CADC0873_1331_002,CADC0873,1331,2022-01-28T07:31:51.000000Z,2022-01-28T07:31:51.000000Z,0.0,1,0.4169222178611714,0.4169222178611714,347
CADC0873_1331_003,CADC0873,1331,2022-01-28T07:32:58.000000Z,2022-01-28T07:33:28.000000Z,30.0,2,1.0,0.675,348
CADC0873_1334_002,CADC0873,1334,2022-01-28T10:13:59.000000Z,2022-01-28T10:13:59.000000Z,0.0,1,0.3191018079559882,0.3191018079559882,351
CADC0873_1338_002,CADC0873,1338,2022-01-28T16:55:06.000000Z,2022-01-28T16:55:16.000000Z,10.0,2,0.4306687596963365,0.3675620063307971,368
CADC0873_1352_002,CADC0873,1352,2022-01-28T17:42:11.000000Z,2022-01-28T17:43:16.000000Z,65.0,4,1.0,0.5790368683293053,369
CADC0873_1353_002,CADC0873,1353,2022-01-28T17:47:17.000000Z,2022-01-28T17:47:17.000000Z,0.0,1,0.3286527098133797,0.3286527098133797,370
CADC0873_1355_002,CADC0873,1355,2022-01-28T17:50:08.000000Z,2022-01-28T17:50:08.000000Z,0.0,1,0.4223643134328778,0.4223643134328778,371
CADC0873_1357_002,CADC0873,1357,2022-01-28T17:54:13.000000Z,2022-01-28T17:54:13.000000Z,0.0,1,0.99,0.99,372
CADC0873_1366_002,CADC0873,1366,2022-01-28T18:32:28.000000Z,2022-01-28T18:32:28.000000Z,0.0,1,0.3901766548474121,0.3901766548474121,373
CADC0873_1374_002,CADC0873,1374,2022-01-28T18:48:33.000000Z,2022-01-28T18:48:33.000000Z,0.0,1,0.5914045181843623,0.5914045181843623,374
CADC0873_1379_002,CADC0873,1379,2022-01-28T19:42:30.000000Z,2022-01-28T19:42:30.000000Z,0.0,1,0.3587033483819591,0.3587033483819591,375
CADC0873_1384_002,CADC0873,1384,2022-01-28T19:51:25.000000Z,2022-01-28T19:51:25.000000Z,0.0,1,0.3801142275718204,0.3801142275718204,376
CADC0873_1398_002,CADC0873,1398,2022-01-28T20:43:29.000000Z,2022-01-28T20:43:29.000000Z,0.0,1,0.3503449331464524,0.3503449331464524,377
CADC0873_1401_002,CADC0873,1401,2022-01-28T21:00:14.000000Z,2022-01-28T21:00:14.000000Z,0.0,1,0.3680753367163956,0.3680753367163956,379
CADC0873_1402_002,CADC0873,1402,2022-01-28T21:00:19.000000Z,2022-01-28T21:00:19.000000Z,0.0,1,0.4720735408060522,0.4720735408060522,380
CADC0873_1408_002,CADC0873,1408,2022-01-28T22:52:37.000000Z,2022-01-28T22:52:37.000000Z,0.0,1,0.5697973753272195,0.5697973753272195,398
CADC0873_1410_002,CADC0873,1410,2022-01-28T22:55:03.000000Z,2022-01-28T22:55:03.000000Z,0.0,1,0.3603130164916273,0.3603130164916273,400
CADC0873_1417_002,CADC0873,1417,2022-01-28T23:04:08.000000Z,2022-01-28T23:04:08.000000Z,0.0,1,0.3239677491215089,0.3239677491215089,404
CADC0873_1423_002,CADC0873,1423,2022-01-29T00:43:28.000000Z,2022-01-29T00:43:28.000000Z,0.0,1,0.3942774858281458,0.3942774858281458,407
CADC0873_1424_002,CADC0873,1424,2022-01-29T00:44:53.000000Z,2022-01-29T00:44:53.000000Z,0.0,1,0.3044552529652577,0.3044552529652577,408
CADC0873_1427_002,CADC0873,1427,2022-01-29T00:59:28.000000Z,2022-01-29T00:59:28.000000Z,0.0,1,0.4329013857721993,0.4329013857721993,409
CADC0873_1430_002,CADC0873,1430,2022-01-29T01:03:28.000000Z,2022-01-29T01:03:28.000000Z,0.0,1,0.3929317688606142,0.3929317688606142,410
CADC0873_1431_002,CADC0873,1431,2022-01-29T01:41:03.000000Z,2022-01-29T01:41:03.000000Z,0.0,1,0.4163593746065662,0.4163593746065662,411
CADC0873_1433_002,CADC0873,1433,2022-01-29T01:43:53.000000Z,2022-01-29T01:43:53.000000Z,0.0,1,0.3536389576896177,0.3536389576896177,412
CADC0873_1444_002,CADC0873,1444,2022-01-29T02:01:43.000000Z,2022-01-29T02:01:43.000000Z,0.0,1,0.3415086621316704,0.3415086621316704,418
CADC0873_1451_002,CADC0873,1451,2022-01-29T02:10:53.000000Z,2022-01-29T02:11:33.000000Z,40.0,2,0.3487472851988684,0.34674348032591285,422
CADC0873_1459_002,CADC0873,1459,2022-01-29T02:28:18.000000Z,2022-01-29T02:28:18.000000Z,0.0,1,0.3637033483819591,0.3637033483819591,429
CADC0873_1466_002,CADC0873,1466,2022-01-29T03:39:48.000000Z,2022-01-29T03:39:48.000000Z,0.0,1,0.4299399641577061,0.4299399641577061,437
CADC0873_1471_002,CADC0873,1471,2022-01-29T03:45:58.000000Z,2022-01-29T03:46:03.000000Z,5.0,2,0.5,0.41000000000000003,438
CADC0873_1473_002,CADC0873,1473,2022-01-29T03:49:33.000000Z,2022-01-29T03:49:33.000000Z,0.0,1,0.3232177419354839,0.3232177419354839,439
CADC0873_1475_002,CADC0873,1475,2022-01-29T03:51:28.000000Z,2022-01-29T03:51:28.000000Z,0.0,1,0.3104899224730802,0.3104899224730802,440
CADC0873_1481_002,CADC0873,1481,2022-01-29T04:50:00.000000Z,2022-01-29T04:50:00.000000Z,0.0,1,0.3929317688606142,0.3929317688606142,445
CADC0873_1484_002,CADC0873,1484,2022-01-29T04:54:10.000000Z,2022-01-29T04:54:10.000000Z,0.0,1,0.3486667262835178,0.3486667262835178,446
CADC0873_1485_002,CADC0873,1485,2022-01-29T05:07:10.000000Z,2022-01-29T05:07:10.000000Z,0.0,1,0.3196503351355928,0.3196503351355928,447
CADC0873_1492_002,CADC0873,1492,2022-01-29T05:47:45.000000Z,2022-01-29T05:47:45.000000Z,0.0,1,0.3698670524002433,0.3698670524002433,448
CADC0873_1493_002,CADC0873,1493,2022-01-29T05:49:05.000000Z,2022-01-29T05:49:05.000000Z,0.0,1,0.3598670524002433,0.3598670524002433,449
CADC0873_1495_002,CADC0873,1495,2022-01-29T07:13:05.000000Z,2022-01-29T07:13:05.000000Z,0.0,1,0.4453507459014058,0.4453507459014058,450
CADC0873_1502_002,CADC0873,1502,2022-01-29T10:52:22.000000Z,2022-01-29T10:52:22.000000Z,0.0,1,0.3560996074480613,0.3560996074480613,463
CADC0873_1502_003,CADC0873,1502,2022-01-29T10:54:17.000000Z,2022-01-29T10:54:17.000000Z,0.0,1,0.3525820421248749,0.3525820421248749,464
CADC0873_1503_002,CADC0873,1503,2022-01-29T10:56:42.000000Z,2022-01-29T10:56:42.000000Z,0.0,1,0.3536389576896177,0.3536389576896177,466
CADC0873_1507_002,CADC0873,1507,2022-01-29T11:22:37.000000Z,2022-01-29T11:22:37.000000Z,0.0,1,0.3747033483819592,0.3747033483819592,476
CADC0873_1508_002,CADC0873,1508,2022-01-29T11:26:42.000000Z,2022-01-29T11:26:42.000000Z,0.0,1,0.3458898685974615,0.3458898685974615,478
CADC0873_1511_002,CADC0873,1511,2022-01-29T11:38:12.000000Z,2022-01-29T11:38:12.000000Z,0.0,1,0.6071123292106793,0.6071123292106793,480
CADC0873_1515_002,CADC0873,1515,2022-01-29T11:57:22.000000Z,2022-01-29T11:57:22.000000Z,0.0,1,0.5697973753272195,0.5697973753272195,488
CADC0873_1518_002,CADC0873,1518,2022-01-29T12:42:52.000000Z,2022-01-29T12:43:12.000000Z,20.0,3,1.0,0.9733333333333333,497
CADC0873_1518_003,CADC0873,1518,2022-01-29T12:44:57.000000Z,2022-01-29T12:44:57.000000Z,0.0,1,0.78,0.78,498
CADC0873_1519_002,CADC0873,1519,2022-01-29T12:46:27.000000Z,2022-01-29T12:46:27.000000Z,0.0,1,0.3191018079559882,0.3191018079559882,499
CADC0874_238_002,CADC0874,238,2022-06-01T23:40:51.000000Z,2022-06-01T23:49:46.000000Z,535.0,536,1.0,0.694125977536955,592
CADC0874_239_002,CADC0874,239,2022-06-01T23:49:53.000000Z,2022-06-01T23:57:16.000000Z,443.0,444,1.0,0.6585458383161593,598
CADC0874_240_002,CADC0874,240,2022-06-01T23:57:18.000000Z,2022-06-02T00:04:58.000000Z,460.0,409,0.6857714909766786,0.5947056869757228,603
CADC0874_241_002,CADC0874,241,2022-06-02T00:05:01.000000Z,2022-06-02T00:13:56.000000Z,535.0,536,1.0,0.7017878975268966,609
CADC0874_242_002,CADC0874,242,2022-06-02T00:13:58.000000Z,2022-06-02T00:24:34.000000Z,636.0,579,0.6459675270543095,0.5676100296784953,615
CADC0874_243_002,CADC0874,243,2022-06-02T00:24:35.000000Z,2022-06-02T00:35:00.000000Z,625.0,625,1.0,0.6362574243645437,622
CADC0874_244_002,CADC0874,244,2022-06-02T00:35:06.000000Z,2022-06-02T00:48:18.000000Z,792.0,793,0.9885196868761186,0.6710080756565789,627
CADC0874_245_002,CADC0874,245,2022-06-02T00:48:19.000000Z,2022-06-02T00:56:54.000000Z,515.0,461,0.6855511112856137,0.6111261052104626,636
CADC0874_246_002,CADC0874,246,2022-06-02T00:56:55.000000Z,2022-06-02T01:05:36.000000Z,521.0,522,1.0,0.6651120460026478,642
CADC0874_247_002,CADC0874,247,2022-06-02T01:05:41.000000Z,2022-06-02T01:16:23.000000Z,642.0,643,1.0,0.6704042323020908,648
CADC0874_248_002,CADC0874,248,2022-06-02T01:16:29.000000Z,2022-06-02T01:26:47.000000Z,618.0,619,1.0,0.6607465097211792,657
CADC0874_249_002,CADC0874,249,2022-06-02T01:26:53.000000Z,2022-06-02T01:37:16.000000Z,623.0,624,1.0,0.6830912437156812,663
CADC0874_250_002,CADC0874,250,2022-06-02T01:37:21.000000Z,2022-06-02T01:45:33.000000Z,492.0,493,1.0,0.6700003404903178,671
CADC0874_251_002,CADC0874,251,2022-06-02T01:45:38.000000Z,2022-06-02T01:53:27.000000Z,469.0,457,0.699657570166229,0.6271905894909519,678
CADC0874_252_002,CADC0874,252,2022-06-02T01:53:33.000000Z,2022-06-02T02:02:41.000000Z,548.0,541,1.0,0.6446944896356032,684
CADC0874_253_002,CADC0874,253,2022-06-02T02:02:48.000000Z,2022-06-02T02:11:20.000000Z,512.0,514,1.0,0.6589768871301361,690
CADC0874_254_002,CADC0874,254,2022-06-02T02:11:24.000000Z,2022-06-02T02:20:38.000000Z,554.0,469,0.6495193986318354,0.6002200490483791,696
CADC0874_255_002,CADC0874,255,2022-06-02T02:20:39.000000Z,2022-06-02T02:28:39.000000Z,480.0,366,0.6766622223967248,0.5783911906016013,703
CADC0874_256_002,CADC0874,256,2022-06-02T02:28:40.000000Z,2022-06-02T02:36:29.000000Z,469.0,455,0.99,0.6156023153679493,707
CADC0874_257_002,CADC0874,257,2022-06-02T02:36:36.000000Z,2022-06-02T02:44:31.000000Z,475.0,426,0.6494970322564378,0.5915733325408585,712
CADC0874_258_002,CADC0874,258,2022-06-02T02:44:34.000000Z,2022-06-02T02:53:08.000000Z,514.0,480,0.6459675270543095,0.6073584631112343,717
CADC0874_259_002,CADC0874,259,2022-06-02T02:53:09.000000Z,2022-06-02T03:02:17.000000Z,548.0,543,0.6495382576616455,0.6380154786099974,721
CADC0874_260_002,CADC0874,260,2022-06-02T03:02:18.000000Z,2022-06-02T03:10:41.000000Z,503.0,504,0.8806168487070228,0.6496815598700187,729
CADC0874_261_002,CADC0874,261,2022-06-02T03:10:42.000000Z,2022-06-02T03:18:35.000000Z,473.0,464,1.0,0.653819472571464,735
CADC0874_262_002,CADC0874,262,2022-06-02T03:18:37.000000Z,2022-06-02T03:25:44.000000Z,427.0,420,0.6495193986318354,0.6368073322118858,741
CADC0874_263_002,CADC0874,263,2022-06-02T03:25:45.000000Z,2022-06-02T03:33:47.000000Z,482.0,483,1.0,0.6756272070252751,748
CADC0874_264_002,CADC0874,264,2022-06-02T03:33:59.000000Z,2022-06-02T03:41:50.000000Z,471.0,472,1.0,0.6653314186703139,754
CADC0874_265_002,CADC0874,265,2022-06-02T03:41:56.000000Z,2022-06-02T03:50:13.000000Z,497.0,498,1.0,0.6484446373954597,759
CADC0874_266_002,CADC0874,266,2022-06-02T03:50:14.000000Z,2022-06-02T03:57:50.000000Z,456.0,437,0.9068760771763088,0.6162192752823809,765
CADC0874_267_002,CADC0874,267,2022-06-02T03:57:51.000000Z,2022-06-02T04:05:30.000000Z,459.0,423,0.6459675270543095,0.5711145329164516,770
CADC0874_268_002,CADC0874,268,2022-06-02T04:05:31.000000Z,2022-06-02T04:12:36.000000Z,425.0,414,0.6459675270543095,0.5736445869534965,775
CADC0874_269_002,CADC0874,269,2022-06-02T04:12:38.000000Z,2022-06-02T04:19:57.000000Z,439.0,440,1.0,0.6549017578568228,780
CADC0874_270_002,CADC0874,270,2022-06-02T04:20:02.000000Z,2022-06-02T04:28:05.000000Z,483.0,484,0.9885196868761186,0.6492093887775453,785
CADC0874_271_002,CADC0874,271,2022-06-02T04:28:06.000000Z,2022-06-02T04:36:15.000000Z,489.0,490,0.6459675270543095,0.6456648475525096,789
CADC0874_272_002,CADC0874,272,2022-06-02T04:36:16.000000Z,2022-06-02T04:43:57.000000Z,461.0,462,1.0,0.6598315940185303,794
CADC0874_273_002,CADC0874,273,2022-06-02T04:44:01.000000Z,2022-06-02T04:51:33.000000Z,452.0,442,1.0,0.658974832040378,799
CADC0874_274_002,CADC0874,274,2022-06-02T04:51:35.000000Z,2022-06-02T04:58:29.000000Z,414.0,391,0.6459675270543095,0.6067788596839173,804
CADC0874_275_002,CADC0874,275,2022-06-02T04:58:32.000000Z,2022-06-02T05:05:55.000000Z,443.0,426,0.6459675270543095,0.580728229536935,808
CADC0874_276_002,CADC0874,276,2022-06-02T05:05:57.000000Z,2022-06-02T05:13:14.000000Z,437.0,438,1.0,0.6288614532680761,814
CADC0874_277_002,CADC0874,277,2022-06-02T05:13:15.000000Z,2022-06-02T05:21:10.000000Z,475.0,476,0.7744410861051132,0.6194612668028289,817
CADC0874_278_002,CADC0874,278,2022-06-02T05:21:12.000000Z,2022-06-02T05:28:27.000000Z,435.0,424,1.0,0.6189606155281026,822
CADC0874_279_002,CADC0874,279,2022-06-02T05:28:32.000000Z,2022-06-02T05:35:50.000000Z,438.0,435,1.0,0.6379535083207978,827
CADC0874_280_002,CADC0874,280,2022-06-02T05:35:54.000000Z,2022-06-02T05:42:49.000000Z,415.0,416,1.0,0.6602308895532392,831
CADC0874_281_002,CADC0874,281,2022-06-02T05:42:50.000000Z,2022-06-02T05:49:47.000000Z,417.0,415,0.6459675270543095,0.5997546883446576,835
CADC0874_282_002,CADC0874,282,2022-06-02T05:49:48.000000Z,2022-06-02T05:56:44.000000Z,416.0,417,1.0,0.6521562299868092,839
CADC0874_283_002,CADC0874,283,2022-06-02T05:56:49.000000Z,2022-06-02T06:04:47.000000Z,478.0,479,1.0,0.656393975485053,843
CADC0874_284_002,CADC0874,284,2022-06-02T06:04:51.000000Z,2022-06-02T06:12:20.000000Z,449.0,450,1.0,0.6657184225645579,848
CADC0874_285_002,CADC0874,285,2022-06-02T06:12:22.000000Z,2022-06-02T06:19:44.000000Z,442.0,392,0.6459675270543095,0.5828942408673471,852
CADC0874_286_002,CADC0874,286,2022-06-02T06:19:45.000000Z,2022-06-02T06:26:45.000000Z,420.0,411,1.0,0.6828695297749168,857
CADC0874_287_002,CADC0874,287,2022-06-02T06:26:48.000000Z,2022-06-02T06:34:02.000000Z,434.0,393,0.6459675270543095,0.5821291841483749,862
CADC0874_288_002,CADC0874,288,2022-06-02T06:34:03.000000Z,2022-06-02T06:41:23.000000Z,440.0,441,1.0,0.6578819936083056,867
CADC0874_289_002,CADC0874,289,2022-06-02T06:41:26.000000Z,2022-06-02T06:49:24.000000Z,478.0,479,1.0,0.6381632957950014,872
CADC0874_290_002,CADC0874,290,2022-06-02T06:49:29.000000Z,2022-06-02T06:56:48.000000Z,439.0,440,1.0,0.6708200751571988,878
CADC0874_291_002,CADC0874,291,2022-06-02T06:56:53.000000Z,2022-06-02T07:04:25.000000Z,452.0,453,1.0,0.6711059970666728,883
CADC0874_292_002,CADC0874,292,2022-06-02T07:04:30.000000Z,2022-06-02T07:11:42.000000Z,432.0,425,1.0,0.6259388866060488,888
CADC0874_293_002,CADC0874,293,2022-06-02T07:11:45.000000Z,2022-06-02T07:19:06.000000Z,441.0,441,1.0,0.6529450373589786,892
CADC0874_294_002,CADC0874,294,2022-06-02T07:19:10.000000Z,2022-06-02T07:26:21.000000Z,431.0,432,1.0,0.6546133987579394,896
CADC0874_295_002,CADC0874,295,2022-06-02T07:26:25.000000Z,2022-06-02T07:33:52.000000Z,447.0,448,1.0,0.654374312080229,900
CADC0874_296_002,CADC0874,296,2022-06-02T08:22:13.000000Z,2022-06-02T08:30:07.000000Z,474.0,475,1.0,0.6608223903685451,903
CADC0874_297_002,CADC0874,297,2022-06-02T08:30:10.000000Z,2022-06-02T08:38:25.000000Z,495.0,496,1.0,0.6735846270894105,907
CADC0874_298_002,CADC0874,298,2022-06-02T08:38:29.000000Z,2022-06-02T08:46:05.000000Z,456.0,457,1.0,0.669183675711064,913
CADC0874_299_002,CADC0874,299,2022-06-02T08:46:09.000000Z,2022-06-02T08:54:21.000000Z,492.0,493,1.0,0.6668673146602363,917
CADC0874_300_002,CADC0874,300,2022-06-02T08:54:27.000000Z,2022-06-02T09:02:45.000000Z,498.0,500,1.0,0.6545610477952885,923
CADC0874_301_002,CADC0874,301,2022-06-02T09:02:51.000000Z,2022-06-02T09:12:09.000000Z,558.0,559,1.0,0.6471511737556693,927
CADC0874_302_002,CADC0874,302,2022-06-02T09:12:10.000000Z,2022-06-02T09:20:43.000000Z,513.0,505,0.6459675270543095,0.6028380788066697,931
CADC0874_303_002,CADC0874,303,2022-06-02T09:20:44.000000Z,2022-06-02T09:29:16.000000Z,512.0,504,0.6493856896780953,0.6088548841899591,936
CADC0874_304_002,CADC0874,304,2022-06-02T09:29:18.000000Z,2022-06-02T09:37:33.000000Z,495.0,496,0.6999906801943332,0.649178149060067,941
CADC0874_305_002,CADC0874,305,2022-06-02T09:37:34.000000Z,2022-06-02T09:46:45.000000Z,551.0,552,1.0,0.6875080407519846,946
CADC0874_306_002,CADC0874,306,2022-06-02T09:46:49.000000Z,2022-06-02T09:56:58.000000Z,609.0,610,1.0,0.6614815138205494,950
CADC0874_307_002,CADC0874,307,2022-06-02T09:57:03.000000Z,2022-06-02T10:06:31.000000Z,568.0,569,1.0,0.6676675740676206,957
CADC0874_308_002,CADC0874,308,2022-06-02T10:06:32.000000Z,2022-06-02T10:15:48.000000Z,556.0,557,0.9001607172756304,0.6499336646979932,962
CADC0874_309_002,CADC0874,309,2022-06-02T10:15:49.000000Z,2022-06-02T10:25:13.000000Z,564.0,562,1.0,0.6576186677796092,968
CADC0874_310_002,CADC0874,310,2022-06-02T10:25:14.000000Z,2022-06-02T10:35:12.000000Z,598.0,599,0.8357607329548022,0.62418630292982,975
CADC0874_311_002,CADC0874,311,2022-06-02T10:35:13.000000Z,2022-06-02T10:45:30.000000Z,617.0,618,0.916344554325758,0.6483740214500754,982
CADC0874_312_002,CADC0874,312,2022-06-02T10:45:34.000000Z,2022-06-02T10:56:24.000000Z,650.0,651,1.0,0.6741516161803621,988
CADC0874_313_002,CADC0874,313,2022-06-02T10:56:27.000000Z,2022-06-02T11:05:24.000000Z,537.0,539,1.0,0.6912869417910726,995
CADC0874_314_002,CADC0874,314,2022-06-02T11:05:27.000000Z,2022-06-02T11:14:09.000000Z,522.0,496,1.0,0.6229496401896957,1002
CADC0874_315_002,CADC0874,315,2022-06-02T11:14:10.000000Z,2022-06-02T11:24:11.000000Z,601.0,556,1.0,0.6207952599471721,1007
CADC0874_316_002,CADC0874,316,2022-06-02T11:24:19.000000Z,2022-06-02T11:35:30.000000Z,671.0,672,1.0,0.6521416170616409,1014
CADC0874_317_002,CADC0874,317,2022-06-02T11:35:32.000000Z,2022-06-02T11:45:41.000000Z,609.0,610,0.6459675270543095,0.645250911730985,1021
CADC0874_318_002,CADC0874,318,2022-06-02T11:45:42.000000Z,2022-06-02T11:56:10.000000Z,628.0,629,1.0,0.6549852061897089,1027
CADC0874_319_002,CADC0874,319,2022-06-02T11:56:22.000000Z,2022-06-02T12:11:35.000000Z,913.0,915,1.0,0.6788976592411042,1034
CADC0874_320_002,CADC0874,320,2022-06-02T12:11:47.000000Z,2022-06-02T12:26:03.000000Z,856.0,852,1.0,0.636051749642842,1044
CADC0874_321_002,CADC0874,321,2022-06-02T12:26:10.000000Z,2022-06-02T12:37:17.000000Z,667.0,668,1.0,0.6684196003700174,1052
CADC0874_322_002,CADC0874,322,2022-06-02T12:37:25.000000Z,2022-06-02T12:54:44.000000Z,1039.0,1040,1.0,0.6739704857196288,1058
CADC0874_323_002,CADC0874,323,2022-06-02T12:54:45.000000Z,2022-06-02T13:07:44.000000Z,779.0,711,0.6758919886775054,0.5855722464900692,1069
CADC0874_324_002,CADC0874,324,2022-06-02T13:11:44.000000Z,2022-06-02T13:25:02.000000Z,798.0,798,1.0,0.6789911170561161,1079
CADC0874_325_002,CADC0874,325,2022-06-02T13:25:06.000000Z,2022-06-02T13:36:21.000000Z,675.0,676,1.0,0.6556967809406065,1087
CADC0874_326_002,CADC0874,326,2022-06-02T13:36:32.000000Z,2022-06-02T13:48:26.000000Z,714.0,715,1.0,0.6475394781140111,1093
CADC0874_327_002,CADC0874,327,2022-06-02T13:48:40.000000Z,2022-06-02T14:05:20.000000Z,1000.0,1001,1.0,0.6339687907930397,1099
CADC0874_328_002,CADC0874,328,2022-06-02T14:05:27.000000Z,2022-06-02T14:17:55.000000Z,748.0,724,1.0,0.6432374618465637,1110
CADC0874_329_002,CADC0874,329,2022-06-02T14:17:57.000000Z,2022-06-02T14:28:35.000000Z,638.0,552,0.6531820083709888,0.5980836115392022,1119
CADC0874_330_002,CADC0874,330,2022-06-02T14:28:37.000000Z,2022-06-02T14:38:04.000000Z,567.0,569,1.0,0.6543227599584548,1125
CADC0874_331_002,CADC0874,331,2022-06-02T14:45:47.000000Z,2022-06-02T14:58:39.000000Z,772.0,766,0.6459675270543095,0.5914007802451895,1133
CADC0874_332_002,CADC0874,332,2022-06-02T14:58:40.000000Z,2022-06-02T15:08:38.000000Z,598.0,599,0.6459675270543095,0.5742959594678979,1141
CADC0874_712_002,CADC0874,712,2022-01-26T08:32:29.000000Z,2022-01-26T08:32:34.000000Z,5.0,2,0.479971071232158,0.4069136872455694,101
CADC0874_713_002,CADC0874,713,2022-01-26T10:55:38.000000Z,2022-01-26T10:55:48.000000Z,10.0,2,0.4434644829603176,0.3837120868466314,105
CADC0874_714_002,CADC0874,714,2022-01-26T11:08:33.000000Z,2022-01-26T11:08:33.000000Z,0.0,1,0.3241610025822722,0.3241610025822722,106
CADC0874_715_002,CADC0874,715,2022-01-26T11:22:13.000000Z,2022-01-26T11:22:13.000000Z,0.0,1,0.6797788729334832,0.6797788729334832,107
CADC0874_715_003,CADC0874,715,2022-01-26T11:32:54.000000Z,2022-01-26T11:32:54.000000Z,0.0,1,0.3316103306176107,0.3316103306176107,108
CADC0874_715_004,CADC0874,715,2022-01-26T11:34:54.000000Z,2022-01-26T11:35:09.000000Z,15.0,2,0.3602003315503777,0.35221892024155865,109
CADC0874_716_002,CADC0874,716,2022-01-27T02:05:13.000000Z,2022-01-27T02:05:47.000000Z,34.0,2,0.4892835425832569,0.4723979568186243,148
CADC0874_717_002,CADC0874,717,2022-01-27T02:23:02.000000Z,2022-01-27T02:23:02.000000Z,0.0,1,0.3289596907329452,0.3289596907329452,155
CADC0874_717_003,CADC0874,717,2022-01-27T02:30:09.000000Z,2022-01-27T02:30:09.000000Z,0.0,1,0.4103771898410419,0.4103771898410419,158
CADC0874_719_002,CADC0874,719,2022-01-27T16:02:18.000000Z,2022-01-27T16:02:18.000000Z,0.0,1,0.526776610791633,0.526776610791633,243
CADC0874_720_002,CADC0874,720,2022-01-27T17:35:38.000000Z,2022-01-27T17:35:38.000000Z,0.0,1,0.4401051712536529,0.4401051712536529,255
CADC0874_721_002,CADC0874,721,2022-01-27T17:45:48.000000Z,2022-01-27T17:45:48.000000Z,0.0,1,0.5271934421344495,0.5271934421344495,260
CADC0874_722_002,CADC0874,722,2022-01-27T18:59:25.000000Z,2022-01-27T18:59:25.000000Z,0.0,1,0.4627464759558973,0.4627464759558973,266
CADC0874_722_003,CADC0874,722,2022-01-27T19:08:20.000000Z,2022-01-27T19:08:20.000000Z,0.0,1,0.3683734564670914,0.3683734564670914,268
CADC0874_722_004,CADC0874,722,2022-01-27T19:09:55.000000Z,2022-01-27T19:10:05.000000Z,10.0,2,0.3945693034937511,0.3945693034937511,269
CADC0874_723_002,CADC0874,723,2022-01-27T19:10:15.000000Z,2022-01-27T19:10:15.000000Z,0.0,1,0.4896189231094239,0.4896189231094239,270
CADC0874_724_002,CADC0874,724,2022-01-27T19:20:20.000000Z,2022-01-27T19:20:20.000000Z,0.0,1,0.5561686732141128,0.5561686732141128,273
CADC0874_725_002,CADC0874,725,2022-01-27T20:30:55.000000Z,2022-01-27T20:30:55.000000Z,0.0,1,0.3078451751757749,0.3078451751757749,277
CADC0874_726_002,CADC0874,726,2022-01-27T20:42:00.000000Z,2022-01-27T20:43:10.000000Z,70.0,3,0.4739370481911211,0.4374059998069708,282
CADC0874_727_002,CADC0874,727,2022-01-27T20:52:46.000000Z,2022-01-27T20:52:46.000000Z,0.0,1,0.4838660889582301,0.4838660889582301,284
CADC0874_728_002,CADC0874,728,2022-01-27T21:03:46.000000Z,2022-01-27T21:03:46.000000Z,0.0,1,0.4094576192070385,0.4094576192070385,288
CADC0874_729_002,CADC0874,729,2022-01-27T21:13:46.000000Z,2022-01-27T21:13:46.000000Z,0.0,1,0.5447579908405931,0.5447579908405931,294
CADC0874_730_002,CADC0874,730,2022-01-27T21:24:02.000000Z,2022-01-27T21:24:02.000000Z,0.0,1,0.4823408060722121,0.4823408060722121,296
CADC0874_731_002,CADC0874,731,2022-01-27T21:56:35.000000Z,2022-01-27T21:56:35.000000Z,0.0,1,0.5155265791153318,0.5155265791153318,304
CADC0874_733_002,CADC0874,733,2022-01-27T22:30:43.000000Z,2022-01-27T22:30:43.000000Z,0.0,1,0.6536378301966737,0.6536378301966737,315
CADC0874_733_003,CADC0874,733,2022-01-27T22:35:33.000000Z,2022-01-27T22:35:33.000000Z,0.0,1,0.5462300920442756,0.5462300920442756,318
CADC0874_734_002,CADC0874,734,2022-01-28T00:53:44.000000Z,2022-01-28T00:53:44.000000Z,0.0,1,0.3181346656445282,0.3181346656445282,328
CADC0874_735_002,CADC0874,735,2022-01-28T01:00:44.000000Z,2022-01-28T01:01:44.000000Z,60.0,2,0.4200643866980671,0.3654137634848914,329
CADC0874_735_003,CADC0874,735,2022-01-28T01:07:14.000000Z,2022-01-28T01:07:14.000000Z,0.0,1,0.3912750410166543,0.3912750410166543,330
CADC0874_736_002,CADC0874,736,2022-01-28T01:55:05.000000Z,2022-01-28T01:58:30.000000Z,205.0,39,0.8920112420926541,0.5123296776756658,333
CADC0874_736_003,CADC0874,736,2022-01-28T02:00:35.000000Z,2022-01-28T02:02:00.000000Z,85.0,16,1.0,0.5637932528009288,336
CADC0874_737_002,CADC0874,737,2022-01-28T02:48:22.000000Z,2022-01-28T02:48:22.000000Z,0.0,1,0.4721560958101687,0.4721560958101687,337
CADC0874_738_002,CADC0874,738,2022-01-28T02:54:53.000000Z,2022-01-28T02:54:53.000000Z,0.0,1,0.5471934421344495,0.5471934421344495,338
CADC0874_738_003,CADC0874,738,2022-01-28T03:03:53.000000Z,2022-01-28T03:03:53.000000Z,0.0,1,0.3918768472008891,0.3918768472008891,339
CADC0874_739_002,CADC0874,739,2022-01-28T03:04:28.000000Z,2022-01-28T03:04:28.000000Z,0.0,1,0.3078451751757749,0.3078451751757749,340
CADC0874_740_002,CADC0874,740,2022-01-28T03:28:23.000000Z,2022-01-28T03:28:23.000000Z,0.0,1,0.3481999460396434,0.3481999460396434,341
CADC0874_740_003,CADC0874,740,2022-01-28T03:33:28.000000Z,2022-01-28T03:33:28.000000Z,0.0,1,0.349813657993706,0.349813657993706,342
CADC0874_741_002,CADC0874,741,2022-01-28T03:49:50.000000Z,2022-01-28T03:49:50.000000Z,0.0,1,0.4359857643693061,0.4359857643693061,343
CADC0874_742_002,CADC0874,742,2022-01-28T05:06:17.000000Z,2022-01-28T05:06:17.000000Z,0.0,1,0.3043585060749277,0.3043585060749277,344
CADC0874_744_002,CADC0874,744,2022-01-28T09:10:58.000000Z,2022-01-28T09:10:58.000000Z,0.0,1,0.4994756798053144,0.4994756798053144,349
CADC0874_745_002,CADC0874,745,2022-01-28T09:16:11.000000Z,2022-01-28T09:16:11.000000Z,0.0,1,0.5387372169210605,0.5387372169210605,350
CADC0874_746_002,CADC0874,746,2022-01-28T12:00:40.000000Z,2022-01-28T12:00:40.000000Z,0.0,1,0.3533734564670914,0.3533734564670914,352
CADC0874_747_002,CADC0874,747,2022-01-28T12:01:10.000000Z,2022-01-28T12:01:10.000000Z,0.0,1,0.5910815198597884,0.5910815198597884,353
CADC0874_748_002,CADC0874,748,2022-01-28T12:07:30.000000Z,2022-01-28T12:07:30.000000Z,0.0,1,0.4945836564233598,0.4945836564233598,354
CADC0874_748_003,CADC0874,748,2022-01-28T12:10:25.000000Z,2022-01-28T12:10:25.000000Z,0.0,1,0.3200890057519522,0.3200890057519522,355
CADC0874_749_002,CADC0874,749,2022-01-28T12:14:10.000000Z,2022-01-28T12:14:10.000000Z,0.0,1,0.4470933891182493,0.4470933891182493,356
CADC0874_750_002,CADC0874,750,2022-01-28T15:53:06.000000Z,2022-01-28T15:53:06.000000Z,0.0,1,0.316834803975176,0.316834803975176,364
CADC0874_752_002,CADC0874,752,2022-01-28T15:58:36.000000Z,2022-01-28T15:58:36.000000Z,0.0,1,0.4409711524159989,0.4409711524159989,365
CADC0874_753_002,CADC0874,753,2022-01-28T16:02:51.000000Z,2022-01-28T16:03:31.000000Z,40.0,5,0.6407932933747054,0.45299902325477326,366
CADC0874_753_003,CADC0874,753,2022-01-28T16:06:56.000000Z,2022-01-28T16:07:06.000000Z,10.0,2,0.7201209059582004,0.5245985572690214,367
CADC0874_754_002,CADC0874,754,2022-01-28T21:35:10.000000Z,2022-01-28T21:39:57.000000Z,287.0,55,1.0,0.6040347722349272,388
CADC0874_755_002,CADC0874,755,2022-01-28T21:40:07.000000Z,2022-01-28T21:43:12.000000Z,185.0,38,1.0,0.7792628134332729,390
CADC0874_756_002,CADC0874,756,2022-01-28T21:43:32.000000Z,2022-01-28T21:47:27.000000Z,235.0,20,1.0,0.8187106063176838,392
CADC0874_757_002,CADC0874,757,2022-01-29T01:47:23.000000Z,2022-01-29T01:47:53.000000Z,30.0,2,0.4610798092892306,0.3931898335808268,413
CADC0874_758_002,CADC0874,758,2022-01-29T01:50:58.000000Z,2022-01-29T01:50:58.000000Z,0.0,1,0.5069756798053144,0.5069756798053144,414
CADC0874_759_002,CADC0874,759,2022-01-29T02:03:53.000000Z,2022-01-29T02:03:53.000000Z,0.0,1,0.5084801171807057,0.5084801171807057,419
CADC0874_760_002,CADC0874,760,2022-01-29T02:07:13.000000Z,2022-01-29T02:07:13.000000Z,0.0,1,0.5071934421344494,0.5071934421344494,420
CADC0874_761_002,CADC0874,761,2022-01-29T02:12:48.000000Z,2022-01-29T02:12:48.000000Z,0.0,1,0.3562834804050469,0.3562834804050469,423
CADC0874_763_002,CADC0874,763,2022-01-29T10:17:37.000000Z,2022-01-29T10:17:37.000000Z,0.0,1,0.6370973073704809,0.6370973073704809,455
CADC0874_764_002,CADC0874,764,2022-01-29T10:21:27.000000Z,2022-01-29T10:21:27.000000Z,0.0,1,0.4244873365024871,0.4244873365024871,456
CADC0874_765_002,CADC0874,765,2022-01-29T10:25:32.000000Z,2022-01-29T10:25:32.000000Z,0.0,1,0.4337385193760957,0.4337385193760957,457
CADC0874_766_002,CADC0874,766,2022-01-29T10:29:12.000000Z,2022-01-29T10:29:12.000000Z,0.0,1,0.5061517736065636,0.5061517736065636,459
CADC0874_767_002,CADC0874,767,2022-01-29T10:32:57.000000Z,2022-01-29T10:32:57.000000Z,0.0,1,0.4354427767434013,0.4354427767434013,460
CADC0874_768_002,CADC0874,768,2022-01-29T10:36:32.000000Z,2022-01-29T10:39:57.000000Z,205.0,30,0.97,0.47665778209286436,461
CADC0874_769_002,CADC0874,769,2022-01-29T10:40:07.000000Z,2022-01-29T10:40:07.000000Z,0.0,1,0.4434857643693061,0.4434857643693061,462
CADC0874_771_002,CADC0874,771,2022-01-29T10:51:42.000000Z,2022-01-29T10:51:42.000000Z,0.0,1,0.3245081262350202,0.3245081262350202,463
CADC0874_772_002,CADC0874,772,2022-01-29T10:55:22.000000Z,2022-01-29T10:55:22.000000Z,0.0,1,0.4401051712536529,0.4401051712536529,465
CADC0874_775_002,CADC0874,775,2022-01-29T11:07:17.000000Z,2022-01-29T11:07:17.000000Z,0.0,1,0.3288663299560274,0.3288663299560274,470
CADC0874_776_002,CADC0874,776,2022-01-29T11:11:17.000000Z,2022-01-29T11:11:22.000000Z,5.0,2,0.476677501622348,0.46362127476354664,471
CADC0874_777_002,CADC0874,777,2022-01-29T11:18:52.000000Z,2022-01-29T11:18:52.000000Z,0.0,1,0.5216255967974875,0.5216255967974875,475
CADC0874_778_002,CADC0874,778,2022-01-29T11:22:07.000000Z,2022-01-29T11:22:07.000000Z,0.0,1,0.4922352405080649,0.4922352405080649,476
CADC0874_779_002,CADC0874,779,2022-01-29T11:25:37.000000Z,2022-01-29T11:25:37.000000Z,0.0,1,0.3506257732828981,0.3506257732828981,477
CADC0874_780_002,CADC0874,780,2022-01-29T11:31:02.000000Z,2022-01-29T11:31:02.000000Z,0.0,1,0.3522947792705962,0.3522947792705962,479
CADC0874_783_002,CADC0874,783,2022-01-29T11:40:57.000000Z,2022-01-29T11:40:57.000000Z,0.0,1,0.4413985503513624,0.4413985503513624,481
CADC0874_784_002,CADC0874,784,2022-01-29T11:44:47.000000Z,2022-01-29T11:44:47.000000Z,0.0,1,0.3270551805559175,0.3270551805559175,482
CADC0874_785_002,CADC0874,785,2022-01-29T11:48:52.000000Z,2022-01-29T11:48:52.000000Z,0.0,1,0.4340850493119435,0.4340850493119435,484
CADC0874_788_002,CADC0874,788,2022-01-29T12:33:32.000000Z,2022-01-29T12:33:32.000000Z,0.0,1,0.4278084691482868,0.4278084691482868,493
CADC0874_789_002,CADC0874,789,2022-01-29T12:37:32.000000Z,2022-01-29T12:37:52.000000Z,20.0,3,0.3286539079106195,0.31644387918613215,495
CADC0874_790_002,CADC0874,790,2022-01-29T12:41:22.000000Z,2022-01-29T12:45:17.000000Z,235.0,47,1.0,0.6283255578841644,496
CADC0874_792_002,CADC0874,792,2022-01-29T12:49:12.000000Z,2022-01-29T12:49:12.000000Z,0.0,1,0.4082517159786101,0.4082517159786101,500
CADC0874_794_002,CADC0874,794,2022-01-29T14:07:32.000000Z,2022-01-29T14:07:32.000000Z,0.0,1,0.3895295445457125,0.3895295445457125,503
CADC0874_798_002,CADC0874,798,2022-01-29T14:21:32.000000Z,2022-01-29T14:21:32.000000Z,0.0,1,0.7127287285808496,0.7127287285808496,504
CADC0874_799_002,CADC0874,799,2022-01-29T14:24:47.000000Z,2022-01-29T14:24:47.000000Z,0.0,1,0.5860474289506977,0.5860474289506977,505
CADC0874_800_002,CADC0874,800,2022-01-29T14:28:02.000000Z,2022-01-29T14:28:02.000000Z,0.0,1,0.5728478212699969,0.5728478212699969,506
CADC0874_801_002,CADC0874,801,2022-01-29T14:31:07.000000Z,2022-01-29T14:31:07.000000Z,0.0,1,0.5345792026301424,0.5345792026301424,507
CADC0874_802_002,CADC0874,802,2022-01-29T14:34:12.000000Z,2022-01-29T14:34:12.000000Z,0.0,1,0.4742427837079201,0.4742427837079201,508
CADC0874_803_002,CADC0874,803,2022-01-29T14:37:32.000000Z,2022-01-29T14:37:32.000000Z,0.0,1,0.4737223473821164,0.4737223473821164,510
CADC0874_803_003,CADC0874,803,2022-01-29T14:40:32.000000Z,2022-01-29T14:40:32.000000Z,0.0,1,0.5249167058871602,0.5249167058871602,511
CADC0874_804_002,CADC0874,804,2022-01-29T14:40:52.000000Z,2022-01-29T14:40:52.000000Z,0.0,1,0.4304900622877018,0.4304900622877018,512
CADC0874_805_002,CADC0874,805,2022-01-29T15:05:07.000000Z,2022-01-29T15:05:12.000000Z,5.0,2,0.4298317643031475,0.3678175785646321,519
CADC0874_805_003,CADC0874,805,2022-01-29T15:06:27.000000Z,2022-01-29T15:06:37.000000Z,10.0,2,0.4930578294212608,0.42098580975147193,520
CADC0874_806_002,CADC0874,806,2022-01-29T15:08:37.000000Z,2022-01-29T15:08:37.000000Z,0.0,1,0.3078451751757749,0.3078451751757749,521
CADC0874_808_002,CADC0874,808,2022-01-29T15:49:12.000000Z,2022-01-29T15:49:12.000000Z,0.0,1,0.3204644296656917,0.3204644296656917,527
CADC0874_809_002,CADC0874,809,2022-01-29T15:50:07.000000Z,2022-01-29T15:50:07.000000Z,0.0,1,0.4743362420926542,0.4743362420926542,528
CADC0886_813_002,CADC0886,813,2022-01-04T20:30:30.000000Z,2022-01-04T20:30:50.000000Z,20.0,3,0.66,0.53,8
CADC0886_813_003,CADC0886,813,2022-01-04T20:32:00.000000Z,2022-01-04T20:32:00.000000Z,0.0,1,0.54,0.54,9
CADC0886_814_002,CADC0886,814,2022-01-04T21:00:55.000000Z,2022-01-04T21:01:00.000000Z,5.0,2,0.74,0.665,18
CADC0886_814_003,CADC0886,814,2022-01-04T21:02:05.000000Z,2022-01-04T21:02:10.000000Z,5.0,2,0.4,0.39,19
CADC0886_815_002,CADC0886,815,2022-01-04T21:05:20.000000Z,2022-01-04T21:05:20.000000Z,0.0,1,0.34,0.34,20
CADC0886_816_002,CADC0886,816,2022-01-04T21:08:45.000000Z,2022-01-04T21:08:45.000000Z,0.0,1,0.4945238095238094,0.4945238095238094,21
CADC0886_817_002,CADC0886,817,2022-01-05T00:44:30.000000Z,2022-01-05T00:47:00.000000Z,150.0,29,1.0,0.8768432601880879,49
CADC0886_818_002,CADC0886,818,2022-01-05T01:57:25.000000Z,2022-01-05T01:58:25.000000Z,60.0,13,1.0,0.8179249916749918,50
CADC0886_818_003,CADC0886,818,2022-01-05T02:00:35.000000Z,2022-01-05T02:00:40.000000Z,5.0,2,0.84,0.7949999999999999,51
CADC0886_819_002,CADC0886,819,2022-01-05T02:17:40.000000Z,2022-01-05T02:20:20.000000Z,160.0,33,1.0,0.883030303030303,52
CADC0886_820_002,CADC0886,820,2022-01-05T02:50:40.000000Z,2022-01-05T02:50:40.000000Z,0.0,1,0.59,0.59,53
CADC0888_1038_002,CADC0888,1038,2022-01-05T05:40:11.000000Z,2022-01-05T05:40:11.000000Z,0.0,1,0.32,0.32,54
CADC0888_1039_002,CADC0888,1039,2022-01-05T05:41:11.000000Z,2022-01-05T05:41:11.000000Z,0.0,1,0.35,0.35,55
CADC0888_1041_002,CADC0888,1041,2022-01-05T05:43:21.000000Z,2022-01-05T05:44:16.000000Z,55.0,3,0.68,0.5273333333333333,56
CADC0888_1043_002,CADC0888,1043,2022-01-05T05:45:21.000000Z,2022-01-05T05:46:21.000000Z,60.0,13,0.96,0.7145128205128206,57
CADC0888_1045_002,CADC0888,1045,2022-01-05T05:47:36.000000Z,2022-01-05T05:47:36.000000Z,0.0,1,0.5126587301587301,0.5126587301587301,58
CADC0888_1046_002,CADC0888,1046,2022-01-05T05:49:06.000000Z,2022-01-05T05:49:06.000000Z,0.0,1,0.4729761904761905,0.4729761904761905,59
CADC0888_1047_002,CADC0888,1047,2022-01-05T05:49:36.000000Z,2022-01-05T05:49:36.000000Z,0.0,1,0.315,0.315,60
CADC0888_1049_002,CADC0888,1049,2022-01-05T05:51:51.000000Z,2022-01-05T05:51:51.000000Z,0.0,1,0.5010000000000001,0.5010000000000001,61
CADC0888_1052_002,CADC0888,1052,2022-01-05T05:55:36.000000Z,2022-01-05T05:55:36.000000Z,0.0,1,0.3981666666666666,0.3981666666666666,62
CADC0888_1057_002,CADC0888,1057,2022-01-05T05:59:46.000000Z,2022-01-05T06:00:46.000000Z,60.0,13,0.97,0.6252008547008546,63
CADC0888_1059_002,CADC0888,1059,2022-01-05T07:01:46.000000Z,2022-01-05T07:01:46.000000Z,0.0,1,0.4639999999999999,0.4639999999999999,64
CADC0888_1063_002,CADC0888,1063,2022-01-05T07:04:56.000000Z,2022-01-05T07:04:56.000000Z,0.0,1,0.4479999999999999,0.4479999999999999,65
CADC0888_1066_002,CADC0888,1066,2022-01-05T07:06:51.000000Z,2022-01-05T07:07:36.000000Z,45.0,4,0.698047619047619,0.5595119047619047,66
CADC0888_1068_002,CADC0888,1068,2022-01-05T07:09:01.000000Z,2022-01-05T07:09:06.000000Z,5.0,2,0.99,0.99,67
CADC0888_1073_002,CADC0888,1073,2022-01-05T07:13:06.000000Z,2022-01-05T07:13:06.000000Z,0.0,1,0.39,0.39,68
CADC0888_1080_002,CADC0888,1080,2022-01-26T08:11:16.000000Z,2022-01-26T08:16:52.000000Z,336.0,58,1.0,0.7208978366166822,100
CADC0888_1081_002,CADC0888,1081,2022-01-27T02:11:17.000000Z,2022-01-27T02:11:17.000000Z,0.0,1,0.3048489688963113,0.3048489688963113,149
CADC0888_1082_002,CADC0888,1082,2022-01-27T02:16:37.000000Z,2022-01-27T02:16:37.000000Z,0.0,1,0.3048489688963113,0.3048489688963113,151
CADC0888_1082_003,CADC0888,1082,2022-01-27T02:18:07.000000Z,2022-01-27T02:18:07.000000Z,0.0,1,0.5413333333333333,0.5413333333333333,152
CADC0888_1082_004,CADC0888,1082,2022-01-27T02:20:18.000000Z,2022-01-27T02:20:18.000000Z,0.0,1,0.34,0.34,153
CADC0888_1083_002,CADC0888,1083,2022-01-27T02:21:38.000000Z,2022-01-27T02:21:38.000000Z,0.0,1,0.3048489688963113,0.3048489688963113,154
CADC0888_1083_003,CADC0888,1083,2022-01-27T02:24:07.000000Z,2022-01-27T02:24:07.000000Z,0.0,1,0.4395000000000001,0.4395000000000001,156
CADC0888_1084_002,CADC0888,1084,2022-01-27T02:26:34.000000Z,2022-01-27T02:28:14.000000Z,100.0,7,0.4469999999999999,0.36972621456208116,157
CADC0888_1084_003,CADC0888,1084,2022-01-27T02:30:59.000000Z,2022-01-27T02:30:59.000000Z,0.0,1,0.3176241355569672,0.3176241355569672,158
CADC0888_1085_002,CADC0888,1085,2022-01-27T02:31:09.000000Z,2022-01-27T02:32:49.000000Z,100.0,8,0.675,0.43787542720433037,159
CADC0888_1085_003,CADC0888,1085,2022-01-27T02:34:49.000000Z,2022-01-27T02:35:50.000000Z,61.0,5,0.4928856698856699,0.37081293607447946,160
CADC0888_1086_002,CADC0888,1086,2022-01-27T02:36:00.000000Z,2022-01-27T02:36:55.000000Z,55.0,4,0.6377499999999999,0.5254033189033189,161
CADC0888_1086_003,CADC0888,1086,2022-01-27T02:39:31.000000Z,2022-01-27T02:39:31.000000Z,0.0,1,0.32,0.32,162
CADC0888_1087_002,CADC0888,1087,2022-01-27T02:41:06.000000Z,2022-01-27T02:45:51.000000Z,285.0,39,1.0,0.7220818896273885,163
CADC0888_1088_002,CADC0888,1088,2022-01-27T10:09:21.000000Z,2022-01-27T10:09:21.000000Z,0.0,1,0.3048489688963113,0.3048489688963113,218
CADC0888_1088_003,CADC0888,1088,2022-01-27T10:12:31.000000Z,2022-01-27T10:12:31.000000Z,0.0,1,0.3117798706287762,0.3117798706287762,220
CADC0888_1089_002,CADC0888,1089,2022-01-27T10:13:21.000000Z,2022-01-27T10:15:11.000000Z,110.0,3,0.4548333333333334,0.3557451709692851,221
CADC0888_1090_002,CADC0888,1090,2022-01-27T10:17:11.000000Z,2022-01-27T10:17:11.000000Z,0.0,1,0.3048489688963113,0.3048489688963113,222
CADC0888_1091_002,CADC0888,1091,2022-01-27T10:20:36.000000Z,2022-01-27T10:21:06.000000Z,30.0,2,0.3176241355569672,0.31123655222663926,223
CADC0888_1092_002,CADC0888,1092,2022-01-27T10:24:26.000000Z,2022-01-27T10:24:46.000000Z,20.0,3,0.4765453148395723,0.3629824981380314,224
CADC0888_1093_002,CADC0888,1093,2022-01-27T10:28:02.000000Z,2022-01-27T10:28:22.000000Z,20.0,2,0.3527467509665918,0.32879785993145155,225
CADC0888_1093_003,CADC0888,1093,2022-01-27T10:31:52.000000Z,2022-01-27T10:31:52.000000Z,0.0,1,0.323743326118326,0.323743326118326,226
CADC0888_1094_002,CADC0888,1094,2022-01-27T10:32:17.000000Z,2022-01-27T10:32:37.000000Z,20.0,2,0.4917777777777777,0.4655555555555555,227
CADC0888_1520_002,CADC0888,1520,2022-06-01T23:42:18.000000Z,2022-06-01T23:42:18.000000Z,0.0,1,0.3048489688963113,0.3048489688963113,593
CADC0888_1520_003,CADC0888,1520,2022-06-01T23:43:33.000000Z,2022-06-01T23:44:38.000000Z,65.0,7,0.4531666666666667,0.36277380952380955,594
CADC0888_1521_002,CADC0888,1521,2022-06-01T23:46:43.000000Z,2022-06-01T23:46:43.000000Z,0.0,1,0.3048489688963113,0.3048489688963113,596
CADC0888_1521_003,CADC0888,1521,2022-06-01T23:47:48.000000Z,2022-06-01T23:47:53.000000Z,5.0,2,0.3454040619815841,0.3315140987692756,597
CADC0888_1521_004,CADC0888,1521,2022-06-01T23:48:58.000000Z,2022-06-01T23:48:58.000000Z,0.0,1,0.37,0.37,598
CADC0888_1521_005,CADC0888,1521,2022-06-01T23:51:23.000000Z,2022-06-01T23:51:48.000000Z,25.0,2,0.3454040619815841,0.3454040619815841,599
CADC0888_1522_002,CADC0888,1522,2022-06-01T23:52:03.000000Z,2022-06-01T23:55:28.000000Z,205.0,16,0.87,0.5413640287155828,600
CADC0888_1523_002,CADC0888,1523,2022-06-01T23:56:43.000000Z,2022-06-01T23:58:23.000000Z,100.0,5,0.4765453148395723,0.3728178295882203,603
CADC0888_1523_003,CADC0888,1523,2022-06-02T00:01:53.000000Z,2022-06-02T00:01:58.000000Z,5.0,2,0.4603655094905095,0.3889231948606947,606
CADC0888_1524_002,CADC0888,1524,2022-06-02T00:02:18.000000Z,2022-06-02T00:06:43.000000Z,265.0,20,0.883,0.552115011054098,607
CADC0888_1525_002,CADC0888,1525,2022-06-02T00:07:23.000000Z,2022-06-02T00:08:28.000000Z,65.0,8,0.85,0.5079315476190476,610
CADC0888_1525_003,CADC0888,1525,2022-06-02T00:10:08.000000Z,2022-06-02T00:11:18.000000Z,70.0,6,0.4765453148395723,0.3459036421143251,613
CADC0888_1526_002,CADC0888,1526,2022-06-02T00:11:38.000000Z,2022-06-02T00:13:18.000000Z,100.0,6,0.5027777777777778,0.42439682539682533,614
CADC0888_1526_003,CADC0888,1526,2022-06-02T00:14:53.000000Z,2022-06-02T00:15:13.000000Z,20.0,3,0.3454040619815841,0.32892384121895907,616
CADC0888_1527_002,CADC0888,1527,2022-06-02T00:15:28.000000Z,2022-06-02T00:16:43.000000Z,75.0,6,0.85,0.5698662077069173,617
CADC0888_1527_003,CADC0888,1527,2022-06-02T00:18:33.000000Z,2022-06-02T00:19:18.000000Z,45.0,3,0.72,0.46100939917951705,618
CADC0888_1528_002,CADC0888,1528,2022-06-02T00:19:33.000000Z,2022-06-02T00:21:58.000000Z,145.0,26,1.0,0.6819590372808751,619
CADC0888_1529_002,CADC0888,1529,2022-06-02T00:23:03.000000Z,2022-06-02T00:23:28.000000Z,25.0,3,0.3454040619815841,0.3226257221449542,621
CADC0888_1529_003,CADC0888,1529,2022-06-02T00:25:38.000000Z,2022-06-02T00:25:48.000000Z,10.0,2,0.32,0.315,623
CADC0888_1530_002,CADC0888,1530,2022-06-02T00:27:03.000000Z,2022-06-02T00:29:43.000000Z,160.0,22,0.99,0.7317913192002223,624
CADC0888_1531_002,CADC0888,1531,2022-06-02T00:30:43.000000Z,2022-06-02T00:30:43.000000Z,0.0,1,0.3048489688963113,0.3048489688963113,625
CADC0888_1532_002,CADC0888,1532,2022-06-02T00:34:38.000000Z,2022-06-02T00:34:38.000000Z,0.0,1,0.3048489688963113,0.3048489688963113,627
CADC0888_1532_003,CADC0888,1532,2022-06-02T00:35:43.000000Z,2022-06-02T00:37:48.000000Z,125.0,4,0.4928856698856699,0.3905857846939926,628
CADC0888_1533_002,CADC0888,1533,2022-06-02T00:38:33.000000Z,2022-06-02T00:39:28.000000Z,55.0,2,0.5446349206349207,0.424741944765616,630
CADC0888_1534_002,CADC0888,1534,2022-06-02T00:42:33.000000Z,2022-06-02T00:42:33.000000Z,0.0,1,0.3048489688963113,0.3048489688963113,632
CADC0888_1534_003,CADC0888,1534,2022-06-02T00:43:48.000000Z,2022-06-02T00:43:48.000000Z,0.0,1,0.592452380952381,0.592452380952381,633
CADC0888_1534_004,CADC0888,1534,2022-06-02T00:45:58.000000Z,2022-06-02T00:45:58.000000Z,0.0,1,0.5093809523809524,0.5093809523809524,634
CADC0888_1535_002,CADC0888,1535,2022-06-02T00:46:43.000000Z,2022-06-02T00:47:38.000000Z,55.0,2,0.5180714285714285,0.4114601987338699,635
CADC0888_1535_003,CADC0888,1535,2022-06-02T00:49:48.000000Z,2022-06-02T00:49:48.000000Z,0.0,1,0.8147297979797977,0.8147297979797977,637
CADC0888_1536_002,CADC0888,1536,2022-06-02T00:50:43.000000Z,2022-06-02T00:50:43.000000Z,0.0,1,0.3048489688963113,0.3048489688963113,638
CADC0888_1536_003,CADC0888,1536,2022-06-02T00:51:53.000000Z,2022-06-02T00:52:23.000000Z,30.0,2,0.4566904761904762,0.40138798701298706,639
CADC0888_1536_004,CADC0888,1536,2022-06-02T00:53:43.000000Z,2022-06-02T00:53:43.000000Z,0.0,1,0.33,0.33,640
CADC0888_1537_002,CADC0888,1537,2022-06-02T00:54:43.000000Z,2022-06-02T00:57:28.000000Z,165.0,23,0.97,0.7137646549623655,641
CADC0888_1538_002,CADC0888,1538,2022-06-02T00:58:28.000000Z,2022-06-02T00:58:28.000000Z,0.0,1,0.3048489688963113,0.3048489688963113,643
CADC0888_1539_002,CADC0888,1539,2022-06-02T01:02:33.000000Z,2022-06-02T01:04:28.000000Z,115.0,14,0.98,0.8047786646749033,645
CADC0888_1540_002,CADC0888,1540,2022-06-02T01:05:08.000000Z,2022-06-02T01:05:08.000000Z,0.0,1,0.3048489688963113,0.3048489688963113,647
CADC0888_1540_003,CADC0888,1540,2022-06-02T01:06:28.000000Z,2022-06-02T01:06:28.000000Z,0.0,1,0.4984999999999999,0.4984999999999999,648
CADC0888_1541_002,CADC0888,1541,2022-06-02T01:09:13.000000Z,2022-06-02T01:10:43.000000Z,90.0,3,0.5283333333333333,0.4430607674098816,651
CADC0888_1541_003,CADC0888,1541,2022-06-02T01:11:53.000000Z,2022-06-02T01:11:53.000000Z,0.0,1,0.4888333333333333,0.4888333333333333,653
CADC0888_1542_002,CADC0888,1542,2022-06-02T01:12:18.000000Z,2022-06-02T01:14:43.000000Z,145.0,7,0.82,0.6010838663049152,654
CADC0888_1543_002,CADC0888,1543,2022-06-02T01:15:48.000000Z,2022-06-02T01:16:43.000000Z,55.0,2,0.5180714285714285,0.4114601987338699,656
CADC0888_1543_003,CADC0888,1543,2022-06-02T01:18:43.000000Z,2022-06-02T01:19:03.000000Z,20.0,3,0.5184523809523809,0.3871981846757951,658
CADC0888_1544_002,CADC0888,1544,2022-06-02T01:19:28.000000Z,2022-06-02T01:21:23.000000Z,115.0,18,0.98,0.709785542839997,659
CADC0888_1545_002,CADC0888,1545,2022-06-02T01:22:23.000000Z,2022-06-02T01:23:18.000000Z,55.0,3,0.3454040619815841,0.3226257221449542,661
CADC0888_1546_002,CADC0888,1546,2022-06-02T01:26:38.000000Z,2022-06-02T01:29:13.000000Z,155.0,17,0.99,0.7229407615131247,663
CADC0888_1547_002,CADC0888,1547,2022-06-02T01:29:33.000000Z,2022-06-02T01:30:18.000000Z,45.0,2,0.3834595845331139,0.364431823257349,665
CADC0888_1547_003,CADC0888,1547,2022-06-02T01:32:53.000000Z,2022-06-02T01:33:18.000000Z,25.0,2,0.3527467509665918,0.332263310797684,667
CADC0888_1548_002,CADC0888,1548,2022-06-02T01:33:43.000000Z,2022-06-02T01:33:43.000000Z,0.0,1,0.323743326118326,0.323743326118326,668
CADC0888_1548_003,CADC0888,1548,2022-06-02T01:35:08.000000Z,2022-06-02T01:36:08.000000Z,60.0,3,0.396309523809524,0.34988095238095246,669
CADC0888_1549_002,CADC0888,1549,2022-06-02T01:37:23.000000Z,2022-06-02T01:38:48.000000Z,85.0,7,0.93,0.6216638321995465,671
CADC0888_1549_003,CADC0888,1549,2022-06-02T01:40:38.000000Z,2022-06-02T01:40:38.000000Z,0.0,1,0.4765453148395723,0.4765453148395723,673
CADC0888_1550_002,CADC0888,1550,2022-06-02T01:40:48.000000Z,2022-06-02T01:43:58.000000Z,190.0,18,0.956,0.5929160570198229,674
CADC0888_1551_002,CADC0888,1551,2022-06-02T01:44:23.000000Z,2022-06-02T01:44:58.000000Z,35.0,6,0.77,0.6111031746031745,677
CADC0888_1551_003,CADC0888,1551,2022-06-02T01:46:38.000000Z,2022-06-02T01:47:08.000000Z,30.0,2,0.5084761904761904,0.4130501630165788,679
CADC0888_1552_002,CADC0888,1552,2022-06-02T01:48:03.000000Z,2022-06-02T01:48:03.000000Z,0.0,1,0.4603655094905095,0.4603655094905095,680
CADC0888_1552_003,CADC0888,1552,2022-06-02T01:50:13.000000Z,2022-06-02T01:50:48.000000Z,35.0,4,0.4320033022533022,0.36223427614052606,681
CADC0888_1553_002,CADC0888,1553,2022-06-02T01:51:23.000000Z,2022-06-02T01:53:38.000000Z,135.0,5,0.4823412698412698,0.37834905520540263,682
CADC0888_1554_002,CADC0888,1554,2022-06-02T01:53:43.000000Z,2022-06-02T01:54:58.000000Z,75.0,7,0.7326904761904762,0.4077181753083504,684
CADC0888_1554_003,CADC0888,1554,2022-06-02T01:56:23.000000Z,2022-06-02T01:57:13.000000Z,50.0,3,0.82,0.5262358229634335,685
CADC0888_1555_002,CADC0888,1555,2022-06-02T01:57:18.000000Z,2022-06-02T01:58:58.000000Z,100.0,14,0.84,0.521840172718039,686
CADC0888_1556_002,CADC0888,1556,2022-06-02T01:59:48.000000Z,2022-06-02T02:00:33.000000Z,45.0,2,0.3176241355569672,0.31123655222663926,687
CADC0888_1556_003,CADC0888,1556,2022-06-02T02:02:28.000000Z,2022-06-02T02:02:28.000000Z,0.0,1,0.5084761904761904,0.5084761904761904,690
CADC0888_1557_002,CADC0888,1557,2022-06-02T02:03:33.000000Z,2022-06-02T02:05:43.000000Z,130.0,8,0.5315238095238095,0.36318472399097584,691
CADC0888_1558_002,CADC0888,1558,2022-06-02T02:06:13.000000Z,2022-06-02T02:07:03.000000Z,50.0,2,0.33,0.31742448444815563,692
CADC0888_1558_003,CADC0888,1558,2022-06-02T02:08:38.000000Z,2022-06-02T02:08:38.000000Z,0.0,1,0.8448715728715732,0.8448715728715732,694
CADC0888_1559_002,CADC0888,1559,2022-06-02T02:09:33.000000Z,2022-06-02T02:12:23.000000Z,170.0,26,1.0,0.6755976709648764,695
CADC0888_1560_002,CADC0888,1560,2022-06-02T02:12:48.000000Z,2022-06-02T02:14:48.000000Z,120.0,11,0.99,0.648867222280617,697
CADC0888_1561_002,CADC0888,1561,2022-06-02T02:15:58.000000Z,2022-06-02T02:16:43.000000Z,45.0,2,0.4195,0.36217448444815564,699
CADC0888_1561_003,CADC0888,1561,2022-06-02T02:18:28.000000Z,2022-06-02T02:18:28.000000Z,0.0,1,0.3969285714285713,0.3969285714285713,701
CADC0888_1562_002,CADC0888,1562,2022-06-02T02:19:28.000000Z,2022-06-02T02:21:08.000000Z,100.0,13,0.97,0.6810634737978847,702
CADC0888_1563_002,CADC0888,1563,2022-06-02T02:22:23.000000Z,2022-06-02T02:22:23.000000Z,0.0,1,0.3048489688963113,0.3048489688963113,704
CADC0888_1563_003,CADC0888,1563,2022-06-02T02:25:13.000000Z,2022-06-02T02:25:13.000000Z,0.0,1,0.3453809523809524,0.3453809523809524,705
CADC0888_1564_002,CADC0888,1564,2022-06-02T02:26:08.000000Z,2022-06-02T02:27:38.000000Z,90.0,3,0.5429285714285714,0.40365600550511965,706
CADC0888_1565_002,CADC0888,1565,2022-06-02T02:28:48.000000Z,2022-06-02T02:28:48.000000Z,0.0,1,0.3048489688963113,0.3048489688963113,707
CADC0888_1566_002,CADC0888,1566,2022-06-02T02:32:33.000000Z,2022-06-02T02:32:33.000000Z,0.0,1,0.3048489688963113,0.3048489688963113,709
CADC0888_1566_003,CADC0888,1566,2022-06-02T02:33:43.000000Z,2022-06-02T02:34:08.000000Z,25.0,2,0.5349523809523811,0.4424761904761905,710
CADC0888_1567_002,CADC0888,1567,2022-06-02T02:35:18.000000Z,2022-06-02T02:37:33.000000Z,135.0,26,0.99,0.7247698321370376,711
CADC0888_1568_002,CADC0888,1568,2022-06-02T02:38:28.000000Z,2022-06-02T02:39:23.000000Z,55.0,2,0.3631904761904762,0.33401972254339374,713
CADC0888_1568_003,CADC0888,1568,2022-06-02T02:41:13.000000Z,2022-06-02T02:41:13.000000Z,0.0,1,0.37,0.37,714
CADC0888_1569_002,CADC0888,1569,2022-06-02T02:41:43.000000Z,2022-06-02T02:43:13.000000Z,90.0,12,0.975,0.6991263029635815,715
CADC0888_1570_002,CADC0888,1570,2022-06-02T02:44:18.000000Z,2022-06-02T02:45:28.000000Z,70.0,3,0.3463531746031746,0.3270673811664953,717
CADC0888_1570_003,CADC0888,1570,2022-06-02T02:46:58.000000Z,2022-06-02T02:46:58.000000Z,0.0,1,0.5084761904761904,0.5084761904761904,718
CADC0888_1571_002,CADC0888,1571,2022-06-02T02:48:48.000000Z,2022-06-02T02:48:48.000000Z,0.0,1,0.3048489688963113,0.3048489688963113,719
CADC0888_1571_003,CADC0888,1571,2022-06-02T02:51:03.000000Z,2022-06-02T02:51:03.000000Z,0.0,1,0.63,0.63,720
CADC0888_1571_004,CADC0888,1571,2022-06-02T02:52:38.000000Z,2022-06-02T02:52:38.000000Z,0.0,1,0.7263333333333333,0.7263333333333333,721
CADC0888_1572_002,CADC0888,1572,2022-06-02T02:53:28.000000Z,2022-06-02T02:53:28.000000Z,0.0,1,0.3048489688963113,0.3048489688963113,722
CADC0888_1572_003,CADC0888,1572,2022-06-02T02:55:08.000000Z,2022-06-02T02:55:38.000000Z,30.0,3,0.4734999999999999,0.40312433862433855,723
CADC0888_1573_002,CADC0888,1573,2022-06-02T02:56:33.000000Z,2022-06-02T02:57:53.000000Z,80.0,6,0.82,0.5131388888888889,724
CADC0888_1574_002,CADC0888,1574,2022-06-02T02:59:23.000000Z,2022-06-02T02:59:23.000000Z,0.0,1,0.3048489688963113,0.3048489688963113,727
CADC0888_1574_003,CADC0888,1574,2022-06-02T03:00:38.000000Z,2022-06-02T03:01:13.000000Z,35.0,4,0.4860952380952381,0.4327738095238095,728
CADC0888_1575_002,CADC0888,1575,2022-06-02T03:02:23.000000Z,2022-06-02T03:05:03.000000Z,160.0,15,0.87,0.5842685893667431,729
CADC0888_1576_002,CADC0888,1576,2022-06-02T03:06:18.000000Z,2022-06-02T03:06:18.000000Z,0.0,1,0.5209523809523808,0.5209523809523808,732
CADC0888_1576_003,CADC0888,1576,2022-06-02T03:07:58.000000Z,2022-06-02T03:07:58.000000Z,0.0,1,0.4423333333333332,0.4423333333333332,733
CADC0888_1577_002,CADC0888,1577,2022-06-02T03:09:13.000000Z,2022-06-02T03:11:08.000000Z,115.0,11,0.97,0.5946873915181167,734
CADC0888_1578_002,CADC0888,1578,2022-06-02T03:14:53.000000Z,2022-06-02T03:14:53.000000Z,0.0,1,0.31748088023088,0.31748088023088,738
CADC0888_1579_002,CADC0888,1579,2022-06-02T03:15:08.000000Z,2022-06-02T03:17:38.000000Z,150.0,13,0.95,0.6181638953241939,739
CADC0888_1580_002,CADC0888,1580,2022-06-02T03:17:43.000000Z,2022-06-02T03:18:38.000000Z,55.0,6,0.85,0.5337638793954583,741
CADC0888_1580_003,CADC0888,1580,2022-06-02T03:20:38.000000Z,2022-06-02T03:20:38.000000Z,0.0,1,0.3176241355569672,0.3176241355569672,743
CADC0888_1581_002,CADC0888,1581,2022-06-02T03:20:58.000000Z,2022-06-02T03:21:08.000000Z,10.0,3,0.5203106060606063,0.46010516847776417,744
CADC0888_1581_003,CADC0888,1581,2022-06-02T03:22:33.000000Z,2022-06-02T03:22:33.000000Z,0.0,1,0.34,0.34,745
CADC0888_1581_004,CADC0888,1581,2022-06-02T03:23:48.000000Z,2022-06-02T03:23:48.000000Z,0.0,1,0.4686904761904761,0.4686904761904761,746
CADC0888_1582_002,CADC0888,1582,2022-06-02T03:23:53.000000Z,2022-06-02T03:25:48.000000Z,115.0,24,1.0,0.8468749999999999,747
CADC0888_1583_002,CADC0888,1583,2022-06-02T03:26:58.000000Z,2022-06-02T03:27:03.000000Z,5.0,2,0.4841739926739926,0.4580886474636474,749
CADC0888_1583_003,CADC0888,1583,2022-06-02T03:29:28.000000Z,2022-06-02T03:30:03.000000Z,35.0,3,0.4893730158730158,0.4130001512277617,750
CADC0888_1584_002,CADC0888,1584,2022-06-02T03:31:33.000000Z,2022-06-02T03:31:33.000000Z,0.0,1,0.3048489688963113,0.3048489688963113,752
CADC0888_1584_003,CADC0888,1584,2022-06-02T03:32:53.000000Z,2022-06-02T03:32:53.000000Z,0.0,1,0.3527467509665918,0.3527467509665918,753
CADC0888_1584_004,CADC0888,1584,2022-06-02T03:34:03.000000Z,2022-06-02T03:35:43.000000Z,100.0,4,0.56,0.4164893672225751,754
CADC0888_1585_002,CADC0888,1585,2022-06-02T03:37:18.000000Z,2022-06-02T03:37:18.000000Z,0.0,1,0.3048489688963113,0.3048489688963113,756
CADC0888_1585_003,CADC0888,1585,2022-06-02T03:38:58.000000Z,2022-06-02T03:40:13.000000Z,75.0,3,0.6949999999999998,0.5518888888888889,757
CADC0888_1586_002,CADC0888,1586,2022-06-02T03:40:58.000000Z,2022-06-02T03:42:58.000000Z,120.0,9,0.5831666666666667,0.35923775234666055,759
CADC0888_1587_002,CADC0888,1587,2022-06-02T03:43:53.000000Z,2022-06-02T03:45:48.000000Z,115.0,13,0.92,0.5843219003219002,761
CADC0888_1588_002,CADC0888,1588,2022-06-02T03:46:38.000000Z,2022-06-02T03:46:38.000000Z,0.0,1,0.3048489688963113,0.3048489688963113,763
CADC0888_1588_003,CADC0888,1588,2022-06-02T03:49:13.000000Z,2022-06-02T03:49:18.000000Z,5.0,2,0.4,0.38,764
CADC0888_1589_002,CADC0888,1589,2022-06-02T03:50:08.000000Z,2022-06-02T03:51:23.000000Z,75.0,11,0.99,0.6565271330768915,765
CADC0888_1590_002,CADC0888,1590,2022-06-02T03:52:18.000000Z,2022-06-02T03:52:18.000000Z,0.0,1,0.3048489688963113,0.3048489688963113,767
CADC0888_1590_003,CADC0888,1590,2022-06-02T03:53:23.000000Z,2022-06-02T03:53:23.000000Z,0.0,1,0.5446349206349207,0.5446349206349207,768
CADC0888_1590_004,CADC0888,1590,2022-06-02T03:55:13.000000Z,2022-06-02T03:55:13.000000Z,0.0,1,0.3255180375180374,0.3255180375180374,769
CADC0888_1591_002,CADC0888,1591,2022-06-02T03:57:53.000000Z,2022-06-02T03:57:53.000000Z,0.0,1,0.3048489688963113,0.3048489688963113,770
CADC0888_1591_003,CADC0888,1591,2022-06-02T03:59:13.000000Z,2022-06-02T03:59:13.000000Z,0.0,1,0.3751666666666667,0.3751666666666667,771
CADC0888_1592_002,CADC0888,1592,2022-06-02T04:02:08.000000Z,2022-06-02T04:04:28.000000Z,140.0,5,0.3753809523809523,0.34629836520783364,773
CADC0888_1593_002,CADC0888,1593,2022-06-02T04:05:08.000000Z,2022-06-02T04:06:48.000000Z,100.0,3,0.5326666666666666,0.4071335978835979,775
CADC0888_1594_002,CADC0888,1594,2022-06-02T04:07:53.000000Z,2022-06-02T04:10:43.000000Z,170.0,27,1.0,0.6893312669256128,777
CADC0888_1595_002,CADC0888,1595,2022-06-02T04:10:53.000000Z,2022-06-02T04:12:13.000000Z,80.0,13,0.956,0.6226217766061877,779
CADC0888_1596_002,CADC0888,1596,2022-06-02T04:13:08.000000Z,2022-06-02T04:13:08.000000Z,0.0,1,0.3048489688963113,0.3048489688963113,780
CADC0888_1597_002,CADC0888,1597,2022-06-02T04:18:23.000000Z,2022-06-02T04:18:23.000000Z,0.0,1,0.3048489688963113,0.3048489688963113,784
CADC0888_1597_003,CADC0888,1597,2022-06-02T04:19:33.000000Z,2022-06-02T04:20:13.000000Z,40.0,2,0.4127380952380952,0.3794117965367966,785
CADC0888_1597_004,CADC0888,1597,2022-06-02T04:21:23.000000Z,2022-06-02T04:21:23.000000Z,0.0,1,0.4928856698856699,0.4928856698856699,786
CADC0888_1598_002,CADC0888,1598,2022-06-02T04:22:38.000000Z,2022-06-02T04:23:33.000000Z,55.0,3,0.5351666666666667,0.3906996562987704,787
CADC0888_1599_002,CADC0888,1599,2022-06-02T04:24:48.000000Z,2022-06-02T04:26:48.000000Z,120.0,4,0.42,0.34919496765719404,788
CADC0888_1600_002,CADC0888,1600,2022-06-02T04:27:43.000000Z,2022-06-02T04:27:43.000000Z,0.0,1,0.3048489688963113,0.3048489688963113,789
CADC0888_1600_003,CADC0888,1600,2022-06-02T04:29:03.000000Z,2022-06-02T04:30:08.000000Z,65.0,11,0.91,0.672878787878788,790
CADC0888_1601_002,CADC0888,1601,2022-06-02T04:30:28.000000Z,2022-06-02T04:31:53.000000Z,85.0,12,1.0,0.6497499999999999,791
CADC0888_1602_002,CADC0888,1602,2022-06-02T04:32:48.000000Z,2022-06-02T04:33:43.000000Z,55.0,2,0.3176241355569672,0.31123655222663926,792
CADC0888_1603_002,CADC0888,1603,2022-06-02T04:37:57.000000Z,2022-06-02T04:39:07.000000Z,70.0,6,0.4765453148395723,0.3649625565334704,795
CADC0888_1603_003,CADC0888,1603,2022-06-02T04:42:07.000000Z,2022-06-02T04:42:27.000000Z,20.0,3,0.4241937599437599,0.3786868961955519,797
CADC0888_1604_002,CADC0888,1604,2022-06-02T04:42:42.000000Z,2022-06-02T04:44:22.000000Z,100.0,14,0.99,0.590000696120441,798
CADC0888_1605_002,CADC0888,1605,2022-06-02T04:44:32.000000Z,2022-06-02T04:47:57.000000Z,205.0,34,1.0,0.6280809619664087,799
CADC0888_1606_002,CADC0888,1606,2022-06-02T04:48:47.000000Z,2022-06-02T04:49:07.000000Z,20.0,2,0.445,0.39,801
CADC0888_1606_003,CADC0888,1606,2022-06-02T04:50:12.000000Z,2022-06-02T04:50:22.000000Z,10.0,2,0.415,0.3675,802
CADC0888_1607_002,CADC0888,1607,2022-06-02T04:50:32.000000Z,2022-06-02T04:51:12.000000Z,40.0,5,0.6993928571428571,0.44022380952380963,803
CADC0888_1607_003,CADC0888,1607,2022-06-02T04:52:22.000000Z,2022-06-02T04:53:02.000000Z,40.0,3,0.4893730158730158,0.38233238380999435,804
CADC0888_1608_002,CADC0888,1608,2022-06-02T04:53:17.000000Z,2022-06-02T04:55:07.000000Z,110.0,7,0.5810833333333333,0.4421200767020094,805
CADC0888_1608_003,CADC0888,1608,2022-06-02T04:56:17.000000Z,2022-06-02T04:56:47.000000Z,30.0,2,0.3683333333333333,0.34559523809523807,807
CADC0888_1609_002,CADC0888,1609,2022-06-02T04:58:32.000000Z,2022-06-02T04:58:32.000000Z,0.0,1,0.3048489688963113,0.3048489688963113,808
CADC0888_1609_003,CADC0888,1609,2022-06-02T05:01:37.000000Z,2022-06-02T05:02:07.000000Z,30.0,2,0.3527467509665918,0.3351138155987359,810
CADC0888_1610_002,CADC0888,1610,2022-06-02T05:03:27.000000Z,2022-06-02T05:03:27.000000Z,0.0,1,0.3048489688963113,0.3048489688963113,812
CADC0888_1610_003,CADC0888,1610,2022-06-02T05:04:37.000000Z,2022-06-02T05:07:32.000000Z,175.0,26,1.0,0.6786690267710527,813
CADC0888_1611_002,CADC0888,1611,2022-06-02T05:08:02.000000Z,2022-06-02T05:11:42.000000Z,220.0,42,0.98,0.8185643218669393,815
CADC0888_1612_002,CADC0888,1612,2022-06-02T05:12:37.000000Z,2022-06-02T05:16:32.000000Z,235.0,42,1.0,0.6643715240246835,817
CADC0888_1613_002,CADC0888,1613,2022-06-02T05:17:32.000000Z,2022-06-02T05:17:32.000000Z,0.0,1,0.3048489688963113,0.3048489688963113,820
CADC0888_1613_003,CADC0888,1613,2022-06-02T05:18:37.000000Z,2022-06-02T05:18:37.000000Z,0.0,1,0.5960357142857143,0.5960357142857143,821
CADC0888_1613_004,CADC0888,1613,2022-06-02T05:20:27.000000Z,2022-06-02T05:20:32.000000Z,5.0,2,0.75,0.6282857142857141,822
CADC0888_1614_002,CADC0888,1614,2022-06-02T05:22:52.000000Z,2022-06-02T05:22:52.000000Z,0.0,1,0.3048489688963113,0.3048489688963113,823
CADC0888_1614_003,CADC0888,1614,2022-06-02T05:24:02.000000Z,2022-06-02T05:24:07.000000Z,5.0,2,0.3460854978354979,0.34479274891774897,824
CADC0888_1614_004,CADC0888,1614,2022-06-02T05:25:47.000000Z,2022-06-02T05:25:52.000000Z,5.0,2,0.81,0.651442834942835,825
CADC0888_1615_002,CADC0888,1615,2022-06-02T05:27:12.000000Z,2022-06-02T05:31:17.000000Z,245.0,43,0.95,0.6975118069547683,826
CADC0888_1616_002,CADC0888,1616,2022-06-02T05:32:27.000000Z,2022-06-02T05:33:07.000000Z,40.0,2,0.3463531746031746,0.32560107174974295,829
CADC0888_1616_003,CADC0888,1616,2022-06-02T05:34:22.000000Z,2022-06-02T05:34:22.000000Z,0.0,1,0.4784047619047619,0.4784047619047619,830
CADC0888_1617_002,CADC0888,1617,2022-06-02T05:35:02.000000Z,2022-06-02T05:36:27.000000Z,85.0,15,0.96,0.6902111111111111,831
CADC0888_1618_002,CADC0888,1618,2022-06-02T05:37:42.000000Z,2022-06-02T05:40:42.000000Z,180.0,8,0.8048571428571429,0.5442311211120389,833
CADC0888_1619_002,CADC0888,1619,2022-06-02T05:42:37.000000Z,2022-06-02T05:42:37.000000Z,0.0,1,0.3048489688963113,0.3048489688963113,835
CADC0888_1619_003,CADC0888,1619,2022-06-02T05:44:52.000000Z,2022-06-02T05:44:52.000000Z,0.0,1,0.4163809523809524,0.4163809523809524,836
CADC0888_1620_002,CADC0888,1620,2022-06-02T05:47:12.000000Z,2022-06-02T05:47:12.000000Z,0.0,1,0.3048489688963113,0.3048489688963113,837
CADC0888_1620_003,CADC0888,1620,2022-06-02T05:48:57.000000Z,2022-06-02T05:51:07.000000Z,130.0,13,0.83,0.5022774725274725,839
CADC0888_1621_002,CADC0888,1621,2022-06-02T05:52:27.000000Z,2022-06-02T05:56:12.000000Z,225.0,41,1.0,0.7919604524494122,841
CADC0888_1622_002,CADC0888,1622,2022-06-02T05:56:47.000000Z,2022-06-02T05:56:47.000000Z,0.0,1,0.3048489688963113,0.3048489688963113,843
CADC0888_1622_003,CADC0888,1622,2022-06-02T05:58:07.000000Z,2022-06-02T05:58:07.000000Z,0.0,1,0.4137857142857142,0.4137857142857142,844
CADC0888_1622_004,CADC0888,1622,2022-06-02T05:59:22.000000Z,2022-06-02T05:59:22.000000Z,0.0,1,0.4037619047619048,0.4037619047619048,845
CADC0888_1623_002,CADC0888,1623,2022-06-02T06:01:32.000000Z,2022-06-02T06:01:32.000000Z,0.0,1,0.3048489688963113,0.3048489688963113,846
CADC0888_1623_003,CADC0888,1623,2022-06-02T06:04:17.000000Z,2022-06-02T06:04:17.000000Z,0.0,1,0.4401666666666665,0.4401666666666665,848
CADC0888_1624_002,CADC0888,1624,2022-06-02T06:06:32.000000Z,2022-06-02T06:07:37.000000Z,65.0,3,0.4765453148395723,0.3663394730976169,849
CADC0888_1625_002,CADC0888,1625,2022-06-02T06:11:32.000000Z,2022-06-02T06:16:07.000000Z,275.0,45,0.995,0.8045019810653578,852
CADC0888_1626_002,CADC0888,1626,2022-06-02T06:16:22.000000Z,2022-06-02T06:21:22.000000Z,300.0,42,0.97,0.7601313388674263,855
CADC0888_1627_002,CADC0888,1627,2022-06-02T06:22:27.000000Z,2022-06-02T06:22:37.000000Z,10.0,3,0.5141666666666667,0.485515873015873,859
CADC0888_1627_003,CADC0888,1627,2022-06-02T06:25:32.000000Z,2022-06-02T06:25:32.000000Z,0.0,1,0.3512619047619047,0.3512619047619047,861
CADC0888_1628_002,CADC0888,1628,2022-06-02T06:26:27.000000Z,2022-06-02T06:28:22.000000Z,115.0,7,0.5302272727272728,0.4059232550907325,862
CADC0888_1628_003,CADC0888,1628,2022-06-02T06:31:12.000000Z,2022-06-02T06:31:12.000000Z,0.0,1,0.3618932733932734,0.3618932733932734,865
CADC0888_1629_002,CADC0888,1629,2022-06-02T06:31:37.000000Z,2022-06-02T06:35:52.000000Z,255.0,42,0.99,0.7700536490919648,866
CADC0888_1630_002,CADC0888,1630,2022-06-02T06:36:27.000000Z,2022-06-02T06:40:27.000000Z,240.0,42,0.9783333333333332,0.7647548741822552,869
CADC0888_1631_002,CADC0888,1631,2022-06-02T06:40:57.000000Z,2022-06-02T06:42:12.000000Z,75.0,4,0.7326904761904762,0.4713477133427569,872
CADC0888_1631_003,CADC0888,1631,2022-06-02T06:43:22.000000Z,2022-06-02T06:43:22.000000Z,0.0,1,0.3,0.3,874
CADC0888_1631_004,CADC0888,1631,2022-06-02T06:44:37.000000Z,2022-06-02T06:45:27.000000Z,50.0,4,0.7574603174603175,0.48135533877175707,875
CADC0888_1632_002,CADC0888,1632,2022-06-02T06:46:17.000000Z,2022-06-02T06:46:17.000000Z,0.0,1,0.3048489688963113,0.3048489688963113,876
CADC0888_1632_003,CADC0888,1632,2022-06-02T06:47:32.000000Z,2022-06-02T06:49:32.000000Z,120.0,25,0.98,0.6747138394938393,877
CADC0888_1633_002,CADC0888,1633,2022-06-02T06:51:12.000000Z,2022-06-02T06:51:12.000000Z,0.0,1,0.3048489688963113,0.3048489688963113,879
CADC0888_1633_003,CADC0888,1633,2022-06-02T06:52:32.000000Z,2022-06-02T06:54:47.000000Z,135.0,8,0.75,0.47603968253968254,881
CADC0888_1634_002,CADC0888,1634,2022-06-02T06:55:57.000000Z,2022-06-02T07:00:02.000000Z,245.0,42,1.0,0.8198583491852579,883
CADC0888_1635_002,CADC0888,1635,2022-06-02T07:01:02.000000Z,2022-06-02T07:01:02.000000Z,0.0,1,0.3048489688963113,0.3048489688963113,885
CADC0888_1635_003,CADC0888,1635,2022-06-02T07:02:42.000000Z,2022-06-02T07:03:57.000000Z,75.0,5,0.5521190476190476,0.3952984126984127,886
CADC0888_1636_002,CADC0888,1636,2022-06-02T07:05:42.000000Z,2022-06-02T07:05:42.000000Z,0.0,1,0.3048489688963113,0.3048489688963113,889
CADC0888_1636_003,CADC0888,1636,2022-06-02T07:09:42.000000Z,2022-06-02T07:09:42.000000Z,0.0,1,0.3117798706287762,0.3117798706287762,891
CADC0888_1637_002,CADC0888,1637,2022-06-02T07:11:27.000000Z,2022-06-02T07:11:27.000000Z,0.0,1,0.3048489688963113,0.3048489688963113,892
CADC0888_1637_003,CADC0888,1637,2022-06-02T07:14:32.000000Z,2022-06-02T07:15:17.000000Z,45.0,4,0.6692698412698416,0.5026031746031746,893
CADC0888_1638_002,CADC0888,1638,2022-06-02T07:16:32.000000Z,2022-06-02T07:20:47.000000Z,255.0,41,1.0,0.8461827274643698,894
CADC0888_1639_002,CADC0888,1639,2022-06-02T07:21:52.000000Z,2022-06-02T07:26:02.000000Z,250.0,21,1.0,0.6413363454576475,898
CADC0888_1640_002,CADC0888,1640,2022-06-02T07:26:47.000000Z,2022-06-02T07:26:47.000000Z,0.0,1,0.3048489688963113,0.3048489688963113,900
CADC0888_1640_003,CADC0888,1640,2022-06-02T07:29:57.000000Z,2022-06-02T07:29:57.000000Z,0.0,1,0.4730833333333333,0.4730833333333333,902
CADC0888_1641_002,CADC0888,1641,2022-06-02T08:24:02.000000Z,2022-06-02T08:24:02.000000Z,0.0,1,0.3048489688963113,0.3048489688963113,904
CADC0888_1641_003,CADC0888,1641,2022-06-02T08:25:27.000000Z,2022-06-02T08:28:27.000000Z,180.0,37,1.0,0.781802299052299,905
CADC0888_1642_002,CADC0888,1642,2022-06-02T08:29:32.000000Z,2022-06-02T08:34:02.000000Z,270.0,45,1.0,0.8263675993408737,907
CADC0888_1643_002,CADC0888,1643,2022-06-02T08:35:07.000000Z,2022-06-02T08:36:37.000000Z,90.0,3,0.64,0.48028298963210375,910
CADC0888_1643_003,CADC0888,1643,2022-06-02T08:37:52.000000Z,2022-06-02T08:38:12.000000Z,20.0,2,0.45,0.39,912
CADC0888_1644_002,CADC0888,1644,2022-06-02T08:40:07.000000Z,2022-06-02T08:40:07.000000Z,0.0,1,0.3048489688963113,0.3048489688963113,914
CADC0888_1645_002,CADC0888,1645,2022-06-02T08:46:37.000000Z,2022-06-02T08:46:37.000000Z,0.0,1,0.3048489688963113,0.3048489688963113,917
CADC0888_1645_003,CADC0888,1645,2022-06-02T08:49:17.000000Z,2022-06-02T08:49:17.000000Z,0.0,1,0.35,0.35,919
CADC0888_1645_004,CADC0888,1645,2022-06-02T08:50:47.000000Z,2022-06-02T08:50:47.000000Z,0.0,1,0.5065714285714283,0.5065714285714283,920
CADC0888_1646_002,CADC0888,1646,2022-06-02T08:52:02.000000Z,2022-06-02T08:57:02.000000Z,300.0,51,1.0,0.7503130983630462,921
CADC0888_1647_002,CADC0888,1647,2022-06-02T08:58:07.000000Z,2022-06-02T09:03:12.000000Z,305.0,51,1.0,0.7977644677997098,925
CADC0888_1648_002,CADC0888,1648,2022-06-02T09:04:27.000000Z,2022-06-02T09:05:22.000000Z,55.0,2,0.3715,0.3381744844481557,928
CADC0888_1649_002,CADC0888,1649,2022-06-02T09:09:47.000000Z,2022-06-02T09:09:47.000000Z,0.0,1,0.3048489688963113,0.3048489688963113,930
CADC0888_1649_003,CADC0888,1649,2022-06-02T09:13:22.000000Z,2022-06-02T09:13:32.000000Z,10.0,3,0.71,0.6087222222222222,932
CADC0888_1650_002,CADC0888,1650,2022-06-02T09:15:32.000000Z,2022-06-02T09:15:32.000000Z,0.0,1,0.3048489688963113,0.3048489688963113,933
CADC0888_1650_003,CADC0888,1650,2022-06-02T09:17:27.000000Z,2022-06-02T09:17:27.000000Z,0.0,1,0.3753809523809523,0.3753809523809523,934
CADC0888_1650_004,CADC0888,1650,2022-06-02T09:19:37.000000Z,2022-06-02T09:19:47.000000Z,10.0,2,0.4948333333333333,0.48560714285714285,935
CADC0888_1651_002,CADC0888,1651,2022-06-02T09:21:02.000000Z,2022-06-02T09:26:27.000000Z,325.0,53,1.0,0.7668987633060843,936
CADC0888_1652_002,CADC0888,1652,2022-06-02T09:26:52.000000Z,2022-06-02T09:27:37.000000Z,45.0,2,0.3176241355569672,0.31123655222663926,940
CADC0888_1652_003,CADC0888,1652,2022-06-02T09:29:17.000000Z,2022-06-02T09:29:22.000000Z,5.0,2,0.4622380952380951,0.45516071428571425,941
CADC0888_1653_002,CADC0888,1653,2022-06-02T09:30:12.000000Z,2022-06-02T09:32:27.000000Z,135.0,25,1.0,0.7794681118881119,942
CADC0888_1654_002,CADC0888,1654,2022-06-02T09:34:07.000000Z,2022-06-02T09:34:07.000000Z,0.0,1,0.3031904761904762,0.3031904761904762,944
CADC0888_1654_003,CADC0888,1654,2022-06-02T09:36:22.000000Z,2022-06-02T09:37:07.000000Z,45.0,5,0.6341190476190475,0.4613666666666666,945
CADC0888_1654_004,CADC0888,1654,2022-06-02T09:39:22.000000Z,2022-06-02T09:39:22.000000Z,0.0,1,0.3176241355569672,0.3176241355569672,947
CADC0888_1655_002,CADC0888,1655,2022-06-02T09:39:47.000000Z,2022-06-02T09:41:22.000000Z,95.0,5,0.4765453148395723,0.43233507226598256,948
CADC0888_1656_002,CADC0888,1656,2022-06-02T09:46:22.000000Z,2022-06-02T09:47:32.000000Z,70.0,5,0.4765453148395723,0.35240932336628045,950
CADC0888_1656_003,CADC0888,1656,2022-06-02T09:48:52.000000Z,2022-06-02T09:48:52.000000Z,0.0,1,0.4868333333333332,0.4868333333333332,952
CADC0888_1656_004,CADC0888,1656,2022-06-02T09:50:52.000000Z,2022-06-02T09:51:27.000000Z,35.0,3,0.4047392243495185,0.3651088377253366,953
CADC0888_1657_002,CADC0888,1657,2022-06-02T09:52:47.000000Z,2022-06-02T09:52:47.000000Z,0.0,1,0.3048489688963113,0.3048489688963113,954
CADC0888_1657_003,CADC0888,1657,2022-06-02T09:54:17.000000Z,2022-06-02T09:55:47.000000Z,90.0,6,0.7326904761904762,0.4470642233992823,955
CADC0888_1657_004,CADC0888,1657,2022-06-02T09:56:52.000000Z,2022-06-02T09:57:22.000000Z,30.0,4,0.4263333333333333,0.3849166666666667,957
CADC0888_1658_002,CADC0888,1658,2022-06-02T09:59:02.000000Z,2022-06-02T10:04:07.000000Z,305.0,54,0.99,0.7982286249980203,958
CADC0888_1659_002,CADC0888,1659,2022-06-02T10:05:12.000000Z,2022-06-02T10:05:12.000000Z,0.0,1,0.3048489688963113,0.3048489688963113,961
CADC0888_1659_003,CADC0888,1659,2022-06-02T10:06:17.000000Z,2022-06-02T10:08:37.000000Z,140.0,14,1.0,0.6279212018140589,962
CADC0888_1660_002,CADC0888,1660,2022-06-02T10:08:52.000000Z,2022-06-02T10:10:12.000000Z,80.0,9,0.5631904761904761,0.4075234888568222,963
CADC0888_1661_002,CADC0888,1661,2022-06-02T10:12:12.000000Z,2022-06-02T10:13:12.000000Z,60.0,2,0.3176241355569672,0.31123655222663926,965
CADC0888_1661_003,CADC0888,1661,2022-06-02T10:15:12.000000Z,2022-06-02T10:15:42.000000Z,30.0,3,0.8448715728715732,0.6408460798460799,967
CADC0888_1662_002,CADC0888,1662,2022-06-02T10:16:42.000000Z,2022-06-02T10:18:27.000000Z,105.0,13,0.9816666666666666,0.7659443151787262,969
CADC0888_1663_002,CADC0888,1663,2022-06-02T10:19:42.000000Z,2022-06-02T10:19:42.000000Z,0.0,1,0.3048489688963113,0.3048489688963113,971
CADC0888_1663_003,CADC0888,1663,2022-06-02T10:23:47.000000Z,2022-06-02T10:23:47.000000Z,0.0,1,0.3453809523809524,0.3453809523809524,974
CADC0888_1664_002,CADC0888,1664,2022-06-02T10:25:07.000000Z,2022-06-02T10:26:47.000000Z,100.0,16,0.97,0.7618472073814162,975
CADC0888_1665_002,CADC0888,1665,2022-06-02T10:28:17.000000Z,2022-06-02T10:28:17.000000Z,0.0,1,0.3048489688963113,0.3048489688963113,977
CADC0888_1665_003,CADC0888,1665,2022-06-02T10:29:42.000000Z,2022-06-02T10:29:42.000000Z,0.0,1,0.34,0.34,978
CADC0888_1665_004,CADC0888,1665,2022-06-02T10:31:52.000000Z,2022-06-02T10:32:12.000000Z,20.0,3,0.65,0.49000000000000005,980
CADC0888_1666_002,CADC0888,1666,2022-06-02T10:33:12.000000Z,2022-06-02T10:35:17.000000Z,125.0,15,0.94,0.7180899312597542,981
CADC0888_1667_002,CADC0888,1667,2022-06-02T10:36:32.000000Z,2022-06-02T10:36:32.000000Z,0.0,1,0.3048489688963113,0.3048489688963113,983
CADC0888_1667_003,CADC0888,1667,2022-06-02T10:38:02.000000Z,2022-06-02T10:38:12.000000Z,10.0,3,0.848,0.6375449735449735,984
CADC0888_1667_004,CADC0888,1667,2022-06-02T10:40:27.000000Z,2022-06-02T10:40:42.000000Z,15.0,4,0.8448715728715732,0.5762178932178933,985
CADC0888_1668_002,CADC0888,1668,2022-06-02T10:41:27.000000Z,2022-06-02T10:43:27.000000Z,120.0,19,0.99,0.741137414403064,986
CADC0888_1669_002,CADC0888,1669,2022-06-02T10:44:37.000000Z,2022-06-02T10:44:37.000000Z,0.0,1,0.3048489688963113,0.3048489688963113,988
CADC0888_1669_003,CADC0888,1669,2022-06-02T10:46:07.000000Z,2022-06-02T10:46:42.000000Z,35.0,3,0.4891666666666666,0.3955555555555555,989
CADC0888_1669_004,CADC0888,1669,2022-06-02T10:48:02.000000Z,2022-06-02T10:48:27.000000Z,25.0,5,0.99,0.6423333333333334,990
CADC0888_1669_005,CADC0888,1669,2022-06-02T10:50:42.000000Z,2022-06-02T10:51:02.000000Z,20.0,3,0.3527467509665918,0.33859164950171433,991
CADC0888_1670_002,CADC0888,1670,2022-06-02T10:51:07.000000Z,2022-06-02T10:51:17.000000Z,10.0,2,0.6231904761904762,0.487968613578534,992
CADC0888_1670_003,CADC0888,1670,2022-06-02T10:56:32.000000Z,2022-06-02T10:56:32.000000Z,0.0,1,0.3071277042933773,0.3071277042933773,995
CADC0888_1670_004,CADC0888,1670,2022-06-02T10:58:52.000000Z,2022-06-02T10:58:52.000000Z,0.0,1,0.3176241355569672,0.3176241355569672,997
CADC0888_1671_002,CADC0888,1671,2022-06-02T10:59:37.000000Z,2022-06-02T11:00:52.000000Z,75.0,4,0.4241937599437599,0.3798800682799424,998
CADC0888_1671_003,CADC0888,1671,2022-06-02T11:02:22.000000Z,2022-06-02T11:02:22.000000Z,0.0,1,0.5226309523809524,0.5226309523809524,1000
CADC0888_1672_002,CADC0888,1672,2022-06-02T11:06:12.000000Z,2022-06-02T11:10:02.000000Z,230.0,39,1.0,0.7731241176990046,1002
CADC0888_1673_002,CADC0888,1673,2022-06-02T11:10:22.000000Z,2022-06-02T11:10:22.000000Z,0.0,1,0.3071277042933773,0.3071277042933773,1005
CADC0888_1673_003,CADC0888,1673,2022-06-02T11:11:57.000000Z,2022-06-02T11:14:02.000000Z,125.0,9,0.5960357142857143,0.41728703703703707,1006
CADC0888_1673_004,CADC0888,1673,2022-06-02T11:15:12.000000Z,2022-06-02T11:15:42.000000Z,30.0,3,0.5424166666666667,0.4400876854626854,1008
CADC0888_1674_002,CADC0888,1674,2022-06-02T11:17:42.000000Z,2022-06-02T11:18:02.000000Z,20.0,2,0.437,0.3685,1009
CADC0888_1674_003,CADC0888,1674,2022-06-02T11:20:02.000000Z,2022-06-02T11:20:47.000000Z,45.0,5,0.4,0.3522690476190476,1010
CADC0888_1675_002,CADC0888,1675,2022-06-02T11:22:02.000000Z,2022-06-02T11:22:02.000000Z,0.0,1,0.4603655094905095,0.4603655094905095,1012
CADC0888_1675_003,CADC0888,1675,2022-06-02T11:23:07.000000Z,2022-06-02T11:24:02.000000Z,55.0,10,0.39,0.3346071428571428,1013
CADC0888_1675_004,CADC0888,1675,2022-06-02T11:26:17.000000Z,2022-06-02T11:26:17.000000Z,0.0,1,0.3176241355569672,0.3176241355569672,1015
CADC0888_1676_002,CADC0888,1676,2022-06-02T11:27:22.000000Z,2022-06-02T11:30:52.000000Z,210.0,21,0.95,0.6542594824723321,1016
CADC0888_1677_002,CADC0888,1677,2022-06-02T11:31:07.000000Z,2022-06-02T11:32:07.000000Z,60.0,6,0.6260000000000001,0.4312738095238095,1017
CADC0888_1678_002,CADC0888,1678,2022-06-02T11:36:22.000000Z,2022-06-02T11:36:22.000000Z,0.0,1,0.3048489688963113,0.3048489688963113,1021
CADC0888_1678_003,CADC0888,1678,2022-06-02T11:37:32.000000Z,2022-06-02T11:39:17.000000Z,105.0,11,0.5703333333333335,0.38745021645021643,1022
CADC0888_1679_002,CADC0888,1679,2022-06-02T11:40:12.000000Z,2022-06-02T11:41:07.000000Z,55.0,4,0.5382857142857145,0.39703367079550644,1024
CADC0888_1679_003,CADC0888,1679,2022-06-02T11:43:52.000000Z,2022-06-02T11:43:52.000000Z,0.0,1,0.4279999999999999,0.4279999999999999,1026
CADC0888_1680_002,CADC0888,1680,2022-06-02T11:45:52.000000Z,2022-06-02T11:45:52.000000Z,0.0,1,0.3048489688963113,0.3048489688963113,1027
CADC0888_1680_003,CADC0888,1680,2022-06-02T11:47:22.000000Z,2022-06-02T11:48:17.000000Z,55.0,6,0.5423333333333333,0.4440555555555555,1028
CADC0888_1681_002,CADC0888,1681,2022-06-02T11:49:52.000000Z,2022-06-02T11:49:52.000000Z,0.0,1,0.3048489688963113,0.3048489688963113,1030
CADC0888_1681_003,CADC0888,1681,2022-06-02T11:51:07.000000Z,2022-06-02T11:52:12.000000Z,65.0,3,0.4492857142857143,0.3827037037037037,1031
CADC0888_1682_002,CADC0888,1682,2022-06-02T11:55:57.000000Z,2022-06-02T11:55:57.000000Z,0.0,1,0.3048489688963113,0.3048489688963113,1034
CADC0888_1682_003,CADC0888,1682,2022-06-02T11:57:07.000000Z,2022-06-02T11:58:37.000000Z,90.0,6,0.5909642857142856,0.4403175851925852,1035
CADC0888_1683_002,CADC0888,1683,2022-06-02T12:00:27.000000Z,2022-06-02T12:00:27.000000Z,0.0,1,0.3048489688963113,0.3048489688963113,1037
CADC0888_1684_002,CADC0888,1684,2022-06-02T12:06:17.000000Z,2022-06-02T12:06:17.000000Z,0.0,1,0.3048489688963113,0.3048489688963113,1040
CADC0888_1684_003,CADC0888,1684,2022-06-02T12:08:22.000000Z,2022-06-02T12:09:17.000000Z,55.0,9,0.5294523809523809,0.4118920585587252,1041
CADC0888_1685_002,CADC0888,1685,2022-06-02T12:10:37.000000Z,2022-06-02T12:10:37.000000Z,0.0,1,0.3048489688963113,0.3048489688963113,1043
CADC0888_1685_003,CADC0888,1685,2022-06-02T12:12:17.000000Z,2022-06-02T12:13:27.000000Z,70.0,7,0.6639999999999999,0.5520238095238096,1044
CADC0888_1685_004,CADC0888,1685,2022-06-02T12:14:47.000000Z,2022-06-02T12:14:47.000000Z,0.0,1,0.34,0.34,1045
CADC0888_1686_002,CADC0888,1686,2022-06-02T12:17:02.000000Z,2022-06-02T12:17:02.000000Z,0.0,1,0.3048489688963113,0.3048489688963113,1046
CADC0888_1686_003,CADC0888,1686,2022-06-02T12:18:12.000000Z,2022-06-02T12:19:47.000000Z,95.0,12,0.9383333333333332,0.5268670005154785,1047
CADC0888_1687_002,CADC0888,1687,2022-06-02T12:20:47.000000Z,2022-06-02T12:20:47.000000Z,0.0,1,0.3048489688963113,0.3048489688963113,1048
CADC0888_1687_003,CADC0888,1687,2022-06-02T12:22:42.000000Z,2022-06-02T12:23:02.000000Z,20.0,2,0.5095952380952381,0.43196428571428575,1049
CADC0888_1688_002,CADC0888,1688,2022-06-02T12:26:57.000000Z,2022-06-02T12:26:57.000000Z,0.0,1,0.3048489688963113,0.3048489688963113,1052
CADC0888_1688_003,CADC0888,1688,2022-06-02T12:28:17.000000Z,2022-06-02T12:30:22.000000Z,125.0,7,0.5706190476190478,0.4233028823900673,1053
CADC0888_1689_002,CADC0888,1689,2022-06-02T12:30:57.000000Z,2022-06-02T12:33:37.000000Z,160.0,8,0.5203106060606063,0.38218575609459454,1054
CADC0888_1689_003,CADC0888,1689,2022-06-02T12:34:57.000000Z,2022-06-02T12:34:57.000000Z,0.0,1,0.4173333333333335,0.4173333333333335,1057
CADC0888_1689_004,CADC0888,1689,2022-06-02T12:36:27.000000Z,2022-06-02T12:37:12.000000Z,45.0,2,0.3176241355569672,0.3123759199251723,1058
CADC0888_1690_002,CADC0888,1690,2022-06-02T12:37:42.000000Z,2022-06-02T12:37:42.000000Z,0.0,1,0.3048489688963113,0.3048489688963113,1059
CADC0888_1690_003,CADC0888,1690,2022-06-02T12:38:47.000000Z,2022-06-02T12:41:57.000000Z,190.0,30,0.995,0.7835136914011912,1060
CADC0888_1691_002,CADC0888,1691,2022-06-02T12:44:22.000000Z,2022-06-02T12:48:47.000000Z,265.0,10,0.5352857142857144,0.4188173132423132,1064
CADC0888_1692_002,CADC0888,1692,2022-06-02T12:50:42.000000Z,2022-06-02T12:53:02.000000Z,140.0,7,0.5306666666666666,0.3555862706813669,1067
CADC0888_1692_003,CADC0888,1692,2022-06-02T12:55:02.000000Z,2022-06-02T12:55:12.000000Z,10.0,2,0.3176241355569672,0.3176241355569672,1069
CADC0888_1693_002,CADC0888,1693,2022-06-02T12:55:32.000000Z,2022-06-02T12:55:32.000000Z,0.0,1,0.3454040619815841,0.3454040619815841,1070
CADC0888_1693_003,CADC0888,1693,2022-06-02T12:56:57.000000Z,2022-06-02T12:57:42.000000Z,45.0,5,0.4320033022533022,0.3997699410251344,1071
CADC0888_1693_004,CADC0888,1693,2022-06-02T13:00:47.000000Z,2022-06-02T13:01:07.000000Z,20.0,3,0.4765453148395723,0.36360024114210904,1072
CADC0888_1694_002,CADC0888,1694,2022-06-02T13:02:02.000000Z,2022-06-02T13:05:37.000000Z,215.0,35,1.0,0.7029473556987358,1073
CADC0888_1695_002,CADC0888,1695,2022-06-02T13:06:52.000000Z,2022-06-02T13:06:52.000000Z,0.0,1,0.3048489688963113,0.3048489688963113,1076
CADC0888_1695_003,CADC0888,1695,2022-06-02T13:08:12.000000Z,2022-06-02T13:08:12.000000Z,0.0,1,0.3075532106782105,0.3075532106782105,1077
CADC0888_1696_002,CADC0888,1696,2022-06-02T13:13:07.000000Z,2022-06-02T13:13:07.000000Z,0.0,1,0.3048489688963113,0.3048489688963113,1080
CADC0888_1696_003,CADC0888,1696,2022-06-02T13:14:52.000000Z,2022-06-02T13:17:17.000000Z,145.0,30,1.0,0.8456853174603174,1081
CADC0888_1697_002,CADC0888,1697,2022-06-02T13:18:57.000000Z,2022-06-02T13:18:57.000000Z,0.0,1,0.3048489688963113,0.3048489688963113,1083
CADC0888_1697_003,CADC0888,1697,2022-06-02T13:20:17.000000Z,2022-06-02T13:21:07.000000Z,50.0,3,0.4809999999999999,0.4161111111111111,1084
CADC0888_1698_002,CADC0888,1698,2022-06-02T13:25:22.000000Z,2022-06-02T13:25:22.000000Z,0.0,1,0.3048489688963113,0.3048489688963113,1087
CADC0888_1698_003,CADC0888,1698,2022-06-02T13:26:37.000000Z,2022-06-02T13:30:12.000000Z,215.0,44,1.0,0.747991432178932,1088
CADC0888_1699_002,CADC0888,1699,2022-06-02T13:32:22.000000Z,2022-06-02T13:32:22.000000Z,0.0,1,0.3048489688963113,0.3048489688963113,1091
CADC0888_1699_003,CADC0888,1699,2022-06-02T13:34:02.000000Z,2022-06-02T13:36:57.000000Z,175.0,21,0.88,0.5878108998791298,1092
CADC0888_1700_002,CADC0888,1700,2022-06-02T13:38:47.000000Z,2022-06-02T13:38:47.000000Z,0.0,1,0.3048489688963113,0.3048489688963113,1094
CADC0888_1700_003,CADC0888,1700,2022-06-02T13:40:22.000000Z,2022-06-02T13:43:12.000000Z,170.0,22,0.8441666666666666,0.5432348484848485,1095
CADC0888_1701_002,CADC0888,1701,2022-06-02T13:45:17.000000Z,2022-06-02T13:45:17.000000Z,0.0,1,0.3048489688963113,0.3048489688963113,1097
CADC0888_1701_003,CADC0888,1701,2022-06-02T13:47:02.000000Z,2022-06-02T13:47:02.000000Z,0.0,1,0.3203333333333333,0.3203333333333333,1098
CADC0888_1701_004,CADC0888,1701,2022-06-02T13:48:17.000000Z,2022-06-02T13:49:57.000000Z,100.0,3,0.5025,0.4116726791726791,1099
CADC0888_1702_002,CADC0888,1702,2022-06-02T13:51:27.000000Z,2022-06-02T13:51:27.000000Z,0.0,1,0.3048489688963113,0.3048489688963113,1101
CADC0888_1702_003,CADC0888,1702,2022-06-02T13:52:57.000000Z,2022-06-02T13:56:17.000000Z,200.0,41,1.0,0.6601287180931594,1102
CADC0888_1703_002,CADC0888,1703,2022-06-02T13:57:07.000000Z,2022-06-02T13:57:07.000000Z,0.0,1,0.3048489688963113,0.3048489688963113,1104
CADC0888_1703_003,CADC0888,1703,2022-06-02T13:58:12.000000Z,2022-06-02T13:58:47.000000Z,35.0,2,0.5461666666666667,0.5411011904761904,1105
CADC0888_1703_004,CADC0888,1703,2022-06-02T14:01:02.000000Z,2022-06-02T14:01:32.000000Z,30.0,3,0.522047619047619,0.41528066333588765,1107
CADC0888_1704_002,CADC0888,1704,2022-06-02T14:03:07.000000Z,2022-06-02T14:03:07.000000Z,0.0,1,0.3048489688963113,0.3048489688963113,1108
CADC0888_1704_003,CADC0888,1704,2022-06-02T14:04:22.000000Z,2022-06-02T14:04:52.000000Z,30.0,3,0.69,0.643611111111111,1109
CADC0888_1704_004,CADC0888,1704,2022-06-02T14:06:57.000000Z,2022-06-02T14:08:07.000000Z,70.0,11,0.93,0.6279740259740261,1111
CADC0888_1704_005,CADC0888,1704,2022-06-02T14:09:27.000000Z,2022-06-02T14:09:27.000000Z,0.0,1,0.4241937599437599,0.4241937599437599,1113
CADC0888_1705_002,CADC0888,1705,2022-06-02T14:09:57.000000Z,2022-06-02T14:10:17.000000Z,20.0,2,0.4047392243495185,0.3559334643214479,1114
CADC0888_1705_003,CADC0888,1705,2022-06-02T14:15:02.000000Z,2022-06-02T14:15:02.000000Z,0.0,1,0.3117798706287762,0.3117798706287762,1117
CADC0888_1706_002,CADC0888,1706,2022-06-02T14:16:37.000000Z,2022-06-02T14:19:17.000000Z,160.0,10,0.4765453148395723,0.34810891479411016,1118
CADC0888_1706_003,CADC0888,1706,2022-06-02T14:21:12.000000Z,2022-06-02T14:21:47.000000Z,35.0,4,0.4923809523809523,0.4290952380952381,1121
CADC0888_1706_004,CADC0888,1706,2022-06-02T14:23:37.000000Z,2022-06-02T14:24:12.000000Z,35.0,5,0.3618932733932734,0.3339466533466532,1122
CADC0888_1707_002,CADC0888,1707,2022-06-02T14:24:42.000000Z,2022-06-02T14:24:42.000000Z,0.0,1,0.3741547049441786,0.3741547049441786,1123
CADC0888_1707_003,CADC0888,1707,2022-06-02T14:25:52.000000Z,2022-06-02T14:28:02.000000Z,130.0,7,0.4629999999999999,0.3800987009022723,1124
CADC0888_1707_004,CADC0888,1707,2022-06-02T14:29:32.000000Z,2022-06-02T14:30:27.000000Z,55.0,2,0.45775,0.3847649353143881,1125
CADC0888_1708_002,CADC0888,1708,2022-06-02T14:31:57.000000Z,2022-06-02T14:37:12.000000Z,315.0,45,1.0,0.6181849232453148,1127
CADC0888_1709_002,CADC0888,1709,2022-06-02T14:37:47.000000Z,2022-06-02T14:39:37.000000Z,110.0,8,0.78,0.5088698415591038,1129
CADC0888_1710_002,CADC0888,1710,2022-06-02T14:43:32.000000Z,2022-06-02T14:46:07.000000Z,155.0,8,0.698047619047619,0.4948030981853102,1132
CADC0888_1710_003,CADC0888,1710,2022-06-02T14:47:57.000000Z,2022-06-02T14:48:32.000000Z,35.0,5,0.522047619047619,0.4554428571428571,1135
CADC0888_1711_002,CADC0888,1711,2022-06-02T14:49:52.000000Z,2022-06-02T14:49:52.000000Z,0.0,1,0.3048489688963113,0.3048489688963113,1136
CADC0888_1711_003,CADC0888,1711,2022-06-02T14:51:02.000000Z,2022-06-02T14:51:02.000000Z,0.0,1,0.3751666666666667,0.3751666666666667,1137
CADC0888_1711_004,CADC0888,1711,2022-06-02T14:52:17.000000Z,2022-06-02T14:52:22.000000Z,5.0,2,0.4513333333333333,0.4454166666666667,1138
CADC0888_1711_005,CADC0888,1711,2022-06-02T14:54:12.000000Z,2022-06-02T14:54:32.000000Z,20.0,2,0.4401666666666666,0.4144503968253968,1139
CADC0888_1712_002,CADC0888,1712,2022-06-02T14:56:12.000000Z,2022-06-02T14:56:12.000000Z,0.0,1,0.3048489688963113,0.3048489688963113,1140
CADC0888_1712_003,CADC0888,1712,2022-06-02T14:57:57.000000Z,2022-06-02T15:01:47.000000Z,230.0,19,0.83,0.5557380952380951,1141
CADC0888_1713_002,CADC0888,1713,2022-06-02T15:03:17.000000Z,2022-06-02T15:03:17.000000Z,0.0,1,0.3048489688963113,0.3048489688963113,1143
CADC0888_1713_003,CADC0888,1713,2022-06-02T15:08:12.000000Z,2022-06-02T15:08:12.000000Z,0.0,1,0.3255180375180374,0.3255180375180374,1144
CADC0890_1714_002,CADC0890,1714,2022-01-29T08:31:42.000000Z,2022-01-29T08:34:42.000000Z,180.0,37,1.0,0.8626052123552125,451
CADC0890_1715_002,CADC0890,1715,2022-01-29T08:47:01.000000Z,2022-01-29T08:50:58.000000Z,237.0,48,1.0,0.9287535595447158,452
CADC0890_1716_002,CADC0890,1716,2022-01-29T09:35:12.000000Z,2022-01-29T09:38:52.000000Z,220.0,45,1.0,0.8575164584755042,453
CADC0890_1717_002,CADC0890,1717,2022-01-29T10:27:52.000000Z,2022-01-29T10:31:17.000000Z,205.0,42,1.0,0.9104496886719355,458
CADC0890_1718_002,CADC0890,1718,2022-01-29T10:36:02.000000Z,2022-01-29T10:39:17.000000Z,195.0,40,1.0,0.9162968153507354,461
CADC0890_1719_002,CADC0890,1719,2022-01-29T11:21:52.000000Z,2022-01-29T11:24:47.000000Z,175.0,36,1.0,0.8683279097842689,476
CADC0890_1720_002,CADC0890,1720,2022-01-29T11:46:42.000000Z,2022-01-29T11:47:47.000000Z,65.0,9,0.9239335568384238,0.5255115536941377,483
CADC0890_1721_002,CADC0890,1721,2022-01-29T11:50:27.000000Z,2022-01-29T11:51:47.000000Z,80.0,5,0.46,0.35000000000000003,485
CADC0890_1721_003,CADC0890,1721,2022-01-29T11:53:02.000000Z,2022-01-29T11:54:12.000000Z,70.0,6,0.38,0.3499999999999999,486
CADC0890_1722_002,CADC0890,1722,2022-01-29T11:54:47.000000Z,2022-01-29T11:58:02.000000Z,195.0,19,0.9239335568384238,0.5191194706126006,487
CADC0890_1723_002,CADC0890,1723,2022-01-29T11:59:17.000000Z,2022-01-29T12:02:02.000000Z,165.0,34,1.0,0.8402661127318126,489
CADC0890_1724_002,CADC0890,1724,2022-01-29T12:51:27.000000Z,2022-01-29T12:54:42.000000Z,195.0,40,1.0,0.9148239470326238,501
CADC0890_1725_002,CADC0890,1725,2022-01-29T13:11:27.000000Z,2022-01-29T13:14:42.000000Z,195.0,36,1.0,0.7530706197683751,502
CADC0890_1726_002,CADC0890,1726,2022-01-29T15:19:02.000000Z,2022-01-29T15:20:42.000000Z,100.0,21,1.0,0.9152802438749551,525
CADC0890_1727_002,CADC0890,1727,2022-01-29T15:20:57.000000Z,2022-01-29T15:22:27.000000Z,90.0,19,1.0,0.9193976773557438,526
CADC0892_225_002,CADC0892,225,2022-01-27T07:16:11.000000Z,2022-01-27T07:16:11.000000Z,0.0,1,0.4052258766768651,0.4052258766768651,187
CADC0892_226_002,CADC0892,226,2022-01-27T07:20:26.000000Z,2022-01-27T07:20:26.000000Z,0.0,1,0.38,0.38,188
CADC0892_228_002,CADC0892,228,2022-01-27T07:28:01.000000Z,2022-01-27T07:28:21.000000Z,20.0,4,0.47,0.4125,191
CADC0892_228_003,CADC0892,228,2022-01-27T07:31:01.000000Z,2022-01-27T07:31:01.000000Z,0.0,1,0.33,0.33,193
CADC0892_229_002,CADC0892,229,2022-01-27T07:32:16.000000Z,2022-01-27T07:32:16.000000Z,0.0,1,0.38,0.38,194
CADC0892_229_003,CADC0892,229,2022-01-27T07:33:31.000000Z,2022-01-27T07:33:31.000000Z,0.0,1,0.34,0.34,195
CADC0892_229_004,CADC0892,229,2022-01-27T07:35:56.000000Z,2022-01-27T07:35:56.000000Z,0.0,1,0.43,0.43,196
CADC0892_231_002,CADC0892,231,2022-01-27T07:41:36.000000Z,2022-01-27T07:41:36.000000Z,0.0,1,0.5968092100101986,0.5968092100101986,197
CADC0892_821_002,CADC0892,821,2022-06-01T23:40:48.000000Z,2022-06-01T23:40:48.000000Z,0.0,1,0.3985000000000001,0.3985000000000001,592
CADC0892_821_003,CADC0892,821,2022-06-01T23:43:39.000000Z,2022-06-01T23:43:41.000000Z,2.0,3,0.4187684733567087,0.37354091007032175,594
CADC0892_822_002,CADC0892,822,2022-06-01T23:45:15.000000Z,2022-06-01T23:46:17.000000Z,62.0,8,0.67,0.46293077979663866,595
CADC0892_822_003,CADC0892,822,2022-06-01T23:47:25.000000Z,2022-06-01T23:48:01.000000Z,36.0,2,0.32,0.32,597
CADC0892_823_002,CADC0892,823,2022-06-01T23:53:09.000000Z,2022-06-01T23:54:08.000000Z,59.0,5,0.5348333333333333,0.42339285714285707,601
CADC0892_824_002,CADC0892,824,2022-06-01T23:54:45.000000Z,2022-06-01T23:55:33.000000Z,48.0,6,0.6983333333333333,0.4729384920634921,602
CADC0892_824_003,CADC0892,824,2022-06-01T23:58:03.000000Z,2022-06-01T23:58:28.000000Z,25.0,2,0.349881469979296,0.329940734989648,604
CADC0892_825_002,CADC0892,825,2022-06-02T00:00:55.000000Z,2022-06-02T00:00:55.000000Z,0.0,1,0.32,0.32,605
CADC0892_825_003,CADC0892,825,2022-06-02T00:04:00.000000Z,2022-06-02T00:04:31.000000Z,31.0,4,0.4642142857142856,0.38258702545578477,608
CADC0892_826_002,CADC0892,826,2022-06-02T00:04:39.000000Z,2022-06-02T00:06:30.000000Z,111.0,9,0.4246666666666666,0.3403333333333333,609
CADC0892_826_003,CADC0892,826,2022-06-02T00:07:51.000000Z,2022-06-02T00:07:51.000000Z,0.0,1,0.35,0.35,611
CADC0892_826_004,CADC0892,826,2022-06-02T00:08:59.000000Z,2022-06-02T00:08:59.000000Z,0.0,1,0.4911269841269841,0.4911269841269841,612
CADC0892_827_002,CADC0892,827,2022-06-02T00:09:08.000000Z,2022-06-02T00:12:19.000000Z,191.0,37,0.84,0.4627637896242684,613
CADC0892_828_002,CADC0892,828,2022-06-02T00:13:26.000000Z,2022-06-02T00:16:31.000000Z,185.0,41,0.965,0.495149060413549,615
CADC0892_829_002,CADC0892,829,2022-06-02T00:17:40.000000Z,2022-06-02T00:18:05.000000Z,25.0,3,0.5206666666666667,0.41017124257157206,618
CADC0892_829_003,CADC0892,829,2022-06-02T00:20:36.000000Z,2022-06-02T00:20:36.000000Z,0.0,1,0.3950000000000001,0.3950000000000001,620
CADC0892_831_002,CADC0892,831,2022-06-02T00:25:26.000000Z,2022-06-02T00:26:06.000000Z,40.0,10,0.7374963427377221,0.5389329676071056,622
CADC0892_831_003,CADC0892,831,2022-06-02T00:27:38.000000Z,2022-06-02T00:28:21.000000Z,43.0,5,0.74,0.4875166666666667,624
CADC0892_832_002,CADC0892,832,2022-06-02T00:31:43.000000Z,2022-06-02T00:31:53.000000Z,10.0,4,0.3363394183196362,0.32975456373972717,625
CADC0892_833_002,CADC0892,833,2022-06-02T00:35:49.000000Z,2022-06-02T00:35:53.000000Z,4.0,2,0.5038095238095238,0.49023809523809514,628
CADC0892_834_002,CADC0892,834,2022-06-02T00:37:44.000000Z,2022-06-02T00:37:44.000000Z,0.0,1,0.3794285714285714,0.3794285714285714,629
CADC0892_835_002,CADC0892,835,2022-06-02T00:43:08.000000Z,2022-06-02T00:43:44.000000Z,36.0,4,0.9,0.595,632
CADC0892_836_002,CADC0892,836,2022-06-02T00:46:05.000000Z,2022-06-02T00:46:05.000000Z,0.0,1,0.31,0.31,634
CADC0892_836_003,CADC0892,836,2022-06-02T00:47:40.000000Z,2022-06-02T00:47:44.000000Z,4.0,2,0.4901829004329004,0.4200914502164502,635
CADC0892_838_002,CADC0892,838,2022-06-02T00:54:52.000000Z,2022-06-02T00:55:46.000000Z,54.0,3,0.4162684733567087,0.3667839355633473,641
CADC0892_840_002,CADC0892,840,2022-06-02T01:03:24.000000Z,2022-06-02T01:03:30.000000Z,6.0,2,0.5075,0.45491666666666664,646
CADC0892_841_002,CADC0892,841,2022-06-02T01:04:28.000000Z,2022-06-02T01:06:24.000000Z,116.0,21,0.82,0.4580000000000001,647
CADC0892_842_002,CADC0892,842,2022-06-02T01:08:12.000000Z,2022-06-02T01:08:12.000000Z,0.0,1,0.3261504329004328,0.3261504329004328,650
CADC0892_842_003,CADC0892,842,2022-06-02T01:10:19.000000Z,2022-06-02T01:10:19.000000Z,0.0,1,0.31,0.31,652
CADC0892_843_002,CADC0892,843,2022-06-02T01:12:16.000000Z,2022-06-02T01:12:53.000000Z,37.0,9,0.43,0.3511164021164021,653
CADC0892_846_002,CADC0892,846,2022-06-02T01:21:07.000000Z,2022-06-02T01:21:21.000000Z,14.0,6,0.6603567323481114,0.4256874983848662,660
CADC0892_846_003,CADC0892,846,2022-06-02T01:23:33.000000Z,2022-06-02T01:23:39.000000Z,6.0,2,0.5383181818181817,0.4891590909090908,662
CADC0892_848_002,CADC0892,848,2022-06-02T01:28:02.000000Z,2022-06-02T01:28:42.000000Z,40.0,7,0.5099999999999999,0.42236394557823126,664
CADC0892_848_003,CADC0892,848,2022-06-02T01:30:44.000000Z,2022-06-02T01:30:44.000000Z,0.0,1,0.3,0.3,666
CADC0892_849_002,CADC0892,849,2022-06-02T01:31:57.000000Z,2022-06-02T01:32:24.000000Z,27.0,7,0.4326972650038617,0.3739793146747722,667
CADC0892_849_003,CADC0892,849,2022-06-02T01:34:55.000000Z,2022-06-02T01:35:10.000000Z,15.0,4,0.4289999999999999,0.37070833333333325,669
CADC0892_850_002,CADC0892,850,2022-06-02T01:36:11.000000Z,2022-06-02T01:38:47.000000Z,156.0,9,0.5502857142857143,0.34683659236794856,670
CADC0892_851_002,CADC0892,851,2022-06-02T01:39:35.000000Z,2022-06-02T01:39:40.000000Z,5.0,3,0.33,0.31,672
CADC0892_851_003,CADC0892,851,2022-06-02T01:41:52.000000Z,2022-06-02T01:42:38.000000Z,46.0,5,0.7557539682539681,0.43911746031746024,675
CADC0892_852_002,CADC0892,852,2022-06-02T01:42:41.000000Z,2022-06-02T01:45:33.000000Z,172.0,124,1.0,0.8406817768449499,676
CADC0892_853_002,CADC0892,853,2022-06-02T01:45:34.000000Z,2022-06-02T01:46:43.000000Z,69.0,25,0.97,0.5639447329324275,678
CADC0892_853_003,CADC0892,853,2022-06-02T01:49:01.000000Z,2022-06-02T01:49:23.000000Z,22.0,6,0.7341666666666665,0.4633757845356308,680
CADC0892_854_002,CADC0892,854,2022-06-02T01:49:24.000000Z,2022-06-02T01:51:31.000000Z,127.0,128,1.0,0.791658758709157,681
CADC0892_855_002,CADC0892,855,2022-06-02T01:52:29.000000Z,2022-06-02T01:52:44.000000Z,15.0,4,0.4256190476190477,0.37701500007479444,683
CADC0892_856_002,CADC0892,856,2022-06-02T01:55:46.000000Z,2022-06-02T01:58:21.000000Z,155.0,28,0.86,0.5019866950220228,685
CADC0892_857_002,CADC0892,857,2022-06-02T01:59:03.000000Z,2022-06-02T01:59:03.000000Z,0.0,1,0.3,0.3,687
CADC0892_857_003,CADC0892,857,2022-06-02T02:00:44.000000Z,2022-06-02T02:00:44.000000Z,0.0,1,0.3,0.3,688
CADC0892_858_002,CADC0892,858,2022-06-02T02:02:14.000000Z,2022-06-02T02:02:15.000000Z,1.0,2,0.5129988523054491,0.43017799758129593,689
CADC0892_858_003,CADC0892,858,2022-06-02T02:04:27.000000Z,2022-06-02T02:04:27.000000Z,0.0,1,0.6860238095238096,0.6860238095238096,691
CADC0892_859_002,CADC0892,859,2022-06-02T02:05:38.000000Z,2022-06-02T02:06:48.000000Z,70.0,68,1.0,0.7890392411688257,692
CADC0892_860_002,CADC0892,860,2022-06-02T02:08:35.000000Z,2022-06-02T02:08:35.000000Z,0.0,1,0.47,0.47,694
CADC0892_861_002,CADC0892,861,2022-06-02T02:12:18.000000Z,2022-06-02T02:13:18.000000Z,60.0,41,0.92,0.6167158430999894,696
CADC0892_862_002,CADC0892,862,2022-06-02T02:16:53.000000Z,2022-06-02T02:16:53.000000Z,0.0,1,0.3523506493506494,0.3523506493506494,700
CADC0892_863_002,CADC0892,863,2022-06-02T02:18:43.000000Z,2022-06-02T02:20:19.000000Z,96.0,18,0.77,0.45305291005291015,701
CADC0892_865_002,CADC0892,865,2022-06-02T02:25:21.000000Z,2022-06-02T02:27:04.000000Z,103.0,5,0.58,0.45199999999999996,705
CADC0892_867_002,CADC0892,867,2022-06-02T02:33:26.000000Z,2022-06-02T02:33:26.000000Z,0.0,1,0.3892142857142857,0.3892142857142857,709
CADC0892_868_002,CADC0892,868,2022-06-02T02:35:00.000000Z,2022-06-02T02:35:40.000000Z,40.0,18,0.9,0.5400781872448539,711
CADC0892_870_002,CADC0892,870,2022-06-02T02:41:19.000000Z,2022-06-02T02:42:18.000000Z,59.0,39,1.0,0.6351884781884782,714
CADC0892_871_002,CADC0892,871,2022-06-02T02:43:17.000000Z,2022-06-02T02:45:18.000000Z,121.0,8,0.706547619047619,0.4301934523809524,716
CADC0892_872_002,CADC0892,872,2022-06-02T02:48:47.000000Z,2022-06-02T02:48:47.000000Z,0.0,1,0.34,0.34,719
CADC0892_873_002,CADC0892,873,2022-06-02T02:50:51.000000Z,2022-06-02T02:50:51.000000Z,0.0,1,0.5126190476190476,0.5126190476190476,720
CADC0892_875_002,CADC0892,875,2022-06-02T02:55:55.000000Z,2022-06-02T02:56:35.000000Z,40.0,41,0.98,0.7335874793945095,724
CADC0892_876_002,CADC0892,876,2022-06-02T02:58:11.000000Z,2022-06-02T02:58:21.000000Z,10.0,3,0.4220476190476191,0.3611122596919854,726
CADC0892_876_003,CADC0892,876,2022-06-02T03:00:22.000000Z,2022-06-02T03:00:39.000000Z,17.0,4,0.4187684733567087,0.3723860216580805,728
CADC0892_877_002,CADC0892,877,2022-06-02T03:02:05.000000Z,2022-06-02T03:03:34.000000Z,89.0,79,1.0,0.6978477218988476,729
CADC0892_878_002,CADC0892,878,2022-06-02T03:03:52.000000Z,2022-06-02T03:04:08.000000Z,16.0,8,0.5865000000000001,0.4388482142857143,730
CADC0892_878_003,CADC0892,878,2022-06-02T03:06:45.000000Z,2022-06-02T03:07:17.000000Z,32.0,5,0.4791245965292017,0.4139929564176811,732
CADC0892_879_002,CADC0892,879,2022-06-02T03:07:18.000000Z,2022-06-02T03:07:52.000000Z,34.0,3,0.4741630094043887,0.3766086616781033,733
CADC0892_879_003,CADC0892,879,2022-06-02T03:09:13.000000Z,2022-06-02T03:09:51.000000Z,38.0,2,0.36,0.345,734
CADC0892_880_002,CADC0892,880,2022-06-02T03:10:25.000000Z,2022-06-02T03:10:39.000000Z,14.0,4,0.38,0.33999999999999997,735
CADC0892_880_003,CADC0892,880,2022-06-02T03:12:57.000000Z,2022-06-02T03:12:57.000000Z,0.0,1,0.360095714584892,0.360095714584892,736
CADC0892_881_002,CADC0892,881,2022-06-02T03:13:18.000000Z,2022-06-02T03:14:14.000000Z,56.0,5,0.5811666666666667,0.44568095238095246,737
CADC0892_882_002,CADC0892,882,2022-06-02T03:15:59.000000Z,2022-06-02T03:19:10.000000Z,191.0,151,1.0,0.8192369113334363,739
CADC0892_883_002,CADC0892,883,2022-06-02T03:19:11.000000Z,2022-06-02T03:20:11.000000Z,60.0,26,0.96,0.5731014873086103,742
CADC0892_883_003,CADC0892,883,2022-06-02T03:22:09.000000Z,2022-06-02T03:22:35.000000Z,26.0,14,0.87,0.6027049660077644,745
CADC0892_884_002,CADC0892,884,2022-06-02T03:25:13.000000Z,2022-06-02T03:25:29.000000Z,16.0,4,0.474,0.38860486489908264,748
CADC0892_884_003,CADC0892,884,2022-06-02T03:27:39.000000Z,2022-06-02T03:28:25.000000Z,46.0,4,0.4103237450114384,0.37510486489908257,749
CADC0892_885_002,CADC0892,885,2022-06-02T03:28:45.000000Z,2022-06-02T03:30:51.000000Z,126.0,127,1.0,0.7906256068279768,750
CADC0892_886_002,CADC0892,886,2022-06-02T03:33:08.000000Z,2022-06-02T03:33:08.000000Z,0.0,1,0.4653333333333333,0.4653333333333333,753
CADC0892_887_002,CADC0892,887,2022-06-02T03:34:23.000000Z,2022-06-02T03:34:31.000000Z,8.0,2,0.5048333333333334,0.41549188311688307,754
CADC0892_888_002,CADC0892,888,2022-06-02T03:36:41.000000Z,2022-06-02T03:38:30.000000Z,109.0,107,1.0,0.7641406823449044,756
CADC0892_889_002,CADC0892,889,2022-06-02T03:42:02.000000Z,2022-06-02T03:42:02.000000Z,0.0,1,0.3951666666666666,0.3951666666666666,760
CADC0892_891_002,CADC0892,891,2022-06-02T03:49:23.000000Z,2022-06-02T03:50:51.000000Z,88.0,84,1.0,0.7964019025002312,764
CADC0892_892_002,CADC0892,892,2022-06-02T03:51:15.000000Z,2022-06-02T03:51:15.000000Z,0.0,1,0.3,0.3,766
CADC0892_893_002,CADC0892,893,2022-06-02T03:56:56.000000Z,2022-06-02T03:56:56.000000Z,0.0,1,0.31,0.31,770
CADC0892_897_002,CADC0892,897,2022-06-02T04:10:40.000000Z,2022-06-02T04:11:15.000000Z,35.0,32,0.95,0.7372988131957668,778
CADC0892_898_002,CADC0892,898,2022-06-02T04:14:19.000000Z,2022-06-02T04:14:19.000000Z,0.0,1,0.4450476190476191,0.4450476190476191,781
CADC0892_899_002,CADC0892,899,2022-06-02T04:17:34.000000Z,2022-06-02T04:17:45.000000Z,11.0,3,0.4687380952380953,0.38180158730158736,783
CADC0892_900_002,CADC0892,900,2022-06-02T04:17:57.000000Z,2022-06-02T04:18:12.000000Z,15.0,5,0.42,0.366,784
CADC0892_900_003,CADC0892,900,2022-06-02T04:19:34.000000Z,2022-06-02T04:19:39.000000Z,5.0,3,0.4033333333333332,0.3843253968253968,785
CADC0892_902_002,CADC0892,902,2022-06-02T04:28:39.000000Z,2022-06-02T04:28:39.000000Z,0.0,1,0.4187684733567087,0.4187684733567087,789
CADC0892_903_002,CADC0892,903,2022-06-02T04:31:04.000000Z,2022-06-02T04:32:20.000000Z,76.0,19,0.86,0.5093454501561943,791
CADC0892_903_003,CADC0892,903,2022-06-02T04:33:58.000000Z,2022-06-02T04:34:28.000000Z,30.0,4,0.65,0.43664247312419074,793
CADC0892_904_002,CADC0892,904,2022-06-02T04:36:05.000000Z,2022-06-02T04:37:11.000000Z,66.0,7,0.37,0.33999999999999997,794
CADC0892_905_002,CADC0892,905,2022-06-02T04:37:32.000000Z,2022-06-02T04:40:12.000000Z,160.0,30,0.93,0.5613473153198778,795
CADC0892_906_002,CADC0892,906,2022-06-02T04:40:33.000000Z,2022-06-02T04:41:12.000000Z,39.0,7,0.4318333333333334,0.3303505829146223,796
CADC0892_906_003,CADC0892,906,2022-06-02T04:43:13.000000Z,2022-06-02T04:43:34.000000Z,21.0,7,0.37,0.33285714285714285,798
CADC0892_907_002,CADC0892,907,2022-06-02T04:43:38.000000Z,2022-06-02T04:46:05.000000Z,147.0,113,0.99,0.7752898620751795,799
CADC0892_908_002,CADC0892,908,2022-06-02T04:46:19.000000Z,2022-06-02T04:46:19.000000Z,0.0,1,0.3,0.3,800
CADC0892_908_003,CADC0892,908,2022-06-02T04:48:45.000000Z,2022-06-02T04:49:14.000000Z,29.0,6,0.39,0.3383333333333334,801
CADC0892_909_002,CADC0892,909,2022-06-02T04:52:17.000000Z,2022-06-02T04:52:17.000000Z,0.0,1,0.35,0.35,804
CADC0892_909_003,CADC0892,909,2022-06-02T04:54:31.000000Z,2022-06-02T04:55:23.000000Z,52.0,4,0.6760714285714283,0.44143344155844144,806
CADC0892_910_002,CADC0892,910,2022-06-02T04:59:44.000000Z,2022-06-02T04:59:49.000000Z,5.0,2,0.4506666666666666,0.3823749999999999,809
CADC0892_911_002,CADC0892,911,2022-06-02T05:00:37.000000Z,2022-06-02T05:05:00.000000Z,263.0,253,1.0,0.7600509004813569,810
CADC0892_912_002,CADC0892,912,2022-06-02T05:06:13.000000Z,2022-06-02T05:06:34.000000Z,21.0,4,0.5710000000000001,0.4439178706596179,814
CADC0892_912_003,CADC0892,912,2022-06-02T05:08:02.000000Z,2022-06-02T05:09:57.000000Z,115.0,29,0.97,0.5480592282837718,815
CADC0892_913_002,CADC0892,913,2022-06-02T05:13:32.000000Z,2022-06-02T05:13:32.000000Z,0.0,1,0.31,0.31,817
CADC0892_915_002,CADC0892,915,2022-06-02T05:20:28.000000Z,2022-06-02T05:24:09.000000Z,221.0,215,1.0,0.7722325581395347,822
CADC0892_917_002,CADC0892,917,2022-06-02T05:33:09.000000Z,2022-06-02T05:33:09.000000Z,0.0,1,0.32,0.32,829
CADC0892_918_002,CADC0892,918,2022-06-02T05:36:40.000000Z,2022-06-02T05:36:40.000000Z,0.0,1,0.4456190476190477,0.4456190476190477,832
CADC0892_919_002,CADC0892,919,2022-06-02T05:40:37.000000Z,2022-06-02T05:44:10.000000Z,213.0,213,1.0,0.7913315448245026,834
CADC0892_920_002,CADC0892,920,2022-06-02T05:47:47.000000Z,2022-06-02T05:48:02.000000Z,15.0,3,0.34,0.32,838
CADC0892_921_002,CADC0892,921,2022-06-02T05:53:04.000000Z,2022-06-02T05:53:04.000000Z,0.0,1,0.6077828462387286,0.6077828462387286,841
CADC0892_922_002,CADC0892,922,2022-06-02T05:56:08.000000Z,2022-06-02T05:56:08.000000Z,0.0,1,0.3335,0.3335,843
CADC0892_922_003,CADC0892,922,2022-06-02T05:58:13.000000Z,2022-06-02T05:58:13.000000Z,0.0,1,0.6077828462387286,0.6077828462387286,844
CADC0892_923_002,CADC0892,923,2022-06-02T06:00:00.000000Z,2022-06-02T06:01:52.000000Z,112.0,61,1.0,0.6033056206088995,845
CADC0892_923_003,CADC0892,923,2022-06-02T06:03:00.000000Z,2022-06-02T06:03:27.000000Z,27.0,5,0.71,0.49124417765978634,847
CADC0892_924_002,CADC0892,924,2022-06-02T06:06:42.000000Z,2022-06-02T06:08:14.000000Z,92.0,16,0.4092142857142857,0.33620089285714283,849
CADC0892_925_002,CADC0892,925,2022-06-02T06:10:18.000000Z,2022-06-02T06:12:52.000000Z,154.0,24,0.82,0.5071648240812285,851
CADC0892_926_002,CADC0892,926,2022-06-02T06:14:15.000000Z,2022-06-02T06:18:35.000000Z,260.0,247,0.96,0.6786454774023466,854
CADC0892_927_002,CADC0892,927,2022-06-02T06:19:48.000000Z,2022-06-02T06:21:02.000000Z,74.0,31,0.88,0.49195301542777004,857
CADC0892_927_003,CADC0892,927,2022-06-02T06:22:39.000000Z,2022-06-02T06:23:10.000000Z,31.0,17,0.97,0.47671332455709103,859
CADC0892_928_002,CADC0892,928,2022-06-02T06:23:58.000000Z,2022-06-02T06:24:07.000000Z,9.0,2,0.33,0.33,860
CADC0892_928_003,CADC0892,928,2022-06-02T06:25:10.000000Z,2022-06-02T06:25:18.000000Z,8.0,2,0.37,0.355,861
CADC0892_928_004,CADC0892,928,2022-06-02T06:26:33.000000Z,2022-06-02T06:26:33.000000Z,0.0,1,0.34,0.34,862
CADC0892_928_005,CADC0892,928,2022-06-02T06:28:14.000000Z,2022-06-02T06:28:14.000000Z,0.0,1,0.5275833333333334,0.5275833333333334,863
CADC0892_929_002,CADC0892,929,2022-06-02T06:29:22.000000Z,2022-06-02T06:33:09.000000Z,227.0,48,0.98,0.5421623700087322,864
CADC0892_930_002,CADC0892,930,2022-06-02T06:35:14.000000Z,2022-06-02T06:35:15.000000Z,1.0,2,0.32,0.315,868
CADC0892_930_003,CADC0892,930,2022-06-02T06:37:34.000000Z,2022-06-02T06:38:48.000000Z,74.0,7,0.451,0.39732246956710576,870
CADC0892_931_002,CADC0892,931,2022-06-02T06:42:38.000000Z,2022-06-02T06:42:38.000000Z,0.0,1,0.6077828462387286,0.6077828462387286,873
CADC0892_932_002,CADC0892,932,2022-06-02T06:45:02.000000Z,2022-06-02T06:45:25.000000Z,23.0,7,0.44,0.3457142857142857,875
CADC0892_932_003,CADC0892,932,2022-06-02T06:47:38.000000Z,2022-06-02T06:47:38.000000Z,0.0,1,0.6668452380952382,0.6668452380952382,877
CADC0892_933_002,CADC0892,933,2022-06-02T06:49:12.000000Z,2022-06-02T06:49:12.000000Z,0.0,1,0.4531683994801561,0.4531683994801561,878
CADC0892_933_003,CADC0892,933,2022-06-02T06:51:27.000000Z,2022-06-02T06:52:52.000000Z,85.0,21,0.39,0.34138182166470993,880
CADC0892_936_002,CADC0892,936,2022-06-02T07:05:00.000000Z,2022-06-02T07:05:29.000000Z,29.0,9,0.41,0.3333333333333333,888
CADC0892_937_002,CADC0892,937,2022-06-02T07:09:37.000000Z,2022-06-02T07:13:20.000000Z,223.0,116,1.0,0.6437073070607554,891
CADC0892_938_002,CADC0892,938,2022-06-02T07:15:14.000000Z,2022-06-02T07:15:14.000000Z,0.0,1,0.4791666666666666,0.4791666666666666,893
CADC0892_938_003,CADC0892,938,2022-06-02T07:17:25.000000Z,2022-06-02T07:17:26.000000Z,1.0,2,0.4928333333333333,0.43467857142857136,894
CADC0892_939_002,CADC0892,939,2022-06-02T07:22:49.000000Z,2022-06-02T07:22:49.000000Z,0.0,1,0.706547619047619,0.706547619047619,898
CADC0892_940_002,CADC0892,940,2022-06-02T07:25:55.000000Z,2022-06-02T07:26:02.000000Z,7.0,2,0.37,0.35175,900
CADC0892_940_003,CADC0892,940,2022-06-02T07:28:19.000000Z,2022-06-02T07:28:19.000000Z,0.0,1,0.4993333333333333,0.4993333333333333,901
CADC0892_941_002,CADC0892,941,2022-06-02T07:30:48.000000Z,2022-06-02T07:30:48.000000Z,0.0,1,0.38,0.38,902
CADC0892_942_002,CADC0892,942,2022-06-02T08:22:43.000000Z,2022-06-02T08:22:44.000000Z,1.0,2,0.5129988523054491,0.43017799758129593,903
CADC0892_942_003,CADC0892,942,2022-06-02T08:24:57.000000Z,2022-06-02T08:25:55.000000Z,58.0,8,0.435547619047619,0.3553976159216618,905
CADC0892_944_002,CADC0892,944,2022-06-02T08:33:58.000000Z,2022-06-02T08:34:07.000000Z,9.0,6,0.67,0.5532380952380952,909
CADC0892_944_003,CADC0892,944,2022-06-02T08:36:03.000000Z,2022-06-02T08:36:10.000000Z,7.0,3,0.6666666666666665,0.6188888888888888,910
CADC0892_945_002,CADC0892,945,2022-06-02T08:38:15.000000Z,2022-06-02T08:42:21.000000Z,246.0,241,1.0,0.7596210235131398,913
CADC0892_946_002,CADC0892,946,2022-06-02T08:44:18.000000Z,2022-06-02T08:48:46.000000Z,268.0,262,1.0,0.7575923011466905,916
CADC0892_947_002,CADC0892,947,2022-06-02T08:52:58.000000Z,2022-06-02T08:53:00.000000Z,2.0,2,0.32,0.31,921
CADC0892_948_002,CADC0892,948,2022-06-02T08:59:07.000000Z,2022-06-02T08:59:13.000000Z,6.0,2,0.3731666666666666,0.35278757680228257,925
CADC0892_949_002,CADC0892,949,2022-06-02T09:04:38.000000Z,2022-06-02T09:05:25.000000Z,47.0,3,0.56,0.40666666666666673,928
CADC0892_950_002,CADC0892,950,2022-06-02T09:07:28.000000Z,2022-06-02T09:11:38.000000Z,250.0,248,1.0,0.7474689097211894,929
CADC0892_951_002,CADC0892,951,2022-06-02T09:13:25.000000Z,2022-06-02T09:17:57.000000Z,272.0,256,1.0,0.7678713356861235,932
CADC0892_952_002,CADC0892,952,2022-06-02T09:19:28.000000Z,2022-06-02T09:19:28.000000Z,0.0,1,0.51,0.51,935
CADC0892_952_003,CADC0892,952,2022-06-02T09:20:47.000000Z,2022-06-02T09:22:03.000000Z,76.0,14,0.82,0.46099144986175056,936
CADC0892_952_004,CADC0892,952,2022-06-02T09:23:39.000000Z,2022-06-02T09:23:42.000000Z,3.0,2,0.360095714584892,0.3509397856950126,937
CADC0892_953_002,CADC0892,953,2022-06-02T09:23:44.000000Z,2022-06-02T09:25:44.000000Z,120.0,23,0.948,0.5778373217962923,938
CADC0892_953_003,CADC0892,953,2022-06-02T09:27:01.000000Z,2022-06-02T09:28:44.000000Z,103.0,31,0.91,0.5581520844537262,940
CADC0892_954_002,CADC0892,954,2022-06-02T09:30:41.000000Z,2022-06-02T09:32:23.000000Z,102.0,71,0.99,0.6190140845070423,942
CADC0892_954_003,CADC0892,954,2022-06-02T09:34:09.000000Z,2022-06-02T09:35:37.000000Z,88.0,50,0.95,0.5889719983312474,944
CADC0892_955_002,CADC0892,955,2022-06-02T09:35:38.000000Z,2022-06-02T09:42:18.000000Z,400.0,355,1.0,0.7814935338138753,945
CADC0892_956_002,CADC0892,956,2022-06-02T09:42:51.000000Z,2022-06-02T09:48:40.000000Z,349.0,104,1.0,0.6484614840664877,949
CADC0892_957_002,CADC0892,957,2022-06-02T09:57:06.000000Z,2022-06-02T09:57:39.000000Z,33.0,9,0.6603567323481114,0.4319609111478702,957
CADC0892_957_003,CADC0892,957,2022-06-02T09:59:37.000000Z,2022-06-02T09:59:42.000000Z,5.0,3,0.56,0.48,959
CADC0892_960_002,CADC0892,960,2022-06-02T10:15:39.000000Z,2022-06-02T10:17:32.000000Z,113.0,114,1.0,0.817175391788008,968
CADC0892_961_002,CADC0892,961,2022-06-02T10:18:27.000000Z,2022-06-02T10:18:52.000000Z,25.0,7,0.87,0.45714285714285713,970
CADC0892_961_003,CADC0892,961,2022-06-02T10:20:57.000000Z,2022-06-02T10:21:14.000000Z,17.0,3,0.59,0.45999999999999996,972
CADC0892_962_002,CADC0892,962,2022-06-02T10:23:44.000000Z,2022-06-02T10:25:45.000000Z,121.0,118,1.0,0.8090665366362844,974
CADC0892_963_002,CADC0892,963,2022-06-02T10:26:35.000000Z,2022-06-02T10:26:40.000000Z,5.0,5,0.4103333333333333,0.40947917050269983,976
CADC0892_964_002,CADC0892,964,2022-06-02T10:32:18.000000Z,2022-06-02T10:33:55.000000Z,97.0,93,1.0,0.8243173323092678,980
CADC0892_965_002,CADC0892,965,2022-06-02T10:35:24.000000Z,2022-06-02T10:35:28.000000Z,4.0,4,0.52,0.395,982
CADC0892_965_003,CADC0892,965,2022-06-02T10:38:00.000000Z,2022-06-02T10:38:06.000000Z,6.0,2,0.58,0.44999999999999996,984
CADC0892_966_002,CADC0892,966,2022-06-02T10:40:39.000000Z,2022-06-02T10:42:12.000000Z,93.0,90,1.0,0.8209676527176528,985
CADC0892_967_002,CADC0892,967,2022-06-02T10:43:23.000000Z,2022-06-02T10:43:23.000000Z,0.0,1,0.4854761904761905,0.4854761904761905,987
CADC0892_968_002,CADC0892,968,2022-06-02T10:50:16.000000Z,2022-06-02T10:50:39.000000Z,23.0,3,0.35,0.3466666666666667,991
CADC0892_970_002,CADC0892,970,2022-06-02T10:56:20.000000Z,2022-06-02T10:58:49.000000Z,149.0,42,0.91,0.5260317460317461,995
CADC0892_971_002,CADC0892,971,2022-06-02T10:58:52.000000Z,2022-06-02T11:00:04.000000Z,72.0,39,0.99,0.62,997
CADC0892_971_003,CADC0892,971,2022-06-02T11:01:47.000000Z,2022-06-02T11:03:39.000000Z,112.0,41,0.83,0.511930141875653,999
CADC0892_972_002,CADC0892,972,2022-06-02T11:05:30.000000Z,2022-06-02T11:07:52.000000Z,142.0,138,1.0,0.864416149068323,1002
CADC0892_973_002,CADC0892,973,2022-06-02T11:08:23.000000Z,2022-06-02T11:09:14.000000Z,51.0,5,0.34,0.314,1003
CADC0892_973_003,CADC0892,973,2022-06-02T11:10:30.000000Z,2022-06-02T11:10:30.000000Z,0.0,1,0.37,0.37,1005
CADC0892_973_004,CADC0892,973,2022-06-02T11:11:57.000000Z,2022-06-02T11:12:29.000000Z,32.0,4,0.34,0.3175,1006
CADC0892_974_002,CADC0892,974,2022-06-02T11:13:12.000000Z,2022-06-02T11:18:00.000000Z,288.0,93,0.81,0.4845372493673346,1007
CADC0892_975_002,CADC0892,975,2022-06-02T11:20:38.000000Z,2022-06-02T11:23:42.000000Z,184.0,180,1.0,0.7659000396418558,1011
CADC0892_976_002,CADC0892,976,2022-06-02T11:23:43.000000Z,2022-06-02T11:24:44.000000Z,61.0,6,0.4941666666666666,0.39615074135090617,1013
CADC0892_976_003,CADC0892,976,2022-06-02T11:27:52.000000Z,2022-06-02T11:28:52.000000Z,60.0,9,0.5185124933545987,0.3467174118938029,1016
CADC0892_976_004,CADC0892,976,2022-06-02T11:30:10.000000Z,2022-06-02T11:30:11.000000Z,1.0,2,0.4103237450114384,0.3852097297981652,1017
CADC0892_977_002,CADC0892,977,2022-06-02T11:34:05.000000Z,2022-06-02T11:34:57.000000Z,52.0,9,0.86,0.4740253337621956,1020
CADC0892_977_003,CADC0892,977,2022-06-02T11:37:27.000000Z,2022-06-02T11:37:47.000000Z,20.0,6,0.9,0.5411611797739916,1022
CADC0892_978_002,CADC0892,978,2022-06-02T11:39:05.000000Z,2022-06-02T11:40:51.000000Z,106.0,91,1.0,0.7777528938755977,1023
CADC0892_979_002,CADC0892,979,2022-06-02T11:43:58.000000Z,2022-06-02T11:43:58.000000Z,0.0,1,0.75,0.75,1026
CADC0892_979_003,CADC0892,979,2022-06-02T11:46:00.000000Z,2022-06-02T11:47:15.000000Z,75.0,8,0.89,0.5437500000000001,1027
CADC0892_980_002,CADC0892,980,2022-06-02T11:48:24.000000Z,2022-06-02T11:51:10.000000Z,166.0,33,0.64,0.45144949494949493,1029
CADC0892_981_002,CADC0892,981,2022-06-02T11:53:59.000000Z,2022-06-02T11:54:03.000000Z,4.0,2,0.32,0.32,1033
CADC0892_981_003,CADC0892,981,2022-06-02T11:57:08.000000Z,2022-06-02T11:57:08.000000Z,0.0,1,0.33,0.33,1035
CADC0892_982_002,CADC0892,982,2022-06-02T11:58:33.000000Z,2022-06-02T11:58:33.000000Z,0.0,1,0.4763333333333333,0.4763333333333333,1036
CADC0892_983_002,CADC0892,983,2022-06-02T12:07:48.000000Z,2022-06-02T12:07:48.000000Z,0.0,1,0.4605000000000001,0.4605000000000001,1041
CADC0892_984_002,CADC0892,984,2022-06-02T12:12:25.000000Z,2022-06-02T12:12:25.000000Z,0.0,1,0.4101666666666667,0.4101666666666667,1044
CADC0892_986_002,CADC0892,986,2022-06-02T12:22:08.000000Z,2022-06-02T12:22:15.000000Z,7.0,3,0.4283333333333334,0.36700405665753527,1049
CADC0892_987_002,CADC0892,987,2022-06-02T12:28:12.000000Z,2022-06-02T12:28:32.000000Z,20.0,6,0.7960263347763346,0.42138741949771347,1053
CADC0892_988_002,CADC0892,988,2022-06-02T12:30:05.000000Z,2022-06-02T12:30:05.000000Z,0.0,1,0.32,0.32,1054
CADC0892_988_003,CADC0892,988,2022-06-02T12:32:58.000000Z,2022-06-02T12:33:27.000000Z,29.0,3,0.4006744939110395,0.38084896380084654,1055
CADC0892_989_002,CADC0892,989,2022-06-02T12:35:27.000000Z,2022-06-02T12:36:30.000000Z,63.0,5,0.56,0.426,1057
CADC0892_989_003,CADC0892,989,2022-06-02T12:37:57.000000Z,2022-06-02T12:39:40.000000Z,103.0,42,0.95,0.5575952380952381,1059
CADC0892_990_002,CADC0892,990,2022-06-02T12:39:49.000000Z,2022-06-02T12:39:49.000000Z,0.0,1,0.34,0.34,1061
CADC0892_990_003,CADC0892,990,2022-06-02T12:41:08.000000Z,2022-06-02T12:41:08.000000Z,0.0,1,0.36,0.36,1062
CADC0892_990_004,CADC0892,990,2022-06-02T12:44:37.000000Z,2022-06-02T12:45:53.000000Z,76.0,6,0.4521666666666667,0.3956284327103292,1064
CADC0892_991_002,CADC0892,991,2022-06-02T12:47:57.000000Z,2022-06-02T12:47:57.000000Z,0.0,1,0.31,0.31,1066
CADC0892_991_003,CADC0892,991,2022-06-02T12:51:33.000000Z,2022-06-02T12:51:38.000000Z,5.0,2,0.457,0.3885,1067
CADC0892_992_002,CADC0892,992,2022-06-02T12:52:27.000000Z,2022-06-02T12:54:32.000000Z,125.0,40,0.88,0.5011833333333333,1068
CADC0892_992_003,CADC0892,992,2022-06-02T12:56:04.000000Z,2022-06-02T12:56:04.000000Z,0.0,1,0.44,0.44,1070
CADC0892_992_004,CADC0892,992,2022-06-02T12:57:05.000000Z,2022-06-02T12:57:52.000000Z,47.0,13,0.94,0.43999088230609973,1071
CADC0892_993_002,CADC0892,993,2022-06-02T13:03:20.000000Z,2022-06-02T13:03:20.000000Z,0.0,1,0.32,0.32,1074
CADC0892_994_002,CADC0892,994,2022-06-02T13:04:40.000000Z,2022-06-02T13:05:24.000000Z,44.0,2,0.4551190476190477,0.37815624653124646,1075
CADC0892_995_002,CADC0892,995,2022-06-02T13:11:37.000000Z,2022-06-02T13:11:37.000000Z,0.0,1,0.32,0.32,1079
CADC0892_996_002,CADC0892,996,2022-06-02T13:17:09.000000Z,2022-06-02T13:17:09.000000Z,0.0,1,0.3794285714285714,0.3794285714285714,1082
CADC0892_996_003,CADC0892,996,2022-06-02T13:20:22.000000Z,2022-06-02T13:20:22.000000Z,0.0,1,0.3523506493506494,0.3523506493506494,1084
CADC0892_997_002,CADC0892,997,2022-06-02T13:24:37.000000Z,2022-06-02T13:24:37.000000Z,0.0,1,0.3,0.3,1086
CADC0892_998_002,CADC0892,998,2022-06-02T13:29:57.000000Z,2022-06-02T13:29:58.000000Z,1.0,2,0.4103237450114384,0.3852097297981652,1090
CADC0892_998_003,CADC0892,998,2022-06-02T13:33:56.000000Z,2022-06-02T13:34:50.000000Z,54.0,4,0.4103237450114384,0.37010486489908256,1092
CADC0892_999_002,CADC0892,999,2022-06-02T13:40:29.000000Z,2022-06-02T13:40:29.000000Z,0.0,1,0.4162684733567087,0.4162684733567087,1095
CADC0892_1000_002,CADC0892,1000,2022-06-02T13:43:32.000000Z,2022-06-02T13:43:32.000000Z,0.0,1,0.42,0.42,1096
CADC0892_1000_003,CADC0892,1000,2022-06-02T13:46:39.000000Z,2022-06-02T13:46:45.000000Z,6.0,2,0.42,0.365,1098
CADC0892_1001_002,CADC0892,1001,2022-06-02T13:50:03.000000Z,2022-06-02T13:53:12.000000Z,189.0,25,0.8497857142857143,0.5015866873706004,1100
CADC0892_1002_002,CADC0892,1002,2022-06-02T13:56:02.000000Z,2022-06-02T13:56:54.000000Z,52.0,2,0.31,0.305,1103
CADC0892_1002_003,CADC0892,1002,2022-06-02T13:58:13.000000Z,2022-06-02T13:58:30.000000Z,17.0,6,0.4702337164750957,0.3595241813047692,1105
CADC0892_1003_002,CADC0892,1003,2022-06-02T14:01:38.000000Z,2022-06-02T14:05:14.000000Z,216.0,60,0.86,0.5065981987620466,1107
CADC0892_1004_002,CADC0892,1004,2022-06-02T14:08:03.000000Z,2022-06-02T14:09:52.000000Z,109.0,27,0.86,0.49950617283950616,1112
CADC0892_1004_003,CADC0892,1004,2022-06-02T14:11:09.000000Z,2022-06-02T14:13:14.000000Z,125.0,32,0.93,0.5721712737511938,1115
CADC0892_1005_002,CADC0892,1005,2022-06-02T14:13:19.000000Z,2022-06-02T14:20:38.000000Z,439.0,103,1.0,0.52231084617349,1116
CADC0892_1006_002,CADC0892,1006,2022-06-02T14:20:55.000000Z,2022-06-02T14:26:54.000000Z,359.0,78,0.9,0.4981963980789358,1121
CADC0892_1007_002,CADC0892,1007,2022-06-02T14:29:17.000000Z,2022-06-02T14:30:59.000000Z,102.0,10,0.503,0.36533571428571426,1125
CADC0892_1007_003,CADC0892,1007,2022-06-02T14:32:37.000000Z,2022-06-02T14:33:19.000000Z,42.0,2,0.38,0.33999999999999997,1127
CADC0892_1008_002,CADC0892,1008,2022-06-02T14:35:44.000000Z,2022-06-02T14:38:15.000000Z,151.0,15,0.4865,0.36037460317460307,1128
CADC0892_1009_002,CADC0892,1009,2022-06-02T14:42:09.000000Z,2022-06-02T14:42:09.000000Z,0.0,1,0.4147407037407038,0.4147407037407038,1131
CADC0892_1009_003,CADC0892,1009,2022-06-02T14:44:13.000000Z,2022-06-02T14:45:03.000000Z,50.0,2,0.6077828462387286,0.4738914231193643,1132
CADC0892_1010_002,CADC0892,1010,2022-06-02T14:48:44.000000Z,2022-06-02T14:48:44.000000Z,0.0,1,0.37,0.37,1135
CADC0892_1010_003,CADC0892,1010,2022-06-02T14:50:59.000000Z,2022-06-02T14:50:59.000000Z,0.0,1,0.34,0.34,1137
CADC0892_1012_002,CADC0892,1012,2022-06-02T15:04:07.000000Z,2022-06-02T15:04:07.000000Z,0.0,1,0.36,0.36,1143
CADC0894_1095_002,CADC0894,1095,2022-01-28T20:53:44.000000Z,2022-01-28T20:53:50.000000Z,6.0,2,0.348,0.32599999999999996,378
CADC0894_1097_002,CADC0894,1097,2022-01-28T21:04:29.000000Z,2022-01-28T21:04:29.000000Z,0.0,1,0.4907103174603175,0.4907103174603175,381
CADC0894_1099_002,CADC0894,1099,2022-01-28T21:10:14.000000Z,2022-01-28T21:10:14.000000Z,0.0,1,0.3010357142857143,0.3010357142857143,382
CADC0894_1099_003,CADC0894,1099,2022-01-28T21:13:54.000000Z,2022-01-28T21:13:54.000000Z,0.0,1,0.3010357142857143,0.3010357142857143,383
CADC0894_1100_002,CADC0894,1100,2022-01-28T21:14:34.000000Z,2022-01-28T21:14:34.000000Z,0.0,1,0.3009166666666666,0.3009166666666666,384
CADC0894_1100_003,CADC0894,1100,2022-01-28T21:17:30.000000Z,2022-01-28T21:17:40.000000Z,10.0,2,0.5245198412698412,0.5234373015873015,385
CADC0894_1102_002,CADC0894,1102,2022-01-28T21:24:25.000000Z,2022-01-28T21:24:25.000000Z,0.0,1,0.3,0.3,386
CADC0894_1102_003,CADC0894,1102,2022-01-28T21:27:15.000000Z,2022-01-28T21:27:15.000000Z,0.0,1,0.3010357142857143,0.3010357142857143,387
CADC0894_1104_002,CADC0894,1104,2022-01-28T21:34:15.000000Z,2022-01-28T21:34:15.000000Z,0.0,1,0.41,0.41,388
CADC0894_1105_002,CADC0894,1105,2022-01-28T21:38:01.000000Z,2022-01-28T21:38:26.000000Z,25.0,3,0.46,0.43333333333333335,389
CADC0894_1106_002,CADC0894,1106,2022-01-28T21:42:12.000000Z,2022-01-28T21:42:22.000000Z,10.0,2,0.4674372294372293,0.42471861471861466,391
CADC0894_1106_003,CADC0894,1106,2022-01-28T21:43:32.000000Z,2022-01-28T21:43:32.000000Z,0.0,1,0.4176190476190476,0.4176190476190476,392
CADC0894_1107_002,CADC0894,1107,2022-01-28T21:47:07.000000Z,2022-01-28T21:53:17.000000Z,370.0,74,1.0,0.7288255791505792,393
CADC0894_1111_002,CADC0894,1111,2022-01-28T22:43:42.000000Z,2022-01-28T22:43:42.000000Z,0.0,1,0.3618330558330557,0.3618330558330557,394
CADC0894_1112_002,CADC0894,1112,2022-01-28T22:46:22.000000Z,2022-01-28T22:47:07.000000Z,45.0,4,0.5107111221360714,0.4152662545599919,395
CADC0894_1112_003,CADC0894,1112,2022-01-28T22:49:22.000000Z,2022-01-28T22:49:22.000000Z,0.0,1,0.5107111221360714,0.5107111221360714,396
CADC0894_1113_002,CADC0894,1113,2022-01-28T22:50:12.000000Z,2022-01-28T22:50:12.000000Z,0.0,1,0.6648015873015873,0.6648015873015873,397
CADC0894_1114_002,CADC0894,1114,2022-01-28T22:53:58.000000Z,2022-01-28T22:54:03.000000Z,5.0,2,0.3618330558330557,0.3448748612498611,399
CADC0894_1114_003,CADC0894,1114,2022-01-28T22:56:28.000000Z,2022-01-28T22:56:28.000000Z,0.0,1,0.5107111221360714,0.5107111221360714,401
CADC0894_1115_002,CADC0894,1115,2022-01-28T22:57:18.000000Z,2022-01-28T22:57:18.000000Z,0.0,1,0.3009166666666666,0.3009166666666666,402
CADC0894_1116_002,CADC0894,1116,2022-01-28T23:00:18.000000Z,2022-01-28T23:01:03.000000Z,45.0,3,0.6648015873015873,0.4473902116402117,403
CADC0894_1117_002,CADC0894,1117,2022-01-28T23:04:03.000000Z,2022-01-28T23:04:18.000000Z,15.0,2,0.6298111111111111,0.5602607142857143,404
CADC0894_1118_002,CADC0894,1118,2022-01-28T23:07:48.000000Z,2022-01-28T23:07:48.000000Z,0.0,1,0.5107111221360714,0.5107111221360714,405
CADC0894_1123_002,CADC0894,1123,2022-01-28T23:27:18.000000Z,2022-01-28T23:27:18.000000Z,0.0,1,0.46,0.46,406
CADC0894_1133_002,CADC0894,1133,2022-01-29T01:54:18.000000Z,2022-01-29T01:54:23.000000Z,5.0,2,0.5107111221360714,0.40587341821089284,415
CADC0894_1134_002,CADC0894,1134,2022-01-29T01:57:43.000000Z,2022-01-29T01:58:28.000000Z,45.0,3,0.64,0.5366259296009126,416
CADC0894_1134_003,CADC0894,1134,2022-01-29T02:00:33.000000Z,2022-01-29T02:01:03.000000Z,30.0,3,0.7786111111111111,0.5301193158442989,417
CADC0894_1137_002,CADC0894,1137,2022-01-29T02:08:28.000000Z,2022-01-29T02:08:33.000000Z,5.0,2,0.642795238095238,0.4853559523809523,421
CADC0894_1138_002,CADC0894,1138,2022-01-29T02:12:33.000000Z,2022-01-29T02:12:33.000000Z,0.0,1,0.5162857142857142,0.5162857142857142,423
CADC0894_1139_002,CADC0894,1139,2022-01-29T02:17:23.000000Z,2022-01-29T02:17:23.000000Z,0.0,1,0.5673333333333334,0.5673333333333334,426
CADC0894_1141_002,CADC0894,1141,2022-01-29T02:23:48.000000Z,2022-01-29T02:24:38.000000Z,50.0,2,0.45,0.3952083333333333,427
CADC0894_1142_002,CADC0894,1142,2022-01-29T02:27:33.000000Z,2022-01-29T02:27:33.000000Z,0.0,1,0.3217380952380952,0.3217380952380952,429
CADC0894_1142_003,CADC0894,1142,2022-01-29T02:28:58.000000Z,2022-01-29T02:28:58.000000Z,0.0,1,0.33,0.33,430
CADC0894_1143_002,CADC0894,1143,2022-01-29T02:34:03.000000Z,2022-01-29T02:34:03.000000Z,0.0,1,0.3217380952380952,0.3217380952380952,431
CADC0894_1145_002,CADC0894,1145,2022-01-29T02:38:53.000000Z,2022-01-29T02:38:53.000000Z,0.0,1,0.4921666666666667,0.4921666666666667,433
CADC0894_1146_002,CADC0894,1146,2022-01-29T02:43:03.000000Z,2022-01-29T02:43:03.000000Z,0.0,1,0.4591666666666666,0.4591666666666666,434
CADC0894_1152_002,CADC0894,1152,2022-01-29T09:47:47.000000Z,2022-01-29T09:51:52.000000Z,245.0,49,1.0,0.7840509013662076,454
CADC0894_1158_002,CADC0894,1158,2022-01-29T14:35:52.000000Z,2022-01-29T14:35:52.000000Z,0.0,1,0.36,0.36,509
CADC0894_1161_002,CADC0894,1161,2022-01-29T14:46:12.000000Z,2022-01-29T14:46:12.000000Z,0.0,1,0.3404166666666665,0.3404166666666665,513
CADC0894_1162_002,CADC0894,1162,2022-01-29T14:49:07.000000Z,2022-01-29T14:49:32.000000Z,25.0,3,0.3618330558330557,0.34691657416657407,514
CADC0894_1162_003,CADC0894,1162,2022-01-29T14:52:07.000000Z,2022-01-29T14:52:07.000000Z,0.0,1,0.3465238095238095,0.3465238095238095,515
CADC0894_1163_002,CADC0894,1163,2022-01-29T14:52:57.000000Z,2022-01-29T14:53:37.000000Z,40.0,7,0.7685423881673882,0.538937184640756,516
CADC0894_1163_003,CADC0894,1163,2022-01-29T14:55:47.000000Z,2022-01-29T14:56:42.000000Z,55.0,12,0.92,0.8362222222222222,517
CADC0894_1166_002,CADC0894,1166,2022-01-29T15:03:57.000000Z,2022-01-29T15:03:57.000000Z,0.0,1,0.52,0.52,518
CADC0894_1166_003,CADC0894,1166,2022-01-29T15:05:52.000000Z,2022-01-29T15:07:02.000000Z,70.0,5,0.89,0.638,519
CADC0894_1167_002,CADC0894,1167,2022-01-29T15:10:37.000000Z,2022-01-29T15:10:57.000000Z,20.0,4,0.5223547619047618,0.42244576395826394,522
CADC0894_1168_002,CADC0894,1168,2022-01-29T15:14:32.000000Z,2022-01-29T15:14:32.000000Z,0.0,1,0.4674372294372293,0.4674372294372293,523
CADC0894_1169_002,CADC0894,1169,2022-01-29T15:16:47.000000Z,2022-01-29T15:16:47.000000Z,0.0,1,0.5736190476190477,0.5736190476190477,524
CADC0894_1170_002,CADC0894,1170,2022-01-29T15:20:17.000000Z,2022-01-29T15:20:32.000000Z,15.0,3,1.0,0.5966666666666667,526
CADC0894_1728_002,CADC0894,1728,2022-06-01T23:46:17.000000Z,2022-06-01T23:46:46.000000Z,29.0,16,0.925,0.5842500201915461,596
CADC0894_1728_003,CADC0894,1728,2022-06-01T23:50:36.000000Z,2022-06-01T23:51:08.000000Z,32.0,11,0.7441666666666668,0.5290019067618696,599
CADC0894_1729_002,CADC0894,1729,2022-06-01T23:55:24.000000Z,2022-06-01T23:55:59.000000Z,35.0,6,0.3859446121850985,0.3472872965596335,602
CADC0894_1729_003,CADC0894,1729,2022-06-02T00:00:23.000000Z,2022-06-02T00:00:23.000000Z,0.0,1,0.31,0.31,605
CADC0894_1730_002,CADC0894,1730,2022-06-02T00:03:13.000000Z,2022-06-02T00:05:26.000000Z,133.0,22,0.6525833333333334,0.40980035650623886,607
CADC0894_1730_003,CADC0894,1730,2022-06-02T00:09:20.000000Z,2022-06-02T00:09:20.000000Z,0.0,1,0.37,0.37,613
CADC0894_1731_002,CADC0894,1731,2022-06-02T00:11:11.000000Z,2022-06-02T00:15:04.000000Z,233.0,41,0.6392857142857142,0.3903333564578798,614
CADC0894_1732_002,CADC0894,1732,2022-06-02T00:20:26.000000Z,2022-06-02T00:27:10.000000Z,404.0,105,0.95,0.5107306735435884,619
CADC0894_1733_002,CADC0894,1733,2022-06-02T00:31:29.000000Z,2022-06-02T00:32:34.000000Z,65.0,8,0.6893708513708511,0.4113068997262449,625
CADC0894_1733_003,CADC0894,1733,2022-06-02T00:35:27.000000Z,2022-06-02T00:35:33.000000Z,6.0,3,0.6898333333333335,0.4520555555555556,627
CADC0894_1734_002,CADC0894,1734,2022-06-02T00:40:58.000000Z,2022-06-02T00:41:46.000000Z,48.0,10,0.77,0.42699999999999994,631
CADC0894_1734_003,CADC0894,1734,2022-06-02T00:43:18.000000Z,2022-06-02T00:44:13.000000Z,55.0,10,0.73,0.4959999999999999,632
CADC0894_1735_002,CADC0894,1735,2022-06-02T00:49:40.000000Z,2022-06-02T00:52:59.000000Z,199.0,39,0.95,0.4758717948717948,637
CADC0894_1736_002,CADC0894,1736,2022-06-02T00:58:10.000000Z,2022-06-02T00:58:21.000000Z,11.0,4,0.4945000000000001,0.4018422619047619,643
CADC0894_1736_003,CADC0894,1736,2022-06-02T01:00:42.000000Z,2022-06-02T01:00:42.000000Z,0.0,1,0.32,0.32,644
CADC0894_1737_002,CADC0894,1737,2022-06-02T01:07:11.000000Z,2022-06-02T01:09:27.000000Z,136.0,119,1.0,0.7669894377911023,649
CADC0894_1738_002,CADC0894,1738,2022-06-02T01:15:12.000000Z,2022-06-02T01:17:02.000000Z,110.0,98,1.0,0.7270318573150206,656
CADC0894_1739_002,CADC0894,1739,2022-06-02T01:22:38.000000Z,2022-06-02T01:25:17.000000Z,159.0,144,1.0,0.7890815972222223,661
CADC0894_1740_002,CADC0894,1740,2022-06-02T01:30:50.000000Z,2022-06-02T01:30:55.000000Z,5.0,2,0.33,0.33,666
CADC0894_1740_003,CADC0894,1740,2022-06-02T01:32:57.000000Z,2022-06-02T01:33:45.000000Z,48.0,7,0.4785422077922079,0.3482626097912818,667
CADC0894_1741_002,CADC0894,1741,2022-06-02T01:36:19.000000Z,2022-06-02T01:36:19.000000Z,0.0,1,0.5387031855039504,0.5387031855039504,670
CADC0894_1741_003,CADC0894,1741,2022-06-02T01:37:29.000000Z,2022-06-02T01:41:34.000000Z,245.0,22,0.5159999999999999,0.4021902100424827,671
CADC0894_1742_002,CADC0894,1742,2022-06-02T01:43:20.000000Z,2022-06-02T01:48:49.000000Z,329.0,301,1.0,0.7798261713837701,676
CADC0894_1743_002,CADC0894,1743,2022-06-02T01:51:00.000000Z,2022-06-02T01:56:01.000000Z,301.0,210,1.0,0.7036355756843461,682
CADC0894_1744_002,CADC0894,1744,2022-06-02T01:59:14.000000Z,2022-06-02T02:03:28.000000Z,254.0,95,0.94,0.5378911050898701,687
CADC0894_1745_002,CADC0894,1745,2022-06-02T02:08:01.000000Z,2022-06-02T02:10:18.000000Z,137.0,12,0.5104166666666665,0.3588662376423039,694
CADC0894_1746_002,CADC0894,1746,2022-06-02T02:15:58.000000Z,2022-06-02T02:16:55.000000Z,57.0,9,0.37,0.33111111111111113,699
CADC0894_1747_002,CADC0894,1747,2022-06-02T02:22:49.000000Z,2022-06-02T02:24:55.000000Z,126.0,93,1.0,0.8282418134319226,704
CADC0894_1748_002,CADC0894,1748,2022-06-02T02:31:08.000000Z,2022-06-02T02:32:30.000000Z,82.0,30,0.89,0.5188336334247778,708
CADC0894_1749_002,CADC0894,1749,2022-06-02T02:38:15.000000Z,2022-06-02T02:39:14.000000Z,59.0,6,0.4830833333333333,0.41562056852901924,713
CADC0894_1750_002,CADC0894,1750,2022-06-02T02:59:19.000000Z,2022-06-02T02:59:50.000000Z,31.0,6,0.6618128772635812,0.40490067703706883,727
CADC0894_1751_002,CADC0894,1751,2022-06-02T03:05:45.000000Z,2022-06-02T03:06:21.000000Z,36.0,9,0.7925,0.526236478542034,731
CADC0894_1752_002,CADC0894,1752,2022-06-02T03:09:42.000000Z,2022-06-02T03:12:51.000000Z,189.0,14,0.5370524848136818,0.3845677909564317,734
CADC0894_1753_002,CADC0894,1753,2022-06-02T03:16:31.000000Z,2022-06-02T03:19:24.000000Z,173.0,23,0.5138333333333334,0.3901264532568879,740
CADC0894_1753_003,CADC0894,1753,2022-06-02T03:21:13.000000Z,2022-06-02T03:21:13.000000Z,0.0,1,0.4906666666666667,0.4906666666666667,744
CADC0894_1754_002,CADC0894,1754,2022-06-02T03:24:07.000000Z,2022-06-02T03:28:07.000000Z,240.0,34,0.8338246753246753,0.40935271876563306,747
CADC0894_1755_002,CADC0894,1755,2022-06-02T03:31:13.000000Z,2022-06-02T03:32:19.000000Z,66.0,9,0.5323730158730159,0.3974805650815172,752
CADC0894_1755_003,CADC0894,1755,2022-06-02T03:33:44.000000Z,2022-06-02T03:34:45.000000Z,61.0,8,0.7064945887445886,0.46574378982503617,754
CADC0894_1756_002,CADC0894,1756,2022-06-02T03:39:57.000000Z,2022-06-02T03:40:50.000000Z,53.0,15,0.9140625,0.5060969029441653,758
CADC0894_1757_002,CADC0894,1757,2022-06-02T04:43:19.000000Z,2022-06-02T04:46:22.000000Z,183.0,35,0.71,0.4743610596612586,798
CADC0894_1758_002,CADC0894,1758,2022-06-02T04:49:42.000000Z,2022-06-02T04:53:43.000000Z,241.0,36,0.6272460317460319,0.41736027184212987,801
CADC0894_1759_002,CADC0894,1759,2022-06-02T04:56:25.000000Z,2022-06-02T05:00:27.000000Z,242.0,45,0.8858333333333335,0.5118986689987929,807
CADC0894_1760_002,CADC0894,1760,2022-06-02T05:03:32.000000Z,2022-06-02T05:03:32.000000Z,0.0,1,0.4450454545454546,0.4450454545454546,812
CADC0894_1760_003,CADC0894,1760,2022-06-02T05:04:44.000000Z,2022-06-02T05:06:40.000000Z,116.0,8,0.5246587301587302,0.3995227185781713,813
CADC0894_1761_002,CADC0894,1761,2022-06-02T06:17:53.000000Z,2022-06-02T06:22:03.000000Z,250.0,75,0.93,0.5331923509807005,856
CADC0894_1762_002,CADC0894,1762,2022-06-02T06:24:43.000000Z,2022-06-02T06:29:03.000000Z,260.0,24,0.5312962092731831,0.40510012679731017,861
CADC0894_1763_002,CADC0894,1763,2022-06-02T06:31:38.000000Z,2022-06-02T06:35:43.000000Z,245.0,69,0.92,0.531265645240423,866
CADC0894_1764_002,CADC0894,1764,2022-06-02T06:39:05.000000Z,2022-06-02T06:42:02.000000Z,177.0,33,0.7279566930085877,0.5063669730237472,871
CADC0894_1765_002,CADC0894,1765,2022-06-02T09:19:15.000000Z,2022-06-02T09:22:43.000000Z,208.0,21,0.6893708513708511,0.42310494271621985,935
CADC0894_1766_002,CADC0894,1766,2022-06-02T09:27:21.000000Z,2022-06-02T09:31:38.000000Z,257.0,39,0.6305476190476191,0.39699664146732205,940
CADC0894_1767_002,CADC0894,1767,2022-06-02T09:35:23.000000Z,2022-06-02T09:39:41.000000Z,258.0,40,0.6311150793650792,0.41990709585975533,945
CADC0894_1768_002,CADC0894,1768,2022-06-02T10:12:10.000000Z,2022-06-02T10:13:37.000000Z,87.0,82,1.0,0.7379390450932775,965
CADC0894_1769_002,CADC0894,1769,2022-06-02T10:20:02.000000Z,2022-06-02T10:20:02.000000Z,0.0,1,0.4020289855072464,0.4020289855072464,971
CADC0894_1769_003,CADC0894,1769,2022-06-02T10:21:50.000000Z,2022-06-02T10:22:22.000000Z,32.0,3,0.46,0.3666666666666667,972
CADC0894_1770_002,CADC0894,1770,2022-06-02T10:28:33.000000Z,2022-06-02T10:28:33.000000Z,0.0,1,0.32,0.32,977
CADC0894_1770_003,CADC0894,1770,2022-06-02T10:30:48.000000Z,2022-06-02T10:30:50.000000Z,2.0,2,0.47,0.425,979
CADC0894_1771_002,CADC0894,1771,2022-06-02T10:36:34.000000Z,2022-06-02T10:38:55.000000Z,141.0,53,0.98,0.536414910561137,983
CADC0894_1772_002,CADC0894,1772,2022-06-02T10:44:50.000000Z,2022-06-02T10:48:18.000000Z,208.0,179,0.99,0.7705560742874,988
CADC0894_1773_002,CADC0894,1773,2022-06-02T10:53:02.000000Z,2022-06-02T10:57:58.000000Z,296.0,258,1.0,0.7568680823456878,993
CADC0894_1774_002,CADC0894,1774,2022-06-02T11:00:59.000000Z,2022-06-02T11:07:52.000000Z,413.0,385,1.0,0.7594542271348749,999
CADC0894_1775_002,CADC0894,1775,2022-06-02T11:09:37.000000Z,2022-06-02T11:09:37.000000Z,0.0,1,0.3,0.3,1004
CADC0894_1775_003,CADC0894,1775,2022-06-02T11:12:40.000000Z,2022-06-02T11:14:13.000000Z,93.0,4,0.5254523809523811,0.4634533730158731,1006
CADC0894_1776_002,CADC0894,1776,2022-06-02T11:14:54.000000Z,2022-06-02T11:21:20.000000Z,386.0,297,0.98,0.6609573379264829,1008
CADC0894_1777_002,CADC0894,1777,2022-06-02T11:22:49.000000Z,2022-06-02T11:25:31.000000Z,162.0,22,0.6022698412698413,0.37210052866168497,1012
CADC0894_1777_003,CADC0894,1777,2022-06-02T11:28:09.000000Z,2022-06-02T11:28:11.000000Z,2.0,2,0.33,0.32,1016
CADC0894_1778_002,CADC0894,1778,2022-06-02T11:32:54.000000Z,2022-06-02T11:33:00.000000Z,6.0,2,0.4744186307113939,0.3957510659177963,1019
CADC0894_1778_003,CADC0894,1778,2022-06-02T11:34:16.000000Z,2022-06-02T11:35:11.000000Z,55.0,10,0.38,0.33399999999999996,1020
CADC0894_1778_004,CADC0894,1778,2022-06-02T11:36:34.000000Z,2022-06-02T11:36:48.000000Z,14.0,5,0.6358809523809521,0.4881124986124986,1022
CADC0894_1779_002,CADC0894,1779,2022-06-02T11:42:17.000000Z,2022-06-02T11:45:31.000000Z,194.0,188,1.0,0.7275155896445978,1025
CADC0894_1780_002,CADC0894,1780,2022-06-02T11:52:04.000000Z,2022-06-02T11:52:58.000000Z,54.0,3,0.32,0.31,1031
CADC0894_1780_003,CADC0894,1780,2022-06-02T11:54:04.000000Z,2022-06-02T11:55:15.000000Z,71.0,13,0.5334523809523809,0.3929066063097206,1033
CADC0894_1781_002,CADC0894,1781,2022-06-02T12:01:30.000000Z,2022-06-02T12:05:58.000000Z,268.0,245,1.0,0.7281446159706905,1038
CADC0894_1782_002,CADC0894,1782,2022-06-02T12:12:23.000000Z,2022-06-02T12:13:57.000000Z,94.0,37,0.73,0.4584774774774774,1044
CADC0894_1782_003,CADC0894,1782,2022-06-02T12:15:04.000000Z,2022-06-02T12:16:35.000000Z,91.0,18,0.86,0.5074265873015873,1045
CADC0894_1783_002,CADC0894,1783,2022-06-02T12:22:50.000000Z,2022-06-02T12:22:50.000000Z,0.0,1,0.3740203324671003,0.3740203324671003,1049
CADC0894_1783_003,CADC0894,1783,2022-06-02T12:24:27.000000Z,2022-06-02T12:24:47.000000Z,20.0,2,0.36,0.32999999999999996,1051
CADC0894_1783_004,CADC0894,1783,2022-06-02T12:26:30.000000Z,2022-06-02T12:27:43.000000Z,73.0,8,0.489797544428877,0.42041546114254363,1052
CADC0894_1784_002,CADC0894,1784,2022-06-02T12:33:40.000000Z,2022-06-02T12:33:40.000000Z,0.0,1,0.31,0.31,1056
CADC0894_1784_003,CADC0894,1784,2022-06-02T12:35:23.000000Z,2022-06-02T12:35:23.000000Z,0.0,1,0.33,0.33,1057
CADC0894_1784_004,CADC0894,1784,2022-06-02T12:38:37.000000Z,2022-06-02T12:39:02.000000Z,25.0,3,0.4628333333333334,0.4276673881673882,1059
CADC0894_1785_002,CADC0894,1785,2022-06-02T12:40:39.000000Z,2022-06-02T12:40:58.000000Z,19.0,3,0.4449216342223307,0.41859877016535424,1061
CADC0894_1785_003,CADC0894,1785,2022-06-02T12:42:58.000000Z,2022-06-02T12:43:37.000000Z,39.0,2,0.4693333333333333,0.38466666666666666,1063
CADC0894_1785_004,CADC0894,1785,2022-06-02T12:47:52.000000Z,2022-06-02T12:51:24.000000Z,212.0,12,0.4798773448773448,0.38404719915581875,1066
CADC0894_1786_002,CADC0894,1786,2022-06-02T12:51:34.000000Z,2022-06-02T12:51:34.000000Z,0.0,1,0.3859446121850985,0.3859446121850985,1067
CADC0894_1786_003,CADC0894,1786,2022-06-02T12:54:54.000000Z,2022-06-02T12:55:15.000000Z,21.0,4,0.4873561076604556,0.4027607766985556,1069
CADC0894_1786_004,CADC0894,1786,2022-06-02T13:00:14.000000Z,2022-06-02T13:00:17.000000Z,3.0,2,0.4449216342223307,0.438220737746086,1072
CADC0894_1787_002,CADC0894,1787,2022-06-02T13:06:48.000000Z,2022-06-02T13:07:52.000000Z,64.0,9,0.498883855981417,0.3785572741444758,1076
CADC0894_1787_003,CADC0894,1787,2022-06-02T13:09:10.000000Z,2022-06-02T13:09:22.000000Z,12.0,2,0.31,0.305,1077
CADC0894_1787_004,CADC0894,1787,2022-06-02T13:12:07.000000Z,2022-06-02T13:13:20.000000Z,73.0,4,0.3859446121850985,0.3264861530462746,1079
CADC0894_1788_002,CADC0894,1788,2022-06-02T13:19:59.000000Z,2022-06-02T13:22:08.000000Z,129.0,37,0.98,0.46666838124129706,1084
CADC0894_1788_003,CADC0894,1788,2022-06-02T13:23:56.000000Z,2022-06-02T13:26:15.000000Z,139.0,29,0.68525,0.41580621853727723,1086
CADC0894_1789_002,CADC0894,1789,2022-06-02T13:33:12.000000Z,2022-06-02T13:33:47.000000Z,35.0,6,0.3745833333333334,0.3341406926406926,1092
CADC0894_1789_003,CADC0894,1789,2022-06-02T13:40:01.000000Z,2022-06-02T13:40:17.000000Z,16.0,2,0.37,0.33999999999999997,1095
CADC0894_1790_002,CADC0894,1790,2022-06-02T13:53:22.000000Z,2022-06-02T13:53:22.000000Z,0.0,1,0.33,0.33,1102
CADC0894_1791_002,CADC0894,1791,2022-06-02T14:05:13.000000Z,2022-06-02T14:08:39.000000Z,206.0,18,0.5151190476190476,0.3967079698147083,1109
CADC0894_1792_002,CADC0894,1792,2022-06-02T14:14:13.000000Z,2022-06-02T14:14:38.000000Z,25.0,4,0.39,0.36,1117
CADC0894_1792_003,CADC0894,1792,2022-06-02T14:20:59.000000Z,2022-06-02T14:20:59.000000Z,0.0,1,0.33,0.33,1121
CADC0894_1792_004,CADC0894,1792,2022-06-02T14:25:23.000000Z,2022-06-02T14:25:23.000000Z,0.0,1,0.3740203324671003,0.3740203324671003,1123
CADC0894_1793_002,CADC0894,1793,2022-06-02T14:26:02.000000Z,2022-06-02T14:30:07.000000Z,245.0,55,0.92,0.5040697180833632,1124
CADC0894_1793_003,CADC0894,1793,2022-06-02T14:32:50.000000Z,2022-06-02T14:34:13.000000Z,83.0,19,0.84,0.51,1127
CADC0894_1794_002,CADC0894,1794,2022-06-02T14:38:40.000000Z,2022-06-02T14:40:44.000000Z,124.0,14,0.5918437950937949,0.40711827729297356,1130
CADC0894_1794_003,CADC0894,1794,2022-06-02T14:46:43.000000Z,2022-06-02T14:46:44.000000Z,1.0,2,0.39,0.36,1134
CADC0894_1795_002,CADC0894,1795,2022-06-02T14:53:45.000000Z,2022-06-02T14:54:45.000000Z,60.0,29,0.87,0.5347931034482759,1139
CADC0894_1795_003,CADC0894,1795,2022-06-02T14:59:30.000000Z,2022-06-02T14:59:54.000000Z,24.0,9,0.78,0.5700000000000001,1142
