spacecraft_incident_id,start_time,end_time,duration_sec,channels_affected,n_channels_affected,n_events_total,peak_anomaly_score,mean_anomaly_score,segments_affected
1,2022-01-04T20:04:20.000000Z,2022-01-04T20:05:00.000000Z,40.0,CADC0872,1,3,0.64,0.5360611085443948,1820
3,2022-01-04T20:08:15.000000Z,2022-01-04T20:09:10.000000Z,55.0,CADC0872,1,3,0.59594203021055,0.4291998556890342,1823
6,2022-01-04T20:14:20.000000Z,2022-01-04T20:15:10.000000Z,50.0,CADC0872,1,3,0.46,0.3723212792298553,1827
7,2022-01-04T20:19:25.000000Z,2022-01-04T20:20:00.000000Z,35.0,CADC0872,1,3,0.6600871348696716,0.44907695762686006,1830
8,2022-01-04T20:30:30.000000Z,2022-01-04T20:30:50.000000Z,20.0,CADC0886,1,3,0.66,0.53,813
11,2022-01-04T20:37:05.000000Z,2022-01-04T20:37:50.000000Z,45.0,CADC0872,1,2,0.3075494449959245,0.3069216088125274,1842
16,2022-01-04T20:53:55.000000Z,2022-01-04T20:54:55.000000Z,60.0,CADC0872,1,3,0.4999338993706851,0.42887346094873074,1853
18,2022-01-04T21:00:55.000000Z,2022-01-04T21:01:00.000000Z,5.0,CADC0886,1,2,0.74,0.665,814
19,2022-01-04T21:02:05.000000Z,2022-01-04T21:02:10.000000Z,5.0,CADC0886,1,2,0.4,0.39,814
20,2022-01-04T21:04:50.000000Z,2022-01-04T21:05:20.000000Z,30.0,CADC0872|CADC0886,2,2,0.3625176989641784,0.3512588494820892,815|1860
28,2022-01-04T21:33:45.000000Z,2022-01-04T21:34:40.000000Z,55.0,CADC0872,1,2,0.3891843656308451,0.36955366374852244,1879
36,2022-01-04T22:13:45.000000Z,2022-01-04T22:14:20.000000Z,35.0,CADC0872,1,3,0.5100892857142857,0.4684213963556458,1904
38,2022-01-04T22:17:25.000000Z,2022-01-04T22:17:30.000000Z,5.0,CADC0872,1,2,0.4346063879499525,0.37192976730091676,1906
39,2022-01-04T22:28:50.000000Z,2022-01-04T22:29:35.000000Z,45.0,CADC0872,1,3,0.4865388631709708,0.3713536423112193,1913
42,2022-01-04T22:32:55.000000Z,2022-01-04T22:33:50.000000Z,55.0,CADC0872,1,2,0.3198650953506709,0.3110816056512925,1916
43,2022-01-04T22:34:40.000000Z,2022-01-04T22:35:00.000000Z,20.0,CADC0872,1,2,0.6805492690201388,0.49527463451006937,1917
46,2022-01-04T22:44:25.000000Z,2022-01-04T22:45:15.000000Z,50.0,CADC0872,1,2,0.4505492690201387,0.3759836048600843,1923
48,2022-01-04T23:00:50.000000Z,2022-01-04T23:01:40.000000Z,50.0,CADC0872,1,2,0.3107587524254022,0.3103119238880365,1933
49,2022-01-05T00:44:30.000000Z,2022-01-05T00:47:00.000000Z,150.0,CADC0886,1,29,1.0,0.8768432601880879,817
50,2022-01-05T01:57:25.000000Z,2022-01-05T01:58:25.000000Z,60.0,CADC0886,1,13,1.0,0.8179249916749918,818
51,2022-01-05T02:00:35.000000Z,2022-01-05T02:00:40.000000Z,5.0,CADC0886,1,2,0.84,0.7949999999999999,818
52,2022-01-05T02:17:40.000000Z,2022-01-05T02:20:20.000000Z,160.0,CADC0886,1,33,1.0,0.883030303030303,819
56,2022-01-05T05:43:21.000000Z,2022-01-05T05:44:16.000000Z,55.0,CADC0888,1,3,0.68,0.5273333333333333,1041
57,2022-01-05T05:45:21.000000Z,2022-01-05T05:46:21.000000Z,60.0,CADC0888,1,13,0.96,0.7145128205128206,1043
63,2022-01-05T05:59:46.000000Z,2022-01-05T06:00:46.000000Z,60.0,CADC0888,1,13,0.97,0.6252008547008546,1057
66,2022-01-05T07:06:51.000000Z,2022-01-05T07:07:36.000000Z,45.0,CADC0888,1,4,0.698047619047619,0.5595119047619047,1066
67,2022-01-05T07:09:01.000000Z,2022-01-05T07:09:06.000000Z,5.0,CADC0888,1,2,0.99,0.99,1068
74,2022-01-26T02:31:24.000000Z,2022-01-26T02:33:34.000000Z,130.0,CADC0872,1,10,0.3996228867019863,0.3258338203343492,1938
75,2022-01-26T02:36:14.000000Z,2022-01-26T02:37:09.000000Z,55.0,CADC0872,1,3,0.3505799969932184,0.32280387416006495,1938
78,2022-01-26T02:48:29.000000Z,2022-01-26T02:55:49.000000Z,440.0,CADC0872,1,32,1.0,0.40151773704924976,1939
80,2022-01-26T03:56:59.000000Z,2022-01-26T03:57:09.000000Z,10.0,CADC0873,1,2,0.7796414364641961,0.5899764845342808,1176
82,2022-01-26T04:02:44.000000Z,2022-01-26T04:02:59.000000Z,15.0,CADC0873,1,3,0.4242817443946495,0.3602657700300867,1177
85,2022-01-26T05:33:33.000000Z,2022-01-26T05:33:38.000000Z,5.0,CADC0872,1,2,0.3684264130663782,0.3470226254760283,1941
86,2022-01-26T05:36:38.000000Z,2022-01-26T05:36:48.000000Z,10.0,CADC0872,1,2,0.3282555578581391,0.3169293123296456,1941
87,2022-01-26T05:37:53.000000Z,2022-01-26T05:38:23.000000Z,30.0,CADC0872,1,3,0.3192470485870519,0.3155983373115138,1941
88,2022-01-26T05:40:28.000000Z,2022-01-26T05:47:33.000000Z,425.0,CADC0872,1,45,1.0,0.36816185489841435,1942
89,2022-01-26T05:48:48.000000Z,2022-01-26T05:49:08.000000Z,20.0,CADC0872,1,2,0.3063990467887407,0.3063990467887407,1942
91,2022-01-26T06:04:08.000000Z,2022-01-26T06:04:48.000000Z,40.0,CADC0873,1,2,0.475854099279229,0.4209518531738309,1182
92,2022-01-26T06:08:28.000000Z,2022-01-26T06:08:33.000000Z,5.0,CADC0872,1,2,0.3300653047303705,0.32390225793449134,1943
93,2022-01-26T06:12:53.000000Z,2022-01-26T06:14:03.000000Z,70.0,CADC0872,1,7,0.5119454991432311,0.3697833728216206,1943
95,2022-01-26T06:22:13.000000Z,2022-01-26T06:22:23.000000Z,10.0,CADC0872,1,2,0.3040942112221002,0.3036339800462885,1944
96,2022-01-26T07:04:28.000000Z,2022-01-26T07:11:09.000000Z,401.0,CADC0872,1,42,0.7783049770418128,0.4205939185268224,1945
98,2022-01-26T07:54:41.000000Z,2022-01-26T07:58:27.000000Z,226.0,CADC0872|CADC0873,2,28,1.0,0.4414043502893565,1183|1946
99,2022-01-26T08:00:34.000000Z,2022-01-26T08:00:44.000000Z,10.0,CADC0872|CADC0873,2,3,0.99,0.7196028775273277,1183|1946
100,2022-01-26T08:11:16.000000Z,2022-01-26T08:16:52.000000Z,336.0,CADC0888,1,58,1.0,0.7208978366166822,1080
101,2022-01-26T08:32:29.000000Z,2022-01-26T08:32:34.000000Z,5.0,CADC0874,1,2,0.479971071232158,0.4069136872455694,712
102,2022-01-26T08:45:04.000000Z,2022-01-26T08:49:10.000000Z,246.0,CADC0872,1,24,1.0,0.43529772418545937,1947
103,2022-01-26T08:50:25.000000Z,2022-01-26T08:50:45.000000Z,20.0,CADC0872,1,5,0.3327545323948652,0.3168235683528044,1947
105,2022-01-26T10:55:38.000000Z,2022-01-26T10:55:48.000000Z,10.0,CADC0874,1,2,0.4434644829603176,0.3837120868466314,713
109,2022-01-26T11:34:54.000000Z,2022-01-26T11:35:09.000000Z,15.0,CADC0874,1,2,0.3602003315503777,0.35221892024155865,715
111,2022-01-26T16:44:52.000000Z,2022-01-26T16:56:22.000000Z,690.0,CADC0872,1,68,1.0,0.3865242490846987,1948
112,2022-01-26T16:47:32.000000Z,2022-01-26T16:50:42.000000Z,190.0,CADC0873,1,19,1.0,0.49723287770484903,1186
113,2022-01-26T18:52:27.000000Z,2022-01-26T18:52:57.000000Z,30.0,CADC0872,1,4,1.0,0.6641691880140895,1949
114,2022-01-26T18:54:27.000000Z,2022-01-26T18:58:37.000000Z,250.0,CADC0872,1,12,0.3313012438052894,0.31242425354416226,1949
115,2022-01-26T19:02:07.000000Z,2022-01-26T19:02:22.000000Z,15.0,CADC0872,1,2,0.4200911816938497,0.3756047059815459,1949
116,2022-01-26T19:31:12.000000Z,2022-01-26T19:32:17.000000Z,65.0,CADC0872,1,12,1.0,0.44701937033753064,1950
117,2022-01-26T19:33:22.000000Z,2022-01-26T19:37:47.000000Z,265.0,CADC0872,1,33,0.3897612494774426,0.33036372045863177,1950
118,2022-01-26T19:53:18.000000Z,2022-01-26T19:58:27.000000Z,309.0,CADC0872,1,56,0.912615946868567,0.597658774929832,1951
119,2022-01-26T20:00:32.000000Z,2022-01-26T20:06:47.000000Z,375.0,CADC0872,1,54,0.933565686775932,0.6128645412609204,1951
120,2022-01-26T20:39:23.000000Z,2022-01-26T20:40:18.000000Z,55.0,CADC0872,1,9,0.7437159356868055,0.4084390375138719,1952
121,2022-01-26T20:41:23.000000Z,2022-01-26T20:43:23.000000Z,120.0,CADC0872,1,19,0.6270187225522755,0.41064848774825274,1952
122,2022-01-26T20:44:38.000000Z,2022-01-26T20:45:13.000000Z,35.0,CADC0872|CADC0873,2,7,0.85,0.3972999722122409,1187|1952
124,2022-01-26T21:28:23.000000Z,2022-01-26T21:29:38.000000Z,75.0,CADC0872,1,4,0.3475721903726121,0.3316803593990484,1953
125,2022-01-26T21:31:03.000000Z,2022-01-26T21:34:28.000000Z,205.0,CADC0872,1,10,1.0,0.45574707109472384,1953
127,2022-01-26T21:38:23.000000Z,2022-01-26T21:38:38.000000Z,15.0,CADC0872,1,3,0.3229605825508825,0.3161207894532059,1954
128,2022-01-26T21:40:08.000000Z,2022-01-26T21:43:43.000000Z,215.0,CADC0872,1,7,0.3394953589144346,0.3248690805747389,1954
129,2022-01-26T21:48:49.000000Z,2022-01-26T21:50:24.000000Z,95.0,CADC0872,1,4,0.3988918051020503,0.3297434164118582,1955
130,2022-01-26T21:51:34.000000Z,2022-01-26T21:53:59.000000Z,145.0,CADC0872,1,8,0.322015529519575,0.3103311644438103,1955
132,2022-01-26T21:56:44.000000Z,2022-01-26T21:57:09.000000Z,25.0,CADC0872,1,2,0.3505799969932184,0.3284895218909796,1955
134,2022-01-26T22:08:49.000000Z,2022-01-26T22:12:19.000000Z,210.0,CADC0872,1,9,0.556696414332897,0.4004993294839195,1956
135,2022-01-26T22:13:59.000000Z,2022-01-26T22:16:39.000000Z,160.0,CADC0872,1,16,1.0,0.40457387354149515,1956
137,2022-01-26T22:32:24.000000Z,2022-01-26T22:36:14.000000Z,230.0,CADC0873,1,16,1.0,0.870625,1189
141,2022-01-27T00:01:04.000000Z,2022-01-27T00:01:19.000000Z,15.0,CADC0873,1,4,0.3795831410100732,0.3543477533667015,1192
143,2022-01-27T00:42:05.000000Z,2022-01-27T00:42:20.000000Z,15.0,CADC0872,1,2,0.3652478867019861,0.3493066042255315,1957
144,2022-01-27T00:43:35.000000Z,2022-01-27T00:44:10.000000Z,35.0,CADC0872,1,7,1.0,0.5167046826058187,1957
146,2022-01-27T00:56:45.000000Z,2022-01-27T00:57:41.000000Z,56.0,CADC0872,1,3,0.8835656867759321,0.5042997408449361,1960
147,2022-01-27T00:59:56.000000Z,2022-01-27T01:04:37.000000Z,281.0,CADC0872,1,31,0.99,0.6274325970208373,1961
148,2022-01-27T02:05:13.000000Z,2022-01-27T02:05:47.000000Z,34.0,CADC0874,1,2,0.4892835425832569,0.4723979568186243,716
149,2022-01-27T02:11:17.000000Z,2022-01-27T02:14:57.000000Z,220.0,CADC0872|CADC0888,2,20,0.8726159468685669,0.5337595115549136,1081|1962
150,2022-01-27T02:15:32.000000Z,2022-01-27T02:20:33.000000Z,301.0,CADC0872,1,46,1.0,0.5811369649827871,1963
153,2022-01-27T02:20:18.000000Z,2022-01-27T02:25:07.000000Z,289.0,CADC0872|CADC0873|CADC0888,3,24,0.8364769507295711,0.4779962637278448,1082|1198|1964
157,2022-01-27T02:26:34.000000Z,2022-01-27T02:28:14.000000Z,100.0,CADC0872|CADC0888,2,8,0.4469999999999999,0.36223902427279203,1084|1965
158,2022-01-27T02:30:09.000000Z,2022-01-27T02:30:59.000000Z,50.0,CADC0874|CADC0888,2,2,0.4103771898410419,0.36400066269900455,717|1084
159,2022-01-27T02:31:09.000000Z,2022-01-27T02:32:49.000000Z,100.0,CADC0888,1,8,0.675,0.43787542720433037,1085
160,2022-01-27T02:34:49.000000Z,2022-01-27T02:35:50.000000Z,61.0,CADC0872|CADC0888,2,9,0.7306060606060606,0.3977136466914566,1085|1967
161,2022-01-27T02:36:00.000000Z,2022-01-27T02:36:55.000000Z,55.0,CADC0888,1,4,0.6377499999999999,0.5254033189033189,1086
162,2022-01-27T02:39:05.000000Z,2022-01-27T02:40:31.000000Z,86.0,CADC0872|CADC0888,2,6,0.8835656867759321,0.40505277802926204,1086|1968
163,2022-01-27T02:40:41.000000Z,2022-01-27T02:45:51.000000Z,310.0,CADC0873|CADC0888,2,44,1.0,0.6798406698981696,1087|1202
164,2022-01-27T02:41:51.000000Z,2022-01-27T02:47:21.000000Z,330.0,CADC0872|CADC0873,2,54,1.0,0.49842691129202155,1202|1969
166,2022-01-27T03:11:43.000000Z,2022-01-27T03:14:13.000000Z,150.0,CADC0873,1,14,1.0,0.9842857142857142,1204
168,2022-01-27T05:19:33.000000Z,2022-01-27T05:19:58.000000Z,25.0,CADC0873,1,3,0.4166738399230473,0.35182185967454815,1206
170,2022-01-27T05:21:53.000000Z,2022-01-27T05:22:23.000000Z,30.0,CADC0873,1,7,0.5789953572620066,0.46455729928489736,1207
171,2022-01-27T05:23:43.000000Z,2022-01-27T05:23:53.000000Z,10.0,CADC0873,1,2,1.0,1.0,1207
177,2022-01-27T06:25:38.000000Z,2022-01-27T06:29:25.000000Z,227.0,CADC0872|CADC0873,2,15,0.9408083307234576,0.47168048411204944,1213|1972
178,2022-01-27T06:28:30.000000Z,2022-01-27T06:28:40.000000Z,10.0,CADC0873,1,2,1.0,0.96,1213
179,2022-01-27T06:29:35.000000Z,2022-01-27T06:30:35.000000Z,60.0,CADC0872,1,2,0.4305492690201388,0.37563736782471013,1973
184,2022-01-27T07:06:39.000000Z,2022-01-27T07:09:00.000000Z,141.0,CADC0872,1,9,1.0,0.513463672195328,1974
187,2022-01-27T07:15:46.000000Z,2022-01-27T07:16:11.000000Z,25.0,CADC0872|CADC0892,2,2,0.4892864682008865,0.44725617243887583,225|1977
188,2022-01-27T07:20:26.000000Z,2022-01-27T07:20:41.000000Z,15.0,CADC0872|CADC0892,2,2,0.3924430920785042,0.3862215460392521,226|1978
189,2022-01-27T07:24:31.000000Z,2022-01-27T07:25:31.000000Z,60.0,CADC0872|CADC0873,2,2,0.3902970769288739,0.38464345428969227,1229|1979
191,2022-01-27T07:28:01.000000Z,2022-01-27T07:28:36.000000Z,35.0,CADC0872|CADC0892,2,5,0.47,0.3938565569802524,228|1980
208,2022-01-27T09:46:56.000000Z,2022-01-27T09:47:01.000000Z,5.0,CADC0872,1,2,0.3108893073241951,0.30952179490829557,1985
210,2022-01-27T09:49:11.000000Z,2022-01-27T09:50:06.000000Z,55.0,CADC0872|CADC0873,2,2,0.4022431930798524,0.3667385443729832,1252|1986
211,2022-01-27T09:50:56.000000Z,2022-01-27T09:51:41.000000Z,45.0,CADC0872,1,4,0.3585388631709708,0.3298620079404879,1986
218,2022-01-27T10:08:26.000000Z,2022-01-27T10:09:21.000000Z,55.0,CADC0872|CADC0888,2,3,0.5486286340995039,0.3919210358493867,1088|1990
219,2022-01-27T10:09:56.000000Z,2022-01-27T10:10:56.000000Z,60.0,CADC0872,1,5,0.4071785492589647,0.3510283994842184,1990
220,2022-01-27T10:11:56.000000Z,2022-01-27T10:12:31.000000Z,35.0,CADC0872|CADC0873|CADC0888,3,4,0.4650492690201387,0.35321990818682314,1088|1257|1991
221,2022-01-27T10:13:21.000000Z,2022-01-27T10:15:11.000000Z,110.0,CADC0888,1,3,0.4548333333333334,0.3557451709692851,1089
223,2022-01-27T10:20:36.000000Z,2022-01-27T10:21:06.000000Z,30.0,CADC0888,1,2,0.3176241355569672,0.31123655222663926,1091
224,2022-01-27T10:24:26.000000Z,2022-01-27T10:24:46.000000Z,20.0,CADC0888,1,3,0.4765453148395723,0.3629824981380314,1092
225,2022-01-27T10:28:02.000000Z,2022-01-27T10:28:22.000000Z,20.0,CADC0888,1,2,0.3527467509665918,0.32879785993145155,1093
227,2022-01-27T10:32:17.000000Z,2022-01-27T10:32:37.000000Z,20.0,CADC0888,1,2,0.4917777777777777,0.4655555555555555,1094
229,2022-01-27T10:53:33.000000Z,2022-01-27T10:53:53.000000Z,20.0,CADC0872,1,2,0.3804103236205688,0.3462220119322571,1993
230,2022-01-27T10:55:13.000000Z,2022-01-27T10:55:42.000000Z,29.0,CADC0872,1,4,0.3676152735527914,0.3348174992307501,1993
232,2022-01-27T11:16:55.000000Z,2022-01-27T11:17:05.000000Z,10.0,CADC0872,1,2,0.3412410490335826,0.32536459407287316,1995
233,2022-01-27T11:18:20.000000Z,2022-01-27T11:21:45.000000Z,205.0,CADC0872,1,12,1.0,0.6442870214065897,1996
234,2022-01-27T13:07:06.000000Z,2022-01-27T13:07:31.000000Z,25.0,CADC0872,1,6,0.5070254386819468,0.45305376401877134,1997
235,2022-01-27T13:09:31.000000Z,2022-01-27T13:12:01.000000Z,150.0,CADC0872,1,25,0.88,0.39871672482228443,1997
238,2022-01-27T13:36:46.000000Z,2022-01-27T13:37:41.000000Z,55.0,CADC0872,1,2,0.320118610748219,0.310507759132976,1999
239,2022-01-27T13:56:11.000000Z,2022-01-27T13:56:36.000000Z,25.0,CADC0873,1,4,0.3907315126312037,0.3747262820084737,1266
241,2022-01-27T15:04:21.000000Z,2022-01-27T15:09:21.000000Z,300.0,CADC0872,1,29,1.0,0.42224312851294676,2000
243,2022-01-27T16:02:18.000000Z,2022-01-27T16:03:18.000000Z,60.0,CADC0872|CADC0874,2,3,0.526776610791633,0.3881881686140267,719|2004
245,2022-01-27T16:14:38.000000Z,2022-01-27T16:17:43.000000Z,185.0,CADC0872,1,17,0.6330492690201388,0.36192027139800625,2007
247,2022-01-27T16:31:48.000000Z,2022-01-27T16:35:38.000000Z,230.0,CADC0872,1,24,1.0,0.36902633742283286,2008
251,2022-01-27T17:03:13.000000Z,2022-01-27T17:03:38.000000Z,25.0,CADC0872,1,2,0.341236779782715,0.3348909198494029,2012
252,2022-01-27T17:14:28.000000Z,2022-01-27T17:18:18.000000Z,230.0,CADC0872,1,28,1.0,0.4618278705309456,2013
254,2022-01-27T17:34:23.000000Z,2022-01-27T17:34:48.000000Z,25.0,CADC0872|CADC0873,2,5,0.85,0.5182319987972873,1273|2017
255,2022-01-27T17:35:03.000000Z,2022-01-27T17:35:38.000000Z,35.0,CADC0872|CADC0874,2,2,0.6336087928296626,0.5368569820416578,720|2018
256,2022-01-27T17:36:53.000000Z,2022-01-27T17:37:48.000000Z,55.0,CADC0872,1,4,0.3087413128121624,0.3045744433614369,2018
259,2022-01-27T17:44:13.000000Z,2022-01-27T17:44:53.000000Z,40.0,CADC0872|CADC0873,2,2,0.3596537344106071,0.33093840405394687,1276|2020
261,2022-01-27T18:07:00.000000Z,2022-01-27T18:10:50.000000Z,230.0,CADC0872,1,18,1.0,0.5436217891283561,2022
262,2022-01-27T18:13:05.000000Z,2022-01-27T18:13:10.000000Z,5.0,CADC0872,1,2,0.3193044860331626,0.3143414903847429,2023
264,2022-01-27T18:50:45.000000Z,2022-01-27T18:53:45.000000Z,180.0,CADC0872,1,29,1.0,0.4076734995253137,2026
267,2022-01-27T19:03:10.000000Z,2022-01-27T19:04:05.000000Z,55.0,CADC0872|CADC0873,2,2,0.346952440569232,0.32362904906903933,1282|2029
269,2022-01-27T19:09:55.000000Z,2022-01-27T19:10:05.000000Z,10.0,CADC0874,1,2,0.3945693034937511,0.3945693034937511,722
270,2022-01-27T19:10:15.000000Z,2022-01-27T19:11:05.000000Z,50.0,CADC0873|CADC0874,2,2,0.4896189231094239,0.4297429877548336,723|1284
271,2022-01-27T19:14:00.000000Z,2022-01-27T19:14:50.000000Z,50.0,CADC0872|CADC0873,2,2,0.3798670524002434,0.35217807968011006,1285|2032
273,2022-01-27T19:20:20.000000Z,2022-01-27T19:20:30.000000Z,10.0,CADC0873|CADC0874,2,2,0.8478661700639297,0.7020174216390213,724|1286
281,2022-01-27T20:39:30.000000Z,2022-01-27T20:40:15.000000Z,45.0,CADC0872,1,2,0.3108893073241951,0.3087596877245118,2036
282,2022-01-27T20:42:00.000000Z,2022-01-27T20:43:10.000000Z,70.0,CADC0873|CADC0874,2,4,0.4801859107365708,0.44810097753937084,726|1293
284,2022-01-27T20:52:46.000000Z,2022-01-27T20:53:16.000000Z,30.0,CADC0872|CADC0874,2,2,0.4992418320188073,0.4915539604885187,727|2040
286,2022-01-27T20:55:26.000000Z,2022-01-27T20:55:36.000000Z,10.0,CADC0872,1,3,0.5061752176588454,0.4280326064569962,2040
287,2022-01-27T20:57:26.000000Z,2022-01-27T20:58:56.000000Z,90.0,CADC0872,1,3,0.581634406105276,0.40028711556730784,2041
288,2022-01-27T21:02:46.000000Z,2022-01-27T21:03:46.000000Z,60.0,CADC0872|CADC0874,2,7,0.4705821768524628,0.3865349931540601,728|2042
294,2022-01-27T21:13:46.000000Z,2022-01-27T21:14:46.000000Z,60.0,CADC0872|CADC0874,2,3,0.5447579908405931,0.4096693341046223,729|2045
295,2022-01-27T21:15:41.000000Z,2022-01-27T21:16:36.000000Z,55.0,CADC0872|CADC0873,2,2,0.4013565923957449,0.3950362640412751,1301|2046
301,2022-01-27T21:47:55.000000Z,2022-01-27T21:51:35.000000Z,220.0,CADC0872,1,20,1.0,0.4591961106726809,2053
304,2022-01-27T21:56:35.000000Z,2022-01-27T21:57:05.000000Z,30.0,CADC0873|CADC0874,2,2,0.9265260635345686,0.7210263213249501,731|1311
307,2022-01-27T22:05:35.000000Z,2022-01-27T22:06:05.000000Z,30.0,CADC0872|CADC0873,2,2,0.3754500977643142,0.3431890004869945,1313|2057
309,2022-01-27T22:12:36.000000Z,2022-01-27T22:13:31.000000Z,55.0,CADC0872,1,3,0.3211352827196766,0.3087758754935443,2058
310,2022-01-27T22:14:51.000000Z,2022-01-27T22:15:06.000000Z,15.0,CADC0872,1,3,0.3124396925087017,0.30945511676899934,2058
311,2022-01-27T22:16:12.000000Z,2022-01-27T22:16:42.000000Z,30.0,CADC0872,1,3,0.7319472088664705,0.45979847031205295,2058
315,2022-01-27T22:30:43.000000Z,2022-01-27T22:31:33.000000Z,50.0,CADC0872|CADC0874,2,3,0.6536378301966737,0.4776541094404739,733|2062
319,2022-01-27T22:39:03.000000Z,2022-01-27T22:39:23.000000Z,20.0,CADC0872,1,3,0.3062635147551169,0.30495428485483056,2064
320,2022-01-27T22:40:08.000000Z,2022-01-27T22:40:23.000000Z,15.0,CADC0873,1,2,0.3773743216610228,0.3549076033540205,1320
322,2022-01-27T22:42:38.000000Z,2022-01-27T22:45:28.000000Z,170.0,CADC0872|CADC0873,2,20,1.0,0.48896005582433555,1321|2065
323,2022-01-27T22:45:08.000000Z,2022-01-27T22:45:28.000000Z,20.0,CADC0873,1,4,1.0,0.99,1321
324,2022-01-27T22:47:03.000000Z,2022-01-27T22:47:33.000000Z,30.0,CADC0872|CADC0873,2,5,0.5011021244686766,0.45668842036479446,1321|2065
326,2022-01-27T23:39:33.000000Z,2022-01-27T23:39:38.000000Z,5.0,CADC0873,1,2,0.3558490104619157,0.33088730070747324,1324
329,2022-01-28T01:00:44.000000Z,2022-01-28T01:01:44.000000Z,60.0,CADC0874,1,2,0.4200643866980671,0.3654137634848914,735
331,2022-01-28T01:46:25.000000Z,2022-01-28T01:52:29.000000Z,364.0,CADC0872,1,33,0.878565686775932,0.5855593852764458,2066
332,2022-01-28T01:54:04.000000Z,2022-01-28T01:54:25.000000Z,21.0,CADC0872,1,2,0.3526159468685672,0.3515979719308928,2067
333,2022-01-28T01:55:05.000000Z,2022-01-28T01:58:30.000000Z,205.0,CADC0874,1,39,0.8920112420926541,0.5123296776756658,736
335,2022-01-28T01:56:50.000000Z,2022-01-28T01:57:20.000000Z,30.0,CADC0872,1,4,0.6867476817185515,0.4298288901516264,2068
336,2022-01-28T02:00:35.000000Z,2022-01-28T02:02:00.000000Z,85.0,CADC0872|CADC0874,2,17,1.0,0.588864237930286,736|2068
348,2022-01-28T07:32:58.000000Z,2022-01-28T07:33:28.000000Z,30.0,CADC0873,1,2,1.0,0.675,1331
357,2022-01-28T12:57:55.000000Z,2022-01-28T13:02:05.000000Z,250.0,CADC0872,1,24,0.8910821031215213,0.3706890827923872,2069
358,2022-01-28T13:18:01.000000Z,2022-01-28T13:23:17.000000Z,316.0,CADC0872,1,27,1.0,0.47148609300995203,2070
359,2022-01-28T13:23:27.000000Z,2022-01-28T13:25:27.000000Z,120.0,CADC0872,1,11,0.6827397452106149,0.36871022541850834,2071
360,2022-01-28T13:26:32.000000Z,2022-01-28T13:27:27.000000Z,55.0,CADC0872,1,10,1.0,0.4583066848509835,2071
361,2022-01-28T13:47:17.000000Z,2022-01-28T13:47:52.000000Z,35.0,CADC0872,1,8,1.0,0.5436611446282599,2072
362,2022-01-28T13:48:57.000000Z,2022-01-28T13:51:17.000000Z,140.0,CADC0872,1,13,0.3505799969932184,0.3163244068314951,2072
363,2022-01-28T14:34:03.000000Z,2022-01-28T14:38:28.000000Z,265.0,CADC0872,1,26,1.0,0.4085677295452091,2073
366,2022-01-28T16:02:51.000000Z,2022-01-28T16:03:31.000000Z,40.0,CADC0874,1,5,0.6407932933747054,0.45299902325477326,753
367,2022-01-28T16:06:56.000000Z,2022-01-28T16:07:06.000000Z,10.0,CADC0874,1,2,0.7201209059582004,0.5245985572690214,753
368,2022-01-28T16:55:06.000000Z,2022-01-28T16:55:16.000000Z,10.0,CADC0873,1,2,0.4306687596963365,0.3675620063307971,1338
369,2022-01-28T17:42:11.000000Z,2022-01-28T17:43:16.000000Z,65.0,CADC0873,1,4,1.0,0.5790368683293053,1352
378,2022-01-28T20:53:44.000000Z,2022-01-28T20:53:50.000000Z,6.0,CADC0894,1,2,0.348,0.32599999999999996,1095
385,2022-01-28T21:17:30.000000Z,2022-01-28T21:17:40.000000Z,10.0,CADC0894,1,2,0.5245198412698412,0.5234373015873015,1100
388,2022-01-28T21:34:15.000000Z,2022-01-28T21:39:57.000000Z,342.0,CADC0874|CADC0894,2,56,1.0,0.600569865587875,754|1104
389,2022-01-28T21:38:01.000000Z,2022-01-28T21:38:26.000000Z,25.0,CADC0894,1,3,0.46,0.43333333333333335,1105
390,2022-01-28T21:40:07.000000Z,2022-01-28T21:43:12.000000Z,185.0,CADC0874,1,38,1.0,0.7792628134332729,755
391,2022-01-28T21:42:12.000000Z,2022-01-28T21:42:22.000000Z,10.0,CADC0894,1,2,0.4674372294372293,0.42471861471861466,1106
392,2022-01-28T21:43:32.000000Z,2022-01-28T21:47:27.000000Z,235.0,CADC0874|CADC0894,2,21,1.0,0.7996110082844154,756|1106
393,2022-01-28T21:47:07.000000Z,2022-01-28T21:53:17.000000Z,370.0,CADC0894,1,74,1.0,0.7288255791505792,1107
395,2022-01-28T22:46:22.000000Z,2022-01-28T22:47:07.000000Z,45.0,CADC0894,1,4,0.5107111221360714,0.4152662545599919,1112
399,2022-01-28T22:53:58.000000Z,2022-01-28T22:54:03.000000Z,5.0,CADC0894,1,2,0.3618330558330557,0.3448748612498611,1114
403,2022-01-28T23:00:18.000000Z,2022-01-28T23:01:03.000000Z,45.0,CADC0894,1,3,0.6648015873015873,0.4473902116402117,1116
404,2022-01-28T23:04:03.000000Z,2022-01-28T23:04:18.000000Z,15.0,CADC0873|CADC0894,2,3,0.6298111111111111,0.48149639256431254,1117|1417
413,2022-01-29T01:47:23.000000Z,2022-01-29T01:47:53.000000Z,30.0,CADC0874,1,2,0.4610798092892306,0.3931898335808268,757
415,2022-01-29T01:54:18.000000Z,2022-01-29T01:54:23.000000Z,5.0,CADC0894,1,2,0.5107111221360714,0.40587341821089284,1133
416,2022-01-29T01:57:43.000000Z,2022-01-29T01:58:28.000000Z,45.0,CADC0894,1,3,0.64,0.5366259296009126,1134
417,2022-01-29T02:00:33.000000Z,2022-01-29T02:01:03.000000Z,30.0,CADC0894,1,3,0.7786111111111111,0.5301193158442989,1134
421,2022-01-29T02:08:28.000000Z,2022-01-29T02:08:33.000000Z,5.0,CADC0894,1,2,0.642795238095238,0.4853559523809523,1137
422,2022-01-29T02:10:18.000000Z,2022-01-29T02:11:33.000000Z,75.0,CADC0872|CADC0873,2,3,0.3487472851988684,0.33653226263868824,1451|2079
423,2022-01-29T02:12:33.000000Z,2022-01-29T02:13:18.000000Z,45.0,CADC0872|CADC0874|CADC0894,3,3,0.5162857142857142,0.4351475796526894,761|1138|2081
427,2022-01-29T02:23:48.000000Z,2022-01-29T02:25:48.000000Z,120.0,CADC0872|CADC0894,2,16,1.0,0.41485032502220626,1141|2084
428,2022-01-29T02:25:53.000000Z,2022-01-29T02:26:38.000000Z,45.0,CADC0872,1,2,0.3241390872922732,0.31262709132147204,2085
429,2022-01-29T02:27:33.000000Z,2022-01-29T02:28:18.000000Z,45.0,CADC0873|CADC0894,2,2,0.3637033483819591,0.34272072181002716,1142|1459
431,2022-01-29T02:33:43.000000Z,2022-01-29T02:34:03.000000Z,20.0,CADC0872|CADC0894,2,2,0.3217380952380952,0.3128026142227356,1143|2087
432,2022-01-29T02:37:13.000000Z,2022-01-29T02:37:53.000000Z,40.0,CADC0872,1,3,1.0,0.7644703480953504,2090
434,2022-01-29T02:42:38.000000Z,2022-01-29T02:43:03.000000Z,25.0,CADC0872|CADC0894,2,2,0.6444659356868055,0.5518163011767361,1146|2094
435,2022-01-29T03:01:03.000000Z,2022-01-29T03:02:48.000000Z,105.0,CADC0872,1,14,0.792600416599795,0.557101871137056,2102
436,2022-01-29T03:03:38.000000Z,2022-01-29T03:04:18.000000Z,40.0,CADC0872,1,3,1.0,0.8648259468162367,2103
438,2022-01-29T03:45:58.000000Z,2022-01-29T03:46:03.000000Z,5.0,CADC0873,1,2,0.5,0.41000000000000003,1471
442,2022-01-29T04:28:28.000000Z,2022-01-29T04:29:45.000000Z,77.0,CADC0872,1,15,1.0,0.5606810325652583,2106
451,2022-01-29T08:31:42.000000Z,2022-01-29T08:34:42.000000Z,180.0,CADC0890,1,37,1.0,0.8626052123552125,1714
452,2022-01-29T08:47:01.000000Z,2022-01-29T08:50:58.000000Z,237.0,CADC0890,1,48,1.0,0.9287535595447158,1715
453,2022-01-29T09:35:12.000000Z,2022-01-29T09:38:52.000000Z,220.0,CADC0890,1,45,1.0,0.8575164584755042,1716
454,2022-01-29T09:47:47.000000Z,2022-01-29T09:51:52.000000Z,245.0,CADC0894,1,49,1.0,0.7840509013662076,1152
458,2022-01-29T10:27:52.000000Z,2022-01-29T10:31:17.000000Z,205.0,CADC0890,1,42,1.0,0.9104496886719355,1717
461,2022-01-29T10:36:02.000000Z,2022-01-29T10:39:57.000000Z,235.0,CADC0874|CADC0890,2,70,1.0,0.7278800868116478,768|1718
463,2022-01-29T10:51:42.000000Z,2022-01-29T10:52:22.000000Z,40.0,CADC0873|CADC0874,2,2,0.3560996074480613,0.34030386684154074,771|1502
468,2022-01-29T11:04:02.000000Z,2022-01-29T11:04:17.000000Z,15.0,CADC0872,1,3,0.451518009408982,0.37881182631329874,2111
470,2022-01-29T11:07:17.000000Z,2022-01-29T11:08:17.000000Z,60.0,CADC0872|CADC0874,2,2,0.3288663299560274,0.31701713532802867,775|2112
471,2022-01-29T11:11:17.000000Z,2022-01-29T11:11:22.000000Z,5.0,CADC0874,1,2,0.476677501622348,0.46362127476354664,776
472,2022-01-29T11:13:32.000000Z,2022-01-29T11:13:47.000000Z,15.0,CADC0872,1,2,0.320118610748219,0.3123703015912867,2114
473,2022-01-29T11:14:42.000000Z,2022-01-29T11:17:27.000000Z,165.0,CADC0872,1,25,1.0,0.48529538090408425,2115
474,2022-01-29T11:17:42.000000Z,2022-01-29T11:19:17.000000Z,95.0,CADC0872,1,4,0.7093776354058974,0.44178975543244314,2116
476,2022-01-29T11:21:52.000000Z,2022-01-29T11:24:47.000000Z,175.0,CADC0873|CADC0874|CADC0890,3,38,1.0,0.8454406142400975,778|1507|1719
483,2022-01-29T11:46:42.000000Z,2022-01-29T11:47:47.000000Z,65.0,CADC0890,1,9,0.9239335568384238,0.5255115536941377,1720
485,2022-01-29T11:50:27.000000Z,2022-01-29T11:51:47.000000Z,80.0,CADC0890,1,5,0.46,0.35000000000000003,1721
486,2022-01-29T11:53:02.000000Z,2022-01-29T11:54:12.000000Z,70.0,CADC0890,1,6,0.38,0.3499999999999999,1721
487,2022-01-29T11:54:47.000000Z,2022-01-29T11:58:02.000000Z,195.0,CADC0890,1,19,0.9239335568384238,0.5191194706126006,1722
489,2022-01-29T11:59:17.000000Z,2022-01-29T12:02:02.000000Z,165.0,CADC0890,1,34,1.0,0.8402661127318126,1723
490,2022-01-29T12:27:52.000000Z,2022-01-29T12:28:52.000000Z,60.0,CADC0872,1,3,0.4907159356868054,0.37575934546656087,2118
491,2022-01-29T12:30:57.000000Z,2022-01-29T12:31:12.000000Z,15.0,CADC0872,1,2,0.3411062501503394,0.3298964141210129,2119
492,2022-01-29T12:32:42.000000Z,2022-01-29T12:33:07.000000Z,25.0,CADC0872,1,2,0.4881943972262255,0.3977277167822133,2119
493,2022-01-29T12:33:27.000000Z,2022-01-29T12:33:37.000000Z,10.0,CADC0872|CADC0874,2,3,0.4278084691482868,0.3590602393213019,788|2120
495,2022-01-29T12:37:32.000000Z,2022-01-29T12:37:52.000000Z,20.0,CADC0874,1,3,0.3286539079106195,0.31644387918613215,789
496,2022-01-29T12:40:22.000000Z,2022-01-29T12:45:17.000000Z,295.0,CADC0872|CADC0874,2,48,1.0,0.622875144051617,790|2122
497,2022-01-29T12:41:57.000000Z,2022-01-29T12:44:17.000000Z,140.0,CADC0872|CADC0873,2,16,1.0,0.5471754230162658,1518|2123
501,2022-01-29T12:51:27.000000Z,2022-01-29T12:54:42.000000Z,195.0,CADC0890,1,40,1.0,0.9148239470326238,1724
502,2022-01-29T13:11:27.000000Z,2022-01-29T13:14:42.000000Z,195.0,CADC0890,1,36,1.0,0.7530706197683751,1725
514,2022-01-29T14:49:07.000000Z,2022-01-29T14:49:32.000000Z,25.0,CADC0894,1,3,0.3618330558330557,0.34691657416657407,1162
516,2022-01-29T14:52:57.000000Z,2022-01-29T14:53:37.000000Z,40.0,CADC0894,1,7,0.7685423881673882,0.538937184640756,1163
517,2022-01-29T14:55:47.000000Z,2022-01-29T14:56:42.000000Z,55.0,CADC0894,1,12,0.92,0.8362222222222222,1163
519,2022-01-29T15:05:07.000000Z,2022-01-29T15:07:02.000000Z,115.0,CADC0874|CADC0894,2,7,0.89,0.5608050224470377,805|1166
520,2022-01-29T15:06:27.000000Z,2022-01-29T15:06:37.000000Z,10.0,CADC0874,1,2,0.4930578294212608,0.42098580975147193,805
522,2022-01-29T15:10:37.000000Z,2022-01-29T15:10:57.000000Z,20.0,CADC0894,1,4,0.5223547619047618,0.42244576395826394,1167
525,2022-01-29T15:19:02.000000Z,2022-01-29T15:20:42.000000Z,100.0,CADC0890,1,21,1.0,0.9152802438749551,1726
526,2022-01-29T15:20:17.000000Z,2022-01-29T15:22:27.000000Z,130.0,CADC0890|CADC0894,2,22,1.0,0.8753889031708696,1170|1727
532,2022-02-05T12:58:02.000000Z,2022-02-05T12:58:32.000000Z,30.0,CADC0872,1,2,0.3030707678069183,0.3025891660753166,1798
533,2022-02-05T21:00:30.000000Z,2022-02-05T21:01:45.000000Z,75.0,CADC0872|CADC0873,2,6,0.4639313759014292,0.40027933023143936,1013|1799
534,2022-02-05T21:02:56.000000Z,2022-02-05T21:10:16.000000Z,440.0,CADC0872|CADC0873,2,63,1.0,0.5384420904191216,1013|1799
535,2022-02-05T21:03:56.000000Z,2022-02-05T21:10:16.000000Z,380.0,CADC0872,1,61,1.0,0.49927246571551154,1800
536,2022-02-05T21:11:41.000000Z,2022-02-05T21:17:31.000000Z,350.0,CADC0872|CADC0873,2,47,1.0,0.48859550791974643,1013|1800
541,2022-02-05T21:49:01.000000Z,2022-02-05T21:49:16.000000Z,15.0,CADC0872,1,2,0.30172238621011,0.30137612080235876,1802
542,2022-02-05T21:55:16.000000Z,2022-02-05T21:55:46.000000Z,30.0,CADC0872,1,2,0.3132846482185336,0.311823187976612,1803
543,2022-02-05T21:57:41.000000Z,2022-02-05T22:05:21.000000Z,460.0,CADC0872,1,33,1.0,0.36656087637693435,1803
544,2022-02-05T22:09:16.000000Z,2022-02-05T22:10:06.000000Z,50.0,CADC0872,1,10,1.0,0.4804662374151265,1803
546,2022-02-05T22:20:52.000000Z,2022-02-05T22:20:58.000000Z,6.0,CADC0873,1,2,0.4824117995263682,0.43241179952636816,1014
548,2022-02-05T22:32:58.000000Z,2022-02-05T22:44:13.000000Z,675.0,CADC0872,1,121,1.0,0.5544712606606114,1804
549,2022-02-05T22:46:23.000000Z,2022-02-05T22:47:58.000000Z,95.0,CADC0872,1,17,1.0,0.5247966053355947,1804
550,2022-02-05T23:24:48.000000Z,2022-02-05T23:25:38.000000Z,50.0,CADC0872,1,4,0.3820849833058531,0.34883167974736085,1805
552,2022-02-05T23:29:38.000000Z,2022-02-05T23:29:53.000000Z,15.0,CADC0872,1,2,0.3223133365305557,0.3171543477224952,1805
553,2022-02-05T23:31:18.000000Z,2022-02-05T23:33:04.000000Z,106.0,CADC0872,1,13,1.0,0.43782885116663856,1805
554,2022-02-05T23:38:09.000000Z,2022-02-05T23:39:04.000000Z,55.0,CADC0873,1,3,0.67,0.6273383724209012,1015
555,2022-02-05T23:47:09.000000Z,2022-02-05T23:47:34.000000Z,25.0,CADC0873,1,2,1.0,0.995,1015
556,2022-02-06T00:05:14.000000Z,2022-02-06T00:05:44.000000Z,30.0,CADC0872,1,2,0.3515564603210609,0.33775832017421015,1806
557,2022-02-06T00:12:39.000000Z,2022-02-06T00:13:34.000000Z,55.0,CADC0872,1,2,0.3065700138902363,0.3043387891169756,1807
558,2022-02-06T00:23:44.000000Z,2022-02-06T00:24:44.000000Z,60.0,CADC0872,1,4,0.325426758917325,0.31136179670549613,1808
564,2022-02-06T07:47:33.000000Z,2022-02-06T07:48:08.000000Z,35.0,CADC0873,1,2,0.96,0.7540434936629481,1025
565,2022-02-06T07:50:43.000000Z,2022-02-06T07:51:13.000000Z,30.0,CADC0873,1,6,0.5182938287697832,0.4228583231178688,1025
566,2022-02-06T18:43:23.000000Z,2022-02-06T18:43:48.000000Z,25.0,CADC0872,1,5,0.6090611737820437,0.3669624990362211,1810
567,2022-02-06T18:45:08.000000Z,2022-02-06T18:59:13.000000Z,845.0,CADC0872,1,101,1.0,0.48534961942965826,1810
568,2022-02-06T19:00:18.000000Z,2022-02-06T19:01:28.000000Z,70.0,CADC0872,1,4,1.0,0.659046735318309,1810
569,2022-02-06T19:02:23.000000Z,2022-02-06T19:13:53.000000Z,690.0,CADC0872,1,71,1.0,0.46624976403037915,1811
570,2022-02-06T19:46:18.000000Z,2022-02-06T19:51:03.000000Z,285.0,CADC0872,1,20,1.0,0.8636768233142249,1812
571,2022-02-06T19:52:23.000000Z,2022-02-06T19:53:33.000000Z,70.0,CADC0872,1,6,1.0,0.5364334445305554,1812
572,2022-02-06T19:55:28.000000Z,2022-02-06T19:55:53.000000Z,25.0,CADC0872,1,4,1.0,0.6683959927212687,1812
573,2022-02-06T19:56:58.000000Z,2022-02-06T19:57:18.000000Z,20.0,CADC0872,1,5,0.4494404817530772,0.39218555232810665,1812
576,2022-02-06T20:02:48.000000Z,2022-02-06T20:03:48.000000Z,60.0,CADC0872,1,2,0.3196161182345954,0.3118713983167689,1813
581,2022-02-09T23:26:12.000000Z,2022-02-09T23:39:47.000000Z,815.0,CADC0872,1,89,1.0,0.4110523577891514,1815
582,2022-02-09T23:41:57.000000Z,2022-02-09T23:42:27.000000Z,30.0,CADC0872,1,3,1.0,0.765025172118715,1815
586,2022-02-10T08:34:39.000000Z,2022-02-10T08:34:59.000000Z,20.0,CADC0873,1,2,1.0,1.0,1036
587,2022-02-11T08:00:45.000000Z,2022-02-11T08:01:30.000000Z,45.0,CADC0872,1,2,0.3333183408226331,0.3233254031158677,1816
588,2022-02-11T08:05:10.000000Z,2022-02-11T08:07:10.000000Z,120.0,CADC0872,1,16,0.3868572090734022,0.325722980119584,1816
590,2022-02-11T08:11:15.000000Z,2022-02-11T08:11:50.000000Z,35.0,CADC0872,1,4,0.5996976812401457,0.4122531730561214,1816
591,2022-02-11T08:12:00.000000Z,2022-02-11T08:20:45.000000Z,525.0,CADC0872,1,72,1.0,0.4225155522464729,1817
592,2022-06-01T23:40:48.000000Z,2022-06-01T23:49:46.000000Z,538.0,CADC0874|CADC0892,2,537,1.0,0.6935754636123053,238|821
593,2022-06-01T23:42:18.000000Z,2022-06-01T23:47:33.000000Z,315.0,CADC0872|CADC0888,2,281,1.0,0.4779021437293525,1|1520
594,2022-06-01T23:43:33.000000Z,2022-06-01T23:48:51.000000Z,318.0,CADC0873|CADC0888|CADC0892,3,299,0.993809113789906,0.4272030952766068,443|821|1520
595,2022-06-01T23:45:15.000000Z,2022-06-01T23:46:17.000000Z,62.0,CADC0892,1,8,0.67,0.46293077979663866,822
596,2022-06-01T23:46:17.000000Z,2022-06-01T23:46:46.000000Z,29.0,CADC0888|CADC0894,2,17,0.925,0.5678146642330029,1521|1728
597,2022-06-01T23:47:25.000000Z,2022-06-01T23:55:31.000000Z,486.0,CADC0872|CADC0888|CADC0892,3,481,1.0,0.5048244200612192,2|822|1521
598,2022-06-01T23:48:56.000000Z,2022-06-01T23:57:16.000000Z,500.0,CADC0873|CADC0874|CADC0888,3,891,1.0,0.5487527108177597,239|444|1521
599,2022-06-01T23:50:36.000000Z,2022-06-01T23:51:48.000000Z,72.0,CADC0888|CADC0894,2,13,0.7441666666666668,0.5007560844879795,1521|1728
600,2022-06-01T23:52:03.000000Z,2022-06-01T23:55:28.000000Z,205.0,CADC0888,1,16,0.87,0.5413640287155828,1522
601,2022-06-01T23:53:09.000000Z,2022-06-01T23:54:08.000000Z,59.0,CADC0892,1,5,0.5348333333333333,0.42339285714285707,823
602,2022-06-01T23:54:45.000000Z,2022-06-02T00:05:28.000000Z,643.0,CADC0872|CADC0892|CADC0894,3,606,1.0,0.49566952778859075,3|824|1729
603,2022-06-01T23:56:43.000000Z,2022-06-02T00:04:58.000000Z,495.0,CADC0873|CADC0874|CADC0888,3,603,0.6857714909766786,0.5199138658083081,240|445|1523
604,2022-06-01T23:58:03.000000Z,2022-06-01T23:58:28.000000Z,25.0,CADC0892,1,2,0.349881469979296,0.329940734989648,824
605,2022-06-02T00:00:23.000000Z,2022-06-02T00:00:55.000000Z,32.0,CADC0892|CADC0894,2,2,0.32,0.315,825|1729
606,2022-06-02T00:01:33.000000Z,2022-06-02T00:06:37.000000Z,304.0,CADC0873|CADC0888,2,308,1.0,0.45516116578903326,446|1523
607,2022-06-02T00:02:18.000000Z,2022-06-02T00:06:43.000000Z,265.0,CADC0888|CADC0894,2,42,0.883,0.47756923962426695,1524|1730
608,2022-06-02T00:04:00.000000Z,2022-06-02T00:04:31.000000Z,31.0,CADC0892,1,4,0.4642142857142856,0.38258702545578477,825
609,2022-06-02T00:04:39.000000Z,2022-06-02T00:13:56.000000Z,557.0,CADC0872|CADC0874|CADC0892,3,817,1.0,0.6390353538998984,4|241|826
610,2022-06-02T00:06:40.000000Z,2022-06-02T00:11:03.000000Z,263.0,CADC0873|CADC0888,2,272,1.0,0.484654190261357,447|1525
613,2022-06-02T00:09:08.000000Z,2022-06-02T00:14:18.000000Z,310.0,CADC0872|CADC0888|CADC0892|CADC0894,4,240,0.84,0.40948732140565347,5|827|1525|1730
614,2022-06-02T00:11:05.000000Z,2022-06-02T00:15:16.000000Z,251.0,CADC0873|CADC0888|CADC0894,3,214,0.6392857142857142,0.3721943945061205,448|1526|1731
615,2022-06-02T00:13:26.000000Z,2022-06-02T00:24:34.000000Z,668.0,CADC0872|CADC0874|CADC0892,3,778,0.965,0.5276101795158608,6|242|828
616,2022-06-02T00:14:53.000000Z,2022-06-02T00:19:41.000000Z,288.0,CADC0873|CADC0888,2,208,0.7051004453940228,0.3784406857888794,449|1526
617,2022-06-02T00:15:28.000000Z,2022-06-02T00:16:43.000000Z,75.0,CADC0888,1,6,0.85,0.5698662077069173,1527
618,2022-06-02T00:17:40.000000Z,2022-06-02T00:24:51.000000Z,431.0,CADC0872|CADC0888|CADC0892,3,335,0.9292561655718627,0.44435426514597537,7|829|1527
619,2022-06-02T00:19:33.000000Z,2022-06-02T00:27:56.000000Z,503.0,CADC0873|CADC0888|CADC0894,3,593,1.0,0.44633467591591564,450|1528|1732
621,2022-06-02T00:23:03.000000Z,2022-06-02T00:23:28.000000Z,25.0,CADC0888,1,3,0.3454040619815841,0.3226257221449542,1529
622,2022-06-02T00:24:35.000000Z,2022-06-02T00:35:00.000000Z,625.0,CADC0872|CADC0874|CADC0892,3,1035,1.0,0.5899931597921293,8|243|831
623,2022-06-02T00:25:38.000000Z,2022-06-02T00:25:48.000000Z,10.0,CADC0888,1,2,0.32,0.315,1529
624,2022-06-02T00:27:03.000000Z,2022-06-02T00:32:28.000000Z,325.0,CADC0873|CADC0888|CADC0892,3,296,1.0,0.48562422261021465,451|831|1530
625,2022-06-02T00:30:43.000000Z,2022-06-02T00:32:34.000000Z,111.0,CADC0888|CADC0892|CADC0894,3,13,0.6893708513708511,0.3780248016665523,832|1531|1733
626,2022-06-02T00:32:35.000000Z,2022-06-02T00:36:49.000000Z,254.0,CADC0873,1,240,0.7430774100377852,0.39640483618385064,452
627,2022-06-02T00:34:38.000000Z,2022-06-02T00:48:18.000000Z,820.0,CADC0872|CADC0874|CADC0888|CADC0894,4,1311,1.0,0.6161235455802179,9|244|1532|1733
628,2022-06-02T00:35:43.000000Z,2022-06-02T00:37:48.000000Z,125.0,CADC0888|CADC0892,2,6,0.5038095238095238,0.4238032215420267,833|1532
629,2022-06-02T00:36:54.000000Z,2022-06-02T00:45:39.000000Z,525.0,CADC0873|CADC0892,2,527,0.7090854423171984,0.45259601039908215,453|834
630,2022-06-02T00:38:33.000000Z,2022-06-02T00:39:28.000000Z,55.0,CADC0888,1,2,0.5446349206349207,0.424741944765616,1533
631,2022-06-02T00:40:58.000000Z,2022-06-02T00:41:46.000000Z,48.0,CADC0894,1,10,0.77,0.42699999999999994,1734
632,2022-06-02T00:42:33.000000Z,2022-06-02T00:44:13.000000Z,100.0,CADC0888|CADC0892|CADC0894,3,15,0.9,0.5096565979264207,835|1534|1734
633,2022-06-02T00:43:48.000000Z,2022-06-02T00:49:26.000000Z,338.0,CADC0872|CADC0888,2,195,0.592452380952381,0.391503253251824,10|1534
634,2022-06-02T00:45:41.000000Z,2022-06-02T00:50:31.000000Z,290.0,CADC0873|CADC0888|CADC0892,3,174,0.5093809523809524,0.36926785236512105,454|836|1534
635,2022-06-02T00:46:43.000000Z,2022-06-02T00:47:44.000000Z,61.0,CADC0888|CADC0892,2,4,0.5180714285714285,0.41577582447516004,836|1535
636,2022-06-02T00:48:19.000000Z,2022-06-02T00:56:54.000000Z,515.0,CADC0874,1,461,0.6855511112856137,0.6111261052104626,245
637,2022-06-02T00:49:30.000000Z,2022-06-02T00:53:18.000000Z,228.0,CADC0872|CADC0888|CADC0894,3,210,0.95,0.40868261757935087,11|1535|1735
638,2022-06-02T00:50:35.000000Z,2022-06-02T00:54:19.000000Z,224.0,CADC0873|CADC0888,2,198,0.4004723750478308,0.3683747843837382,455|1536
639,2022-06-02T00:51:53.000000Z,2022-06-02T00:52:23.000000Z,30.0,CADC0888,1,2,0.4566904761904762,0.40138798701298706,1536
640,2022-06-02T00:53:20.000000Z,2022-06-02T00:57:17.000000Z,237.0,CADC0872|CADC0888,2,216,0.5390003078259377,0.3902284038060476,12|1536
641,2022-06-02T00:54:27.000000Z,2022-06-02T00:58:10.000000Z,223.0,CADC0873|CADC0888|CADC0892,3,244,0.97,0.4029760391758518,456|838|1537
642,2022-06-02T00:56:55.000000Z,2022-06-02T01:05:36.000000Z,521.0,CADC0872|CADC0874,2,734,1.0,0.5928596553239026,13|246
643,2022-06-02T00:58:10.000000Z,2022-06-02T01:02:01.000000Z,231.0,CADC0873|CADC0888|CADC0894,3,236,1.0,0.4049069432458639,457|1538|1736
644,2022-06-02T01:00:42.000000Z,2022-06-02T01:04:49.000000Z,247.0,CADC0872|CADC0894,2,217,0.3982778635536078,0.3861002874077447,14|1736
645,2022-06-02T01:02:08.000000Z,2022-06-02T01:05:41.000000Z,213.0,CADC0873|CADC0888,2,227,0.98,0.3986340416198535,458|1539
646,2022-06-02T01:03:24.000000Z,2022-06-02T01:03:30.000000Z,6.0,CADC0892,1,2,0.5075,0.45491666666666664,840
647,2022-06-02T01:04:28.000000Z,2022-06-02T01:08:10.000000Z,222.0,CADC0872|CADC0888|CADC0892,3,223,1.0,0.4304226563587005,15|841|1540
648,2022-06-02T01:05:41.000000Z,2022-06-02T01:16:23.000000Z,642.0,CADC0873|CADC0874|CADC0888,3,848,1.0,0.5983767509343882,247|459|1540
649,2022-06-02T01:07:11.000000Z,2022-06-02T01:09:27.000000Z,136.0,CADC0894,1,119,1.0,0.7669894377911023,1737
650,2022-06-02T01:08:12.000000Z,2022-06-02T01:13:25.000000Z,313.0,CADC0872|CADC0873|CADC0892,3,488,0.3982778635536078,0.3807665208408412,16|460|842
651,2022-06-02T01:09:13.000000Z,2022-06-02T01:10:43.000000Z,90.0,CADC0888,1,3,0.5283333333333333,0.4430607674098816,1541
653,2022-06-02T01:11:53.000000Z,2022-06-02T01:12:53.000000Z,60.0,CADC0888|CADC0892,2,10,0.4888333333333333,0.36488809523809523,843|1541
654,2022-06-02T01:12:18.000000Z,2022-06-02T01:16:19.000000Z,241.0,CADC0872|CADC0888,2,236,0.82,0.39572738100055593,17|1542
655,2022-06-02T01:13:27.000000Z,2022-06-02T01:17:10.000000Z,223.0,CADC0873,1,224,0.3724512454495211,0.37231451796345766,461
656,2022-06-02T01:15:12.000000Z,2022-06-02T01:17:02.000000Z,110.0,CADC0888|CADC0894,2,100,1.0,0.7207204241433977,1543|1738
657,2022-06-02T01:16:20.000000Z,2022-06-02T01:26:47.000000Z,627.0,CADC0872|CADC0873|CADC0874,3,1039,1.0,0.5478970160045927,18|248|462
658,2022-06-02T01:18:43.000000Z,2022-06-02T01:19:03.000000Z,20.0,CADC0888,1,3,0.5184523809523809,0.3871981846757951,1543
659,2022-06-02T01:19:28.000000Z,2022-06-02T01:23:16.000000Z,228.0,CADC0872|CADC0888,2,221,0.98,0.43415857987129675,19|1544
660,2022-06-02T01:20:49.000000Z,2022-06-02T01:24:10.000000Z,201.0,CADC0873|CADC0892,2,208,0.98,0.38739028865085073,463|846
661,2022-06-02T01:22:23.000000Z,2022-06-02T01:27:47.000000Z,324.0,CADC0872|CADC0888|CADC0894,3,406,1.0,0.548280951058698,20|1545|1739
662,2022-06-02T01:23:33.000000Z,2022-06-02T01:29:04.000000Z,331.0,CADC0873|CADC0892,2,294,1.0,0.4024374150680657,464|846
663,2022-06-02T01:26:38.000000Z,2022-06-02T01:37:16.000000Z,638.0,CADC0874|CADC0888,2,641,1.0,0.6841480952017288,249|1546
664,2022-06-02T01:27:49.000000Z,2022-06-02T01:32:30.000000Z,281.0,CADC0872|CADC0892,2,282,1.0,0.4072347061423423,21|848
665,2022-06-02T01:29:09.000000Z,2022-06-02T01:33:06.000000Z,237.0,CADC0873|CADC0888,2,240,1.0,0.41142383241437447,465|1547
666,2022-06-02T01:30:44.000000Z,2022-06-02T01:30:55.000000Z,11.0,CADC0892|CADC0894,2,3,0.33,0.32,848|1740
667,2022-06-02T01:31:57.000000Z,2022-06-02T01:35:35.000000Z,218.0,CADC0872|CADC0888|CADC0892|CADC0894,4,200,1.0,0.4338265458437882,22|849|1547|1740
668,2022-06-02T01:33:11.000000Z,2022-06-02T01:36:38.000000Z,207.0,CADC0873|CADC0888,2,206,1.0,0.4063255121149309,466|1548
669,2022-06-02T01:34:55.000000Z,2022-06-02T01:39:39.000000Z,284.0,CADC0872|CADC0888|CADC0892,3,208,0.4289999999999999,0.38422311747184207,23|849|1548
670,2022-06-02T01:36:11.000000Z,2022-06-02T01:40:29.000000Z,258.0,CADC0873|CADC0892|CADC0894,3,238,1.0,0.44271531763786903,467|850|1741
671,2022-06-02T01:37:21.000000Z,2022-06-02T01:45:33.000000Z,492.0,CADC0874|CADC0888|CADC0894,3,522,1.0,0.6580651327740578,250|1549|1741
672,2022-06-02T01:39:35.000000Z,2022-06-02T01:43:55.000000Z,260.0,CADC0872|CADC0873|CADC0892,3,409,1.0,0.41586099823209605,24|468|851
674,2022-06-02T01:40:48.000000Z,2022-06-02T01:43:58.000000Z,190.0,CADC0888,1,18,0.956,0.5929160570198229,1550
675,2022-06-02T01:41:52.000000Z,2022-06-02T01:42:38.000000Z,46.0,CADC0892,1,5,0.7557539682539681,0.43911746031746024,851
676,2022-06-02T01:42:41.000000Z,2022-06-02T01:48:49.000000Z,368.0,CADC0872|CADC0892|CADC0894,3,624,1.0,0.6671834106976703,25|852|1742
677,2022-06-02T01:43:56.000000Z,2022-06-02T01:47:25.000000Z,209.0,CADC0873|CADC0888,2,201,0.77,0.37479890732918403,469|1551
678,2022-06-02T01:45:34.000000Z,2022-06-02T01:53:27.000000Z,473.0,CADC0872|CADC0874|CADC0892,3,662,0.97,0.5593570691481167,26|251|853
679,2022-06-02T01:46:38.000000Z,2022-06-02T01:50:50.000000Z,252.0,CADC0873|CADC0888,2,197,0.5084761904761904,0.3679852063228039,470|1551
680,2022-06-02T01:48:03.000000Z,2022-06-02T01:49:23.000000Z,80.0,CADC0888|CADC0892,2,7,0.7341666666666665,0.4629457452434706,853|1552
681,2022-06-02T01:49:24.000000Z,2022-06-02T01:53:25.000000Z,241.0,CADC0872|CADC0888|CADC0892,3,318,1.0,0.5504361420012295,27|854|1552
682,2022-06-02T01:51:00.000000Z,2022-06-02T01:56:01.000000Z,301.0,CADC0873|CADC0888|CADC0894,3,385,1.0,0.5526524148881279,471|1553|1743
683,2022-06-02T01:52:29.000000Z,2022-06-02T01:56:28.000000Z,239.0,CADC0872|CADC0892,2,181,0.4256190476190477,0.39096075813321685,28|855
684,2022-06-02T01:53:33.000000Z,2022-06-02T02:02:41.000000Z,548.0,CADC0873|CADC0874|CADC0888,3,747,1.0,0.5695704705053077,252|472|1554
685,2022-06-02T01:55:46.000000Z,2022-06-02T02:00:16.000000Z,270.0,CADC0872|CADC0888|CADC0892,3,257,1.0,0.5143115452469129,29|856|1554
686,2022-06-02T01:57:18.000000Z,2022-06-02T02:01:19.000000Z,241.0,CADC0873|CADC0888,2,240,1.0,0.4726091404982249,473|1555
687,2022-06-02T01:59:03.000000Z,2022-06-02T02:03:28.000000Z,265.0,CADC0888|CADC0892|CADC0894,3,98,0.94,0.5308380417141932,857|1556|1744
688,2022-06-02T02:00:21.000000Z,2022-06-02T02:03:34.000000Z,193.0,CADC0872|CADC0892,2,174,0.9219487511293666,0.42301669906539807,30|857
689,2022-06-02T02:01:26.000000Z,2022-06-02T02:04:21.000000Z,175.0,CADC0873|CADC0892,2,178,1.0,0.44070933196529133,474|858
690,2022-06-02T02:02:28.000000Z,2022-06-02T02:11:20.000000Z,532.0,CADC0874|CADC0888,2,515,1.0,0.6586846527677013,253|1556
691,2022-06-02T02:03:33.000000Z,2022-06-02T02:07:43.000000Z,250.0,CADC0872|CADC0873|CADC0888|CADC0892,4,390,1.0,0.4244613303450354,31|475|858|1557
692,2022-06-02T02:05:38.000000Z,2022-06-02T02:07:03.000000Z,85.0,CADC0888|CADC0892,2,70,1.0,0.7755645338339495,859|1558
693,2022-06-02T02:06:59.000000Z,2022-06-02T02:11:16.000000Z,257.0,CADC0872|CADC0873,2,326,0.71,0.3860770785876482,32|476
694,2022-06-02T02:08:01.000000Z,2022-06-02T02:10:18.000000Z,137.0,CADC0888|CADC0892|CADC0894,3,14,0.8448715728715732,0.40151903032708713,860|1558|1745
695,2022-06-02T02:09:33.000000Z,2022-06-02T02:14:08.000000Z,275.0,CADC0872|CADC0888,2,187,1.0,0.42956476979392944,33|1559
696,2022-06-02T02:11:20.000000Z,2022-06-02T02:20:38.000000Z,558.0,CADC0873|CADC0874|CADC0892,3,693,0.92,0.5409914006677919,254|477|861
697,2022-06-02T02:12:48.000000Z,2022-06-02T02:14:48.000000Z,120.0,CADC0888,1,11,0.99,0.648867222280617,1560
698,2022-06-02T02:14:10.000000Z,2022-06-02T02:17:14.000000Z,184.0,CADC0872,1,118,0.4277249031322851,0.38910437073473697,34
699,2022-06-02T02:15:13.000000Z,2022-06-02T02:18:08.000000Z,175.0,CADC0873|CADC0888|CADC0894,3,179,0.6745045486110648,0.39824218474962625,478|1561|1746
700,2022-06-02T02:16:53.000000Z,2022-06-02T02:21:01.000000Z,248.0,CADC0872|CADC0892,2,162,0.6511924102326102,0.3992480778107602,35|862
701,2022-06-02T02:18:13.000000Z,2022-06-02T02:21:54.000000Z,221.0,CADC0873|CADC0888|CADC0892,3,161,0.77,0.3768203952508816,479|863|1561
702,2022-06-02T02:19:28.000000Z,2022-06-02T02:21:08.000000Z,100.0,CADC0888,1,13,0.97,0.6810634737978847,1562
703,2022-06-02T02:20:39.000000Z,2022-06-02T02:28:39.000000Z,480.0,CADC0872|CADC0874,2,493,0.6766622223967248,0.5296311566176874,36|255
704,2022-06-02T02:22:09.000000Z,2022-06-02T02:25:16.000000Z,187.0,CADC0873|CADC0888|CADC0894,3,215,1.0,0.5662482006692106,480|1563|1747
705,2022-06-02T02:24:38.000000Z,2022-06-02T02:28:40.000000Z,242.0,CADC0872|CADC0873|CADC0888|CADC0892,4,228,0.58,0.378882872671925,37|481|865|1563
706,2022-06-02T02:26:08.000000Z,2022-06-02T02:27:38.000000Z,90.0,CADC0888,1,3,0.5429285714285714,0.40365600550511965,1564
707,2022-06-02T02:27:50.000000Z,2022-06-02T02:36:29.000000Z,519.0,CADC0872|CADC0873|CADC0874|CADC0888,4,699,0.99,0.5330846106768014,38|256|482|1565
708,2022-06-02T02:31:08.000000Z,2022-06-02T02:35:16.000000Z,248.0,CADC0872|CADC0873|CADC0894,3,268,0.89,0.3946808805271756,39|483|1748
709,2022-06-02T02:32:33.000000Z,2022-06-02T02:33:26.000000Z,53.0,CADC0888|CADC0892,2,2,0.3892142857142857,0.34703162730529846,867|1566
710,2022-06-02T02:33:43.000000Z,2022-06-02T02:37:30.000000Z,227.0,CADC0872|CADC0888,2,104,0.5349523809523811,0.3858826299546275,40|1566
711,2022-06-02T02:35:00.000000Z,2022-06-02T02:38:16.000000Z,196.0,CADC0873|CADC0888|CADC0892,3,224,0.99,0.48359339366083054,484|868|1567
712,2022-06-02T02:36:36.000000Z,2022-06-02T02:44:31.000000Z,475.0,CADC0872|CADC0874,2,553,0.6494970322564378,0.5450607508615833,41|257
713,2022-06-02T02:38:15.000000Z,2022-06-02T02:41:39.000000Z,204.0,CADC0873|CADC0888|CADC0894,3,160,0.4830833333333333,0.370896119026578,485|1568|1749
714,2022-06-02T02:40:55.000000Z,2022-06-02T02:44:41.000000Z,226.0,CADC0872|CADC0873|CADC0888|CADC0892,4,364,1.0,0.41454204988414955,42|486|870|1568
715,2022-06-02T02:41:43.000000Z,2022-06-02T02:43:13.000000Z,90.0,CADC0888,1,12,0.975,0.6991263029635815,1569
716,2022-06-02T02:43:17.000000Z,2022-06-02T02:47:03.000000Z,226.0,CADC0872|CADC0892,2,165,0.8511924102326102,0.4225391704075711,43|871
717,2022-06-02T02:44:18.000000Z,2022-06-02T02:53:08.000000Z,530.0,CADC0873|CADC0874|CADC0888,3,647,0.6459675270543095,0.5454170233452844,258|487|1570
718,2022-06-02T02:46:58.000000Z,2022-06-02T02:50:32.000000Z,214.0,CADC0872|CADC0888,2,125,0.5084761904761904,0.3914492825215007,44|1570
719,2022-06-02T02:48:05.000000Z,2022-06-02T02:51:20.000000Z,195.0,CADC0873|CADC0888|CADC0892,3,148,0.3724512454495211,0.3701412026944799,488|872|1571
720,2022-06-02T02:50:36.000000Z,2022-06-02T02:54:39.000000Z,243.0,CADC0872|CADC0873|CADC0888|CADC0892,4,340,0.63,0.38055654899349695,45|489|873|1571
721,2022-06-02T02:52:38.000000Z,2022-06-02T03:02:17.000000Z,579.0,CADC0874|CADC0888,2,544,0.7263333333333333,0.6381778276076506,259|1571
722,2022-06-02T02:53:28.000000Z,2022-06-02T02:56:56.000000Z,208.0,CADC0872|CADC0888,2,174,0.3982778635536078,0.3899552140841326,46|1572
723,2022-06-02T02:54:41.000000Z,2022-06-02T02:57:41.000000Z,180.0,CADC0873|CADC0888,2,183,0.4734999999999999,0.3728652564544475,490|1572
724,2022-06-02T02:55:55.000000Z,2022-06-02T02:57:53.000000Z,118.0,CADC0888|CADC0892,2,47,0.98,0.7054451061384729,875|1573
725,2022-06-02T02:56:58.000000Z,2022-06-02T03:01:03.000000Z,245.0,CADC0872|CADC0873,2,382,0.3927554754939063,0.38108703490966106,47|491
726,2022-06-02T02:58:11.000000Z,2022-06-02T02:58:21.000000Z,10.0,CADC0892,1,3,0.4220476190476191,0.3611122596919854,876
727,2022-06-02T02:59:19.000000Z,2022-06-02T03:03:55.000000Z,276.0,CADC0872|CADC0888|CADC0894,3,234,0.6618128772635812,0.38922914830905136,48|1574|1750
728,2022-06-02T03:00:22.000000Z,2022-06-02T03:04:57.000000Z,275.0,CADC0873|CADC0888|CADC0892,3,231,0.4860952380952381,0.3713686534187301,492|876|1574
729,2022-06-02T03:02:05.000000Z,2022-06-02T03:10:41.000000Z,516.0,CADC0874|CADC0888|CADC0892,3,598,1.0,0.6544038545903003,260|877|1575
730,2022-06-02T03:03:52.000000Z,2022-06-02T03:07:01.000000Z,189.0,CADC0872|CADC0892,2,189,0.5865000000000001,0.3905311334796534,49|878
731,2022-06-02T03:04:59.000000Z,2022-06-02T03:07:43.000000Z,164.0,CADC0873|CADC0894,2,174,0.7925,0.380384285592771,493|1751
732,2022-06-02T03:06:18.000000Z,2022-06-02T03:10:19.000000Z,241.0,CADC0872|CADC0888|CADC0892,3,200,0.6487339243121713,0.39264559386880804,50|878|1576
733,2022-06-02T03:07:18.000000Z,2022-06-02T03:11:16.000000Z,238.0,CADC0873|CADC0888|CADC0892,3,186,0.4932649859811441,0.3708737055415978,494|879|1576
734,2022-06-02T03:09:13.000000Z,2022-06-02T03:12:51.000000Z,218.0,CADC0888|CADC0892|CADC0894,3,27,0.97,0.4672411251884936,879|1577|1752
735,2022-06-02T03:10:23.000000Z,2022-06-02T03:18:35.000000Z,492.0,CADC0872|CADC0873|CADC0874|CADC0892,4,866,1.0,0.5629014802994411,51|261|495|880
737,2022-06-02T03:13:18.000000Z,2022-06-02T03:16:48.000000Z,210.0,CADC0872|CADC0892,2,172,0.84,0.4148620945955389,52|881
738,2022-06-02T03:14:39.000000Z,2022-06-02T03:17:36.000000Z,177.0,CADC0873|CADC0888,2,175,0.3767172095551951,0.3681116794643915,496|1578
739,2022-06-02T03:15:08.000000Z,2022-06-02T03:19:10.000000Z,242.0,CADC0888|CADC0892,2,164,1.0,0.8032981966497769,882|1579
740,2022-06-02T03:16:31.000000Z,2022-06-02T03:20:04.000000Z,213.0,CADC0872|CADC0894,2,195,0.5138333333333334,0.38463010640279044,53|1753
741,2022-06-02T03:17:38.000000Z,2022-06-02T03:25:44.000000Z,486.0,CADC0873|CADC0874|CADC0888,3,610,0.85,0.5547740774505743,262|497|1580
742,2022-06-02T03:19:11.000000Z,2022-06-02T03:23:07.000000Z,236.0,CADC0872|CADC0892,2,199,0.96,0.4170999490638656,54|883
743,2022-06-02T03:20:38.000000Z,2022-06-02T03:23:55.000000Z,197.0,CADC0873|CADC0888,2,183,0.9438091137899058,0.3934516643848496,498|1580
744,2022-06-02T03:20:58.000000Z,2022-06-02T03:21:13.000000Z,15.0,CADC0888|CADC0894,2,4,0.5203106060606063,0.46774554302498983,1581|1753
745,2022-06-02T03:22:09.000000Z,2022-06-02T03:22:35.000000Z,26.0,CADC0888|CADC0892,2,15,0.87,0.5851913016072466,883|1581
746,2022-06-02T03:23:11.000000Z,2022-06-02T03:26:03.000000Z,172.0,CADC0872|CADC0888,2,158,0.4686904761904761,0.3897761087969874,55|1581
747,2022-06-02T03:23:53.000000Z,2022-06-02T03:28:07.000000Z,254.0,CADC0873|CADC0888|CADC0894,3,221,1.0,0.42839043052680265,499|1582|1754
748,2022-06-02T03:25:13.000000Z,2022-06-02T03:33:47.000000Z,514.0,CADC0872|CADC0874|CADC0892,3,666,1.0,0.5970418122847302,56|263|884
749,2022-06-02T03:26:56.000000Z,2022-06-02T03:30:01.000000Z,185.0,CADC0873|CADC0888|CADC0892,3,190,0.4841739926739926,0.37314338944689346,500|884|1583
750,2022-06-02T03:28:45.000000Z,2022-06-02T03:32:27.000000Z,222.0,CADC0872|CADC0888|CADC0892,3,321,1.0,0.5764314762384153,57|885|1583
751,2022-06-02T03:30:05.000000Z,2022-06-02T03:33:15.000000Z,190.0,CADC0873,1,191,1.0,0.39539857860764827,501
752,2022-06-02T03:31:13.000000Z,2022-06-02T03:32:19.000000Z,66.0,CADC0888|CADC0894,2,10,0.5323730158730159,0.38821740546299666,1584|1755
753,2022-06-02T03:32:31.000000Z,2022-06-02T03:36:02.000000Z,211.0,CADC0872|CADC0873|CADC0888|CADC0892,4,317,1.0,0.4213335794353731,58|502|886|1584
754,2022-06-02T03:33:44.000000Z,2022-06-02T03:41:50.000000Z,486.0,CADC0874|CADC0888|CADC0892|CADC0894,4,486,1.0,0.6589697966380915,264|887|1584|1755
755,2022-06-02T03:35:11.000000Z,2022-06-02T03:39:15.000000Z,244.0,CADC0872|CADC0873,2,386,1.0,0.3969959784283447,59|503
756,2022-06-02T03:36:41.000000Z,2022-06-02T03:38:30.000000Z,109.0,CADC0888|CADC0892,2,108,1.0,0.7598879812944545,888|1585
757,2022-06-02T03:38:26.000000Z,2022-06-02T03:42:28.000000Z,242.0,CADC0872|CADC0873|CADC0888,3,389,1.0,0.40699038707223495,60|504|1585
758,2022-06-02T03:39:57.000000Z,2022-06-02T03:40:50.000000Z,53.0,CADC0894,1,15,0.9140625,0.5060969029441653,1756
759,2022-06-02T03:40:58.000000Z,2022-06-02T03:50:13.000000Z,555.0,CADC0872|CADC0874|CADC0888,3,692,1.0,0.5765931016947756,61|265|1586
760,2022-06-02T03:42:02.000000Z,2022-06-02T03:45:31.000000Z,209.0,CADC0873|CADC0892,2,183,0.3951666666666666,0.3725753734343142,505|889
761,2022-06-02T03:43:53.000000Z,2022-06-02T03:47:36.000000Z,223.0,CADC0872|CADC0888,2,185,1.0,0.49834649670456477,62|1587
762,2022-06-02T03:45:32.000000Z,2022-06-02T03:48:29.000000Z,177.0,CADC0873,1,178,0.9813814324797576,0.4476069539244827,506
763,2022-06-02T03:46:38.000000Z,2022-06-02T03:51:04.000000Z,266.0,CADC0872|CADC0888,2,158,0.7050245270209315,0.40457349912579643,63|1588
764,2022-06-02T03:48:31.000000Z,2022-06-02T03:51:56.000000Z,205.0,CADC0873|CADC0888|CADC0892,3,211,1.0,0.540723569152539,507|891|1588
765,2022-06-02T03:50:08.000000Z,2022-06-02T03:57:50.000000Z,462.0,CADC0872|CADC0874|CADC0888,3,597,0.99,0.5649237580924366,64|266|1589
766,2022-06-02T03:51:15.000000Z,2022-06-02T03:54:51.000000Z,216.0,CADC0873|CADC0892,2,123,0.3966993979282949,0.36388304481839434,508|892
768,2022-06-02T03:53:23.000000Z,2022-06-02T03:57:20.000000Z,237.0,CADC0872|CADC0888,2,100,0.5446349206349207,0.3872208466066218,65|1590
769,2022-06-02T03:54:54.000000Z,2022-06-02T03:58:11.000000Z,197.0,CADC0873|CADC0888,2,108,0.41647423781584,0.3664266442827465,509|1590
770,2022-06-02T03:56:56.000000Z,2022-06-02T04:05:30.000000Z,514.0,CADC0872|CADC0874|CADC0888|CADC0892,4,548,0.6459675270543095,0.5300727999427617,66|267|893|1591
771,2022-06-02T03:58:15.000000Z,2022-06-02T04:01:24.000000Z,189.0,CADC0873|CADC0888,2,94,0.3751666666666667,0.3668510150377512,510|1591
772,2022-06-02T04:00:39.000000Z,2022-06-02T04:04:23.000000Z,224.0,CADC0872|CADC0873,2,219,0.3922932283813618,0.3784866229870551,67|511
773,2022-06-02T04:02:08.000000Z,2022-06-02T04:04:28.000000Z,140.0,CADC0888,1,5,0.3753809523809523,0.34629836520783364,1592
774,2022-06-02T04:03:39.000000Z,2022-06-02T04:07:26.000000Z,227.0,CADC0872|CADC0873,2,227,0.398294526193107,0.3801561048897532,68|512
775,2022-06-02T04:05:08.000000Z,2022-06-02T04:12:36.000000Z,448.0,CADC0874|CADC0888,2,417,0.6459675270543095,0.572446666168821,268|1593
776,2022-06-02T04:06:44.000000Z,2022-06-02T04:10:31.000000Z,227.0,CADC0872|CADC0873,2,232,0.3922932283813618,0.3815276154185042,69|513
777,2022-06-02T04:07:53.000000Z,2022-06-02T04:10:43.000000Z,170.0,CADC0888,1,27,1.0,0.6893312669256128,1594
778,2022-06-02T04:09:49.000000Z,2022-06-02T04:13:23.000000Z,214.0,CADC0872|CADC0873|CADC0892,3,311,0.9681735607681736,0.4612176411788556,70|514|897
779,2022-06-02T04:10:53.000000Z,2022-06-02T04:12:13.000000Z,80.0,CADC0888,1,13,0.956,0.6226217766061877,1595
780,2022-06-02T04:12:38.000000Z,2022-06-02T04:19:57.000000Z,439.0,CADC0872|CADC0873|CADC0874|CADC0888,4,773,1.0,0.5626274474049109,71|269|515|1596
782,2022-06-02T04:15:44.000000Z,2022-06-02T04:19:36.000000Z,232.0,CADC0872|CADC0873,2,369,0.6310074528509417,0.3841905356739067,72|516
783,2022-06-02T04:17:34.000000Z,2022-06-02T04:17:45.000000Z,11.0,CADC0892,1,3,0.4687380952380953,0.38180158730158736,899
784,2022-06-02T04:17:57.000000Z,2022-06-02T04:21:33.000000Z,216.0,CADC0872|CADC0888|CADC0892,3,168,0.42,0.3909929417487469,73|900|1597
785,2022-06-02T04:19:33.000000Z,2022-06-02T04:28:05.000000Z,512.0,CADC0873|CADC0874|CADC0888|CADC0892,4,651,1.0,0.5834155122476352,270|517|900|1597
786,2022-06-02T04:21:23.000000Z,2022-06-02T04:25:33.000000Z,250.0,CADC0872|CADC0873|CADC0888,3,383,1.0,0.40478034203187646,74|518|1597
787,2022-06-02T04:22:38.000000Z,2022-06-02T04:23:33.000000Z,55.0,CADC0888,1,3,0.5351666666666667,0.3906996562987704,1598
788,2022-06-02T04:24:46.000000Z,2022-06-02T04:28:39.000000Z,233.0,CADC0872|CADC0873|CADC0888,3,377,0.42,0.38210505764927655,75|519|1599
789,2022-06-02T04:27:43.000000Z,2022-06-02T04:36:15.000000Z,512.0,CADC0872|CADC0873|CADC0874|CADC0888|CADC0892,5,842,0.6459675270543095,0.5352024016938963,76|271|520|902|1600
790,2022-06-02T04:29:03.000000Z,2022-06-02T04:30:08.000000Z,65.0,CADC0888,1,11,0.91,0.672878787878788,1600
791,2022-06-02T04:30:28.000000Z,2022-06-02T04:33:56.000000Z,208.0,CADC0872|CADC0888|CADC0892,3,182,1.0,0.421127172426112,77|903|1601
792,2022-06-02T04:31:48.000000Z,2022-06-02T04:34:43.000000Z,175.0,CADC0873|CADC0888,2,177,0.3724512454495211,0.3709749585633998,521|1602
793,2022-06-02T04:33:58.000000Z,2022-06-02T04:38:06.000000Z,248.0,CADC0872|CADC0873|CADC0892,3,375,0.65,0.3823667445947649,78|522|903
794,2022-06-02T04:36:05.000000Z,2022-06-02T04:43:57.000000Z,472.0,CADC0874|CADC0892,2,469,1.0,0.6550579881376567,272|904
795,2022-06-02T04:37:18.000000Z,2022-06-02T04:40:53.000000Z,215.0,CADC0872|CADC0873|CADC0888|CADC0892,4,368,0.93,0.3960881334143599,79|523|905|1603
796,2022-06-02T04:40:22.000000Z,2022-06-02T04:44:09.000000Z,227.0,CADC0872|CADC0873|CADC0892,3,379,1.0,0.4361882245672542,80|524|906
797,2022-06-02T04:42:07.000000Z,2022-06-02T04:42:27.000000Z,20.0,CADC0888,1,3,0.4241937599437599,0.3786868961955519,1603
798,2022-06-02T04:42:42.000000Z,2022-06-02T04:46:33.000000Z,231.0,CADC0872|CADC0888|CADC0892|CADC0894,4,231,0.99,0.4136964269366019,81|906|1604|1757
799,2022-06-02T04:43:38.000000Z,2022-06-02T04:51:33.000000Z,475.0,CADC0873|CADC0874|CADC0888|CADC0892,4,764,1.0,0.6155625441016982,273|525|907|1605
800,2022-06-02T04:46:19.000000Z,2022-06-02T04:50:06.000000Z,227.0,CADC0872|CADC0873|CADC0892,3,337,1.0,0.42211012505785056,82|526|908
801,2022-06-02T04:48:45.000000Z,2022-06-02T04:53:43.000000Z,298.0,CADC0872|CADC0888|CADC0892|CADC0894,4,228,0.6272460317460319,0.39165588542520846,83|908|1606|1758
802,2022-06-02T04:50:08.000000Z,2022-06-02T04:53:08.000000Z,180.0,CADC0873|CADC0888,2,170,0.415,0.36787762545625796,527|1606
803,2022-06-02T04:50:32.000000Z,2022-06-02T04:51:12.000000Z,40.0,CADC0888,1,5,0.6993928571428571,0.44022380952380963,1607
804,2022-06-02T04:51:35.000000Z,2022-06-02T04:58:29.000000Z,414.0,CADC0872|CADC0874|CADC0888|CADC0892,4,550,0.6459675270543095,0.5435932438410436,84|274|909|1607
805,2022-06-02T04:53:17.000000Z,2022-06-02T04:56:05.000000Z,168.0,CADC0873|CADC0888,2,131,0.5810833333333333,0.37349996404859204,528|1608
806,2022-06-02T04:54:31.000000Z,2022-06-02T04:58:15.000000Z,224.0,CADC0872|CADC0892,2,109,0.6760714285714283,0.3873049168511226,85|909
807,2022-06-02T04:56:08.000000Z,2022-06-02T05:00:27.000000Z,259.0,CADC0873|CADC0888|CADC0894,3,175,0.8858333333333335,0.40988363746859174,529|1608|1759
808,2022-06-02T04:58:19.000000Z,2022-06-02T05:05:55.000000Z,456.0,CADC0872|CADC0873|CADC0874|CADC0888,4,668,0.7002057579959581,0.5109092701806562,86|275|530|1609
809,2022-06-02T04:59:44.000000Z,2022-06-02T04:59:49.000000Z,5.0,CADC0892,1,2,0.4506666666666666,0.3823749999999999,910
810,2022-06-02T05:00:37.000000Z,2022-06-02T05:05:00.000000Z,263.0,CADC0872|CADC0888|CADC0892,3,394,1.0,0.6298661121408967,87|911|1609
811,2022-06-02T05:01:59.000000Z,2022-06-02T05:04:55.000000Z,176.0,CADC0873,1,118,0.3929317688606142,0.36897704789498365,531
812,2022-06-02T05:03:27.000000Z,2022-06-02T05:06:54.000000Z,207.0,CADC0872|CADC0888|CADC0894,3,105,0.4901941787690504,0.3921954686901015,88|1610|1760
813,2022-06-02T05:04:37.000000Z,2022-06-02T05:07:38.000000Z,181.0,CADC0873|CADC0888|CADC0894,3,169,1.0,0.41716790917652324,532|1610|1760
814,2022-06-02T05:05:57.000000Z,2022-06-02T05:13:14.000000Z,437.0,CADC0872|CADC0874|CADC0892,3,565,1.0,0.575619942071638,89|276|912
815,2022-06-02T05:07:40.000000Z,2022-06-02T05:11:42.000000Z,242.0,CADC0873|CADC0888|CADC0892,3,224,0.98,0.48280570855160754,533|912|1611
816,2022-06-02T05:09:57.000000Z,2022-06-02T05:13:38.000000Z,221.0,CADC0872|CADC0873,2,358,1.0,0.4954761510140972,90|534
817,2022-06-02T05:12:37.000000Z,2022-06-02T05:21:10.000000Z,513.0,CADC0872|CADC0874|CADC0888|CADC0892,4,661,1.0,0.5761711280313003,91|277|913|1612
818,2022-06-02T05:13:40.000000Z,2022-06-02T05:16:37.000000Z,177.0,CADC0873,1,153,0.6878475849194311,0.3880402545098965,535
819,2022-06-02T05:15:54.000000Z,2022-06-02T05:19:30.000000Z,216.0,CADC0872|CADC0873,2,230,0.4235137370651552,0.37815937607598016,92|536
821,2022-06-02T05:18:37.000000Z,2022-06-02T05:22:35.000000Z,238.0,CADC0872|CADC0873|CADC0888,3,258,0.6656976293516464,0.3903625179066447,93|537|1613
822,2022-06-02T05:20:27.000000Z,2022-06-02T05:28:27.000000Z,480.0,CADC0874|CADC0888|CADC0892,3,641,1.0,0.6703991769305567,278|915|1613
823,2022-06-02T05:21:53.000000Z,2022-06-02T05:25:28.000000Z,215.0,CADC0872|CADC0873|CADC0888,3,244,0.7111924102326103,0.391219355252372,94|538|1614
824,2022-06-02T05:24:02.000000Z,2022-06-02T05:27:44.000000Z,222.0,CADC0872|CADC0888,2,181,1.0,0.5177328044721924,95|1614
825,2022-06-02T05:25:30.000000Z,2022-06-02T05:28:32.000000Z,182.0,CADC0873|CADC0888,2,185,1.0,0.484656694744252,539|1614
826,2022-06-02T05:27:12.000000Z,2022-06-02T05:31:17.000000Z,245.0,CADC0872|CADC0888,2,141,0.95,0.4798373820117981,96|1615
827,2022-06-02T05:28:32.000000Z,2022-06-02T05:35:50.000000Z,438.0,CADC0873|CADC0874,2,525,1.0,0.5916266935679697,279|540
828,2022-06-02T05:30:50.000000Z,2022-06-02T05:34:25.000000Z,215.0,CADC0872|CADC0873,2,341,1.0,0.5271709074120947,97|541
829,2022-06-02T05:32:27.000000Z,2022-06-02T05:33:09.000000Z,42.0,CADC0888|CADC0892,2,3,0.3463531746031746,0.323734047833162,917|1616
830,2022-06-02T05:33:43.000000Z,2022-06-02T05:37:24.000000Z,221.0,CADC0872|CADC0873|CADC0888,3,206,0.4784047619047619,0.37930540178205313,98|542|1616
831,2022-06-02T05:35:02.000000Z,2022-06-02T05:42:49.000000Z,467.0,CADC0874|CADC0888,2,431,1.0,0.6612742847350677,280|1617
832,2022-06-02T05:36:40.000000Z,2022-06-02T05:40:27.000000Z,227.0,CADC0872|CADC0873|CADC0892,3,331,1.0,0.46127462635162647,99|543|918
833,2022-06-02T05:37:42.000000Z,2022-06-02T05:40:42.000000Z,180.0,CADC0888,1,8,0.8048571428571429,0.5442311211120389,1618
834,2022-06-02T05:39:42.000000Z,2022-06-02T05:44:10.000000Z,268.0,CADC0872|CADC0873|CADC0892,3,469,1.0,0.5667606432311472,100|544|919
835,2022-06-02T05:42:37.000000Z,2022-06-02T05:49:47.000000Z,430.0,CADC0872|CADC0873|CADC0874|CADC0888,4,667,0.6459675270543095,0.5159322463640609,101|281|545|1619
836,2022-06-02T05:44:52.000000Z,2022-06-02T05:48:24.000000Z,212.0,CADC0872|CADC0888,2,131,0.4163809523809524,0.391073779824393,102|1619
837,2022-06-02T05:46:17.000000Z,2022-06-02T05:49:07.000000Z,170.0,CADC0873|CADC0888,2,161,0.5813710534740909,0.3781463601147392,546|1620
838,2022-06-02T05:47:47.000000Z,2022-06-02T05:51:08.000000Z,201.0,CADC0872|CADC0892,2,159,0.7615103079306925,0.4021353286117183,103|920
839,2022-06-02T05:48:57.000000Z,2022-06-02T05:56:44.000000Z,467.0,CADC0873|CADC0874|CADC0888,3,587,1.0,0.5770408102161444,282|547|1620
840,2022-06-02T05:51:09.000000Z,2022-06-02T05:54:47.000000Z,218.0,CADC0872|CADC0873,2,342,1.0,0.4223449284166552,104|548
841,2022-06-02T05:52:27.000000Z,2022-06-02T05:56:12.000000Z,225.0,CADC0888|CADC0892,2,42,1.0,0.7875752713491577,921|1621
842,2022-06-02T05:54:05.000000Z,2022-06-02T05:57:32.000000Z,207.0,CADC0872|CADC0873,2,312,1.0,0.40181213201425275,105|549
843,2022-06-02T05:56:08.000000Z,2022-06-02T06:04:47.000000Z,519.0,CADC0872|CADC0874|CADC0888|CADC0892,4,659,1.0,0.5973746613955322,106|283|922|1622
844,2022-06-02T05:57:34.000000Z,2022-06-02T06:00:36.000000Z,182.0,CADC0873|CADC0888|CADC0892,3,180,0.6377529776275749,0.3814531495520382,550|922|1622
845,2022-06-02T05:59:22.000000Z,2022-06-02T06:02:49.000000Z,207.0,CADC0872|CADC0888|CADC0892,3,215,1.0,0.4519855126750344,107|923|1622
846,2022-06-02T06:00:38.000000Z,2022-06-02T06:03:36.000000Z,178.0,CADC0873|CADC0888,2,169,0.413700622253476,0.36944513302431586,551|1623
847,2022-06-02T06:02:50.000000Z,2022-06-02T06:06:36.000000Z,226.0,CADC0872|CADC0873|CADC0892,3,317,0.71,0.3841470363593392,108|552|923
848,2022-06-02T06:04:17.000000Z,2022-06-02T06:12:20.000000Z,483.0,CADC0874|CADC0888,2,451,1.0,0.6652183078064694,284|1623
849,2022-06-02T06:05:54.000000Z,2022-06-02T06:09:25.000000Z,211.0,CADC0872|CADC0873|CADC0888|CADC0892,4,294,0.5121766090296463,0.3806616935917523,109|553|924|1624
850,2022-06-02T06:08:54.000000Z,2022-06-02T06:12:30.000000Z,216.0,CADC0872|CADC0873,2,269,1.0,0.4611317335032619,110|554
851,2022-06-02T06:10:18.000000Z,2022-06-02T06:12:52.000000Z,154.0,CADC0892,1,24,0.82,0.5071648240812285,925
852,2022-06-02T06:11:32.000000Z,2022-06-02T06:19:44.000000Z,492.0,CADC0872|CADC0874|CADC0888,3,530,0.995,0.5678361661800042,111|285|1625
853,2022-06-02T06:12:33.000000Z,2022-06-02T06:15:30.000000Z,177.0,CADC0873,1,115,0.3724512454495211,0.3671305187530497,555
854,2022-06-02T06:14:15.000000Z,2022-06-02T06:18:35.000000Z,260.0,CADC0872|CADC0892,2,348,0.96,0.5966219408452371,112|926
855,2022-06-02T06:15:32.000000Z,2022-06-02T06:21:22.000000Z,350.0,CADC0873|CADC0888,2,184,0.97,0.47744111511826726,556|1626
856,2022-06-02T06:17:33.000000Z,2022-06-02T06:22:03.000000Z,270.0,CADC0872|CADC0873|CADC0894,3,292,0.93,0.4183984919329572,113|557|1761
857,2022-06-02T06:19:45.000000Z,2022-06-02T06:26:45.000000Z,420.0,CADC0872|CADC0874|CADC0892,3,585,1.0,0.6252822264529811,114|286|927
858,2022-06-02T06:21:23.000000Z,2022-06-02T06:24:13.000000Z,170.0,CADC0873,1,136,1.0,0.4693302710548802,558
859,2022-06-02T06:22:27.000000Z,2022-06-02T06:23:10.000000Z,43.0,CADC0888|CADC0892,2,20,0.97,0.4780337068259083,927|1627
860,2022-06-02T06:23:32.000000Z,2022-06-02T06:27:15.000000Z,223.0,CADC0872|CADC0873|CADC0892,3,245,0.6344778404487103,0.3826261165737932,115|559|928
861,2022-06-02T06:24:43.000000Z,2022-06-02T06:29:03.000000Z,260.0,CADC0888|CADC0892|CADC0894,3,27,0.5312962092731831,0.3993949980702722,928|1627|1762
862,2022-06-02T06:26:27.000000Z,2022-06-02T06:34:02.000000Z,455.0,CADC0872|CADC0873|CADC0874|CADC0888|CADC0892,5,601,0.6459675270543095,0.5117253486737656,116|287|560|928|1628
864,2022-06-02T06:29:22.000000Z,2022-06-02T06:33:09.000000Z,227.0,CADC0872|CADC0873|CADC0892,3,272,0.98,0.4082468039653335,117|561|929
866,2022-06-02T06:31:37.000000Z,2022-06-02T06:35:52.000000Z,255.0,CADC0872|CADC0888|CADC0894,3,227,0.99,0.5035045775717433,118|1629|1763
867,2022-06-02T06:33:12.000000Z,2022-06-02T06:41:23.000000Z,491.0,CADC0873|CADC0874,2,620,1.0,0.6098213655988535,288|562
868,2022-06-02T06:35:14.000000Z,2022-06-02T06:39:05.000000Z,231.0,CADC0872|CADC0873|CADC0892,3,257,1.0,0.4100693207391114,119|563|930
869,2022-06-02T06:36:27.000000Z,2022-06-02T06:40:27.000000Z,240.0,CADC0888,1,42,0.9783333333333332,0.7647548741822552,1630
870,2022-06-02T06:37:34.000000Z,2022-06-02T06:41:15.000000Z,221.0,CADC0872|CADC0892,2,139,0.79184797031884,0.4038322790228097,120|930
871,2022-06-02T06:39:05.000000Z,2022-06-02T06:42:03.000000Z,178.0,CADC0873|CADC0894,2,178,1.0,0.4100937604758978,564|1764
872,2022-06-02T06:40:57.000000Z,2022-06-02T06:49:24.000000Z,507.0,CADC0872|CADC0874|CADC0888,3,667,1.0,0.6033562454887468,121|289|1631
873,2022-06-02T06:42:07.000000Z,2022-06-02T06:45:04.000000Z,177.0,CADC0873|CADC0892,2,161,0.87,0.38454232440445474,565|931
874,2022-06-02T06:43:22.000000Z,2022-06-02T06:47:15.000000Z,233.0,CADC0872|CADC0888,2,117,0.3927554754939063,0.3906059320231033,122|1631
875,2022-06-02T06:44:37.000000Z,2022-06-02T06:48:04.000000Z,207.0,CADC0873|CADC0888|CADC0892,3,165,0.7574603174603175,0.3770491885865292,566|932|1631
877,2022-06-02T06:47:18.000000Z,2022-06-02T06:51:05.000000Z,227.0,CADC0872|CADC0873|CADC0888|CADC0892,4,280,0.98,0.4071144871289251,123|567|932|1632
878,2022-06-02T06:49:12.000000Z,2022-06-02T06:56:48.000000Z,456.0,CADC0874|CADC0892,2,441,1.0,0.6703265339425115,290|933
879,2022-06-02T06:50:23.000000Z,2022-06-02T06:54:05.000000Z,222.0,CADC0872|CADC0873|CADC0888,3,235,0.4627999344562091,0.37933755777664013,124|568|1633
880,2022-06-02T06:51:27.000000Z,2022-06-02T06:52:52.000000Z,85.0,CADC0892,1,21,0.39,0.34138182166470993,933
881,2022-06-02T06:52:32.000000Z,2022-06-02T06:56:10.000000Z,218.0,CADC0872|CADC0888,2,181,0.99,0.5119340999682382,125|1633
882,2022-06-02T06:54:09.000000Z,2022-06-02T06:56:45.000000Z,156.0,CADC0873,1,129,0.993809113789906,0.4552869939615443,569
883,2022-06-02T06:55:57.000000Z,2022-06-02T07:04:25.000000Z,508.0,CADC0872|CADC0873|CADC0874|CADC0888,4,877,1.0,0.5985008063623438,126|291|570|1634
884,2022-06-02T06:59:22.000000Z,2022-06-02T07:02:59.000000Z,217.0,CADC0872|CADC0873,2,343,1.0,0.5278922791490342,127|571
886,2022-06-02T07:02:13.000000Z,2022-06-02T07:05:14.000000Z,181.0,CADC0872|CADC0888,2,116,0.5521190476190476,0.37941327862520324,128|1635
887,2022-06-02T07:03:18.000000Z,2022-06-02T07:05:50.000000Z,152.0,CADC0873,1,94,0.378602032116657,0.3673622367580171,572
888,2022-06-02T07:04:30.000000Z,2022-06-02T07:11:42.000000Z,432.0,CADC0872|CADC0874|CADC0892,3,619,1.0,0.5958408959594654,129|292|936
889,2022-06-02T07:05:42.000000Z,2022-06-02T07:09:08.000000Z,206.0,CADC0873|CADC0888,2,184,1.0,0.5294215486851201,573|1636
890,2022-06-02T07:08:28.000000Z,2022-06-02T07:12:19.000000Z,231.0,CADC0872|CADC0873,2,207,0.3924445302202744,0.37838955100893445,130|574
891,2022-06-02T07:09:37.000000Z,2022-06-02T07:13:20.000000Z,223.0,CADC0888|CADC0892,2,117,1.0,0.6408703204245847,937|1636
892,2022-06-02T07:11:27.000000Z,2022-06-02T07:19:06.000000Z,459.0,CADC0872|CADC0873|CADC0874|CADC0888,4,800,1.0,0.5310524711540499,131|293|575|1637
893,2022-06-02T07:14:32.000000Z,2022-06-02T07:18:27.000000Z,235.0,CADC0872|CADC0873|CADC0888|CADC0892,4,359,1.0,0.41237380421733594,132|576|938|1637
894,2022-06-02T07:16:32.000000Z,2022-06-02T07:20:47.000000Z,255.0,CADC0888|CADC0892,2,43,1.0,0.8270429992766583,938|1638
895,2022-06-02T07:17:39.000000Z,2022-06-02T07:21:25.000000Z,226.0,CADC0872|CADC0873,2,361,0.3982778635536078,0.3824416134020209,133|577
896,2022-06-02T07:19:10.000000Z,2022-06-02T07:26:21.000000Z,431.0,CADC0874,1,432,1.0,0.6546133987579394,294
897,2022-06-02T07:20:44.000000Z,2022-06-02T07:24:25.000000Z,221.0,CADC0872|CADC0873,2,358,1.0,0.4175767152190221,134|578
898,2022-06-02T07:21:52.000000Z,2022-06-02T07:26:02.000000Z,250.0,CADC0888|CADC0892,2,22,1.0,0.6443004942571917,939|1639
899,2022-06-02T07:23:43.000000Z,2022-06-02T07:27:21.000000Z,218.0,CADC0872|CADC0873,2,347,1.0,0.39505774446887143,135|579
900,2022-06-02T07:25:55.000000Z,2022-06-02T07:33:52.000000Z,477.0,CADC0872|CADC0874|CADC0888|CADC0892,4,640,1.0,0.576486071725929,136|295|940|1640
901,2022-06-02T07:27:23.000000Z,2022-06-02T07:30:29.000000Z,186.0,CADC0873|CADC0892,2,188,0.4993333333333333,0.3731261501723073,580|940
902,2022-06-02T07:29:48.000000Z,2022-06-02T07:33:37.000000Z,229.0,CADC0872|CADC0873|CADC0888|CADC0892,4,372,0.4730833333333333,0.3823567075931443,137|581|941|1640
903,2022-06-02T08:22:13.000000Z,2022-06-02T08:30:07.000000Z,474.0,CADC0874|CADC0892,2,477,1.0,0.6598553279249927,296|942
904,2022-06-02T08:23:28.000000Z,2022-06-02T08:27:24.000000Z,236.0,CADC0872|CADC0873|CADC0888,3,262,0.493620141044602,0.38197347620495886,138|582|1641
905,2022-06-02T08:24:57.000000Z,2022-06-02T08:28:27.000000Z,210.0,CADC0888|CADC0892,2,45,1.0,0.7059970220512969,942|1641
906,2022-06-02T08:26:37.000000Z,2022-06-02T08:30:38.000000Z,241.0,CADC0872|CADC0873,2,389,1.0,0.4875108783502119,139|583
907,2022-06-02T08:29:32.000000Z,2022-06-02T08:38:25.000000Z,533.0,CADC0872|CADC0874|CADC0888,3,661,1.0,0.63266759590118,140|297|1642
908,2022-06-02T08:30:40.000000Z,2022-06-02T08:33:50.000000Z,190.0,CADC0873,1,108,0.3769429024448286,0.3690799745371598,584
909,2022-06-02T08:33:00.000000Z,2022-06-02T08:37:00.000000Z,240.0,CADC0872|CADC0873|CADC0892,3,347,1.0,0.5361498028731997,141|585|944
910,2022-06-02T08:35:07.000000Z,2022-06-02T08:36:37.000000Z,90.0,CADC0888|CADC0892,2,6,0.6666666666666665,0.5495859392604964,944|1643
911,2022-06-02T08:36:09.000000Z,2022-06-02T08:39:30.000000Z,201.0,CADC0872,1,161,0.931518009408982,0.4486535642513825,142
912,2022-06-02T08:37:14.000000Z,2022-06-02T08:40:15.000000Z,181.0,CADC0873|CADC0888,2,106,0.45,0.3686844980877234,586|1643
913,2022-06-02T08:38:15.000000Z,2022-06-02T08:46:05.000000Z,470.0,CADC0874|CADC0892,2,698,1.0,0.700409178318944,298|945
914,2022-06-02T08:39:32.000000Z,2022-06-02T08:43:39.000000Z,247.0,CADC0872|CADC0873|CADC0888,3,396,1.0,0.4877612431938506,143|587|1644
915,2022-06-02T08:42:52.000000Z,2022-06-02T08:47:15.000000Z,263.0,CADC0872|CADC0873,2,248,0.4828743143325634,0.37756057176791397,144|588
916,2022-06-02T08:44:18.000000Z,2022-06-02T08:48:46.000000Z,268.0,CADC0892,1,262,1.0,0.7575923011466905,946
917,2022-06-02T08:46:09.000000Z,2022-06-02T08:54:21.000000Z,492.0,CADC0872|CADC0874|CADC0888,3,657,1.0,0.5975024189644249,145|299|1645
918,2022-06-02T08:47:18.000000Z,2022-06-02T08:50:39.000000Z,201.0,CADC0873,1,170,0.4720005871265206,0.3718418935047025,589
919,2022-06-02T08:49:17.000000Z,2022-06-02T08:53:07.000000Z,230.0,CADC0872|CADC0888,2,198,1.0,0.49905368387095017,146|1645
920,2022-06-02T08:50:42.000000Z,2022-06-02T08:54:04.000000Z,202.0,CADC0873|CADC0888,2,192,1.0,0.43981102558240065,590|1645
921,2022-06-02T08:52:02.000000Z,2022-06-02T08:57:02.000000Z,300.0,CADC0888|CADC0892,2,53,1.0,0.7336975097455726,947|1646
922,2022-06-02T08:53:09.000000Z,2022-06-02T08:57:35.000000Z,266.0,CADC0872|CADC0873,2,387,0.7511803037190588,0.39864533080549247,147|591
923,2022-06-02T08:54:27.000000Z,2022-06-02T09:02:45.000000Z,498.0,CADC0874,1,500,1.0,0.6545610477952885,300
924,2022-06-02T08:56:47.000000Z,2022-06-02T09:00:50.000000Z,243.0,CADC0872|CADC0873,2,378,1.0,0.4214777114490583,148|592
925,2022-06-02T08:58:07.000000Z,2022-06-02T09:03:12.000000Z,305.0,CADC0888|CADC0892,2,53,1.0,0.780972887007354,948|1647
926,2022-06-02T09:00:00.000000Z,2022-06-02T09:04:19.000000Z,259.0,CADC0872|CADC0873,2,391,1.0,0.4124246884191335,149|593
927,2022-06-02T09:02:51.000000Z,2022-06-02T09:12:09.000000Z,558.0,CADC0872|CADC0874,2,776,1.0,0.5929348507917845,150|301
928,2022-06-02T09:04:21.000000Z,2022-06-02T09:07:50.000000Z,209.0,CADC0873|CADC0888|CADC0892,3,214,0.6630895687048879,0.387904162935745,594|949|1648
929,2022-06-02T09:07:02.000000Z,2022-06-02T09:11:38.000000Z,276.0,CADC0872|CADC0873|CADC0892,3,670,1.0,0.5513597694882267,151|595|950
930,2022-06-02T09:09:47.000000Z,2022-06-02T09:13:44.000000Z,237.0,CADC0872|CADC0888,2,162,0.3922932283813618,0.38988352982059304,152|1649
931,2022-06-02T09:11:23.000000Z,2022-06-02T09:20:43.000000Z,560.0,CADC0873|CADC0874,2,691,0.6459675270543095,0.5400587335820035,302|596
932,2022-06-02T09:13:22.000000Z,2022-06-02T09:17:57.000000Z,275.0,CADC0872|CADC0888|CADC0892,3,435,1.0,0.6152674457499223,153|951|1649
933,2022-06-02T09:14:48.000000Z,2022-06-02T09:18:20.000000Z,212.0,CADC0873|CADC0888,2,181,0.3724512454495211,0.3714528079511461,597|1650
934,2022-06-02T09:17:27.000000Z,2022-06-02T09:21:40.000000Z,253.0,CADC0872|CADC0873|CADC0888,3,290,0.4911247910212079,0.3782755900898622,154|598|1650
935,2022-06-02T09:19:15.000000Z,2022-06-02T09:22:43.000000Z,208.0,CADC0888|CADC0892|CADC0894,3,24,0.6893708513708511,0.4319340867814543,952|1650|1765
936,2022-06-02T09:20:44.000000Z,2022-06-02T09:29:16.000000Z,512.0,CADC0872|CADC0873|CADC0874|CADC0888|CADC0892,5,887,1.0,0.5372244042597736,155|303|599|952|1651
937,2022-06-02T09:23:39.000000Z,2022-06-02T09:23:42.000000Z,3.0,CADC0892,1,2,0.360095714584892,0.3509397856950126,952
938,2022-06-02T09:23:44.000000Z,2022-06-02T09:27:38.000000Z,234.0,CADC0872|CADC0892,2,184,0.948,0.41263152865194624,156|953
939,2022-06-02T09:25:08.000000Z,2022-06-02T09:28:34.000000Z,206.0,CADC0873,1,185,0.6680505971237989,0.3899981940438855,600
940,2022-06-02T09:26:52.000000Z,2022-06-02T09:31:38.000000Z,286.0,CADC0872|CADC0888|CADC0892|CADC0894,4,289,0.91,0.40660654353575654,157|953|1652|1766
941,2022-06-02T09:28:36.000000Z,2022-06-02T09:37:33.000000Z,537.0,CADC0873|CADC0874|CADC0888,3,716,0.6999906801943332,0.563385782184383,304|601|1652
942,2022-06-02T09:30:12.000000Z,2022-06-02T09:32:27.000000Z,135.0,CADC0888|CADC0892,2,96,1.0,0.6607989874708625,954|1653
943,2022-06-02T09:31:16.000000Z,2022-06-02T09:35:38.000000Z,262.0,CADC0872|CADC0873,2,409,0.4524258508728384,0.38003042153797784,158|602
944,2022-06-02T09:34:07.000000Z,2022-06-02T09:38:34.000000Z,267.0,CADC0872|CADC0888|CADC0892,3,252,0.95,0.4266840083268365,159|954|1654
945,2022-06-02T09:35:23.000000Z,2022-06-02T09:42:18.000000Z,415.0,CADC0873|CADC0888|CADC0892|CADC0894,4,633,1.0,0.6022143735188956,603|955|1654|1767
946,2022-06-02T09:37:34.000000Z,2022-06-02T09:46:45.000000Z,551.0,CADC0874,1,552,1.0,0.6875080407519846,305
947,2022-06-02T09:38:36.000000Z,2022-06-02T09:42:20.000000Z,224.0,CADC0872|CADC0888,2,226,1.0,0.4256530630067437,160|1654
948,2022-06-02T09:39:41.000000Z,2022-06-02T09:43:09.000000Z,208.0,CADC0873|CADC0888,2,214,1.0,0.4178882268697999,604|1655
949,2022-06-02T09:42:22.000000Z,2022-06-02T09:48:40.000000Z,378.0,CADC0872|CADC0873|CADC0892,3,597,1.0,0.4322145483357591,161|605|956
950,2022-06-02T09:46:18.000000Z,2022-06-02T09:56:58.000000Z,640.0,CADC0872|CADC0874|CADC0888,3,872,1.0,0.586420446440341,162|306|1656
951,2022-06-02T09:47:32.000000Z,2022-06-02T09:51:21.000000Z,229.0,CADC0873,1,230,1.0,0.4128036627312275,606
953,2022-06-02T09:50:36.000000Z,2022-06-02T09:55:08.000000Z,272.0,CADC0872|CADC0873|CADC0888,3,436,1.0,0.41215607815514654,163|607|1656
955,2022-06-02T09:54:07.000000Z,2022-06-02T09:58:02.000000Z,235.0,CADC0872|CADC0888,2,242,0.7326904761904762,0.3935693981104455,164|1657
956,2022-06-02T09:55:10.000000Z,2022-06-02T09:58:59.000000Z,229.0,CADC0873,1,230,0.3724512454495211,0.372451245449521,608
957,2022-06-02T09:56:52.000000Z,2022-06-02T10:06:31.000000Z,579.0,CADC0874|CADC0888|CADC0892,3,582,1.0,0.6620793204664495,307|957|1657
958,2022-06-02T09:58:03.000000Z,2022-06-02T10:04:07.000000Z,364.0,CADC0872|CADC0873|CADC0888,3,519,1.0,0.45337339446857716,165|609|1658
959,2022-06-02T09:59:37.000000Z,2022-06-02T09:59:42.000000Z,5.0,CADC0892,1,3,0.56,0.48,957
960,2022-06-02T10:01:57.000000Z,2022-06-02T10:06:43.000000Z,286.0,CADC0872|CADC0873,2,460,1.0,0.4091223282866181,166|610
961,2022-06-02T10:05:12.000000Z,2022-06-02T10:09:28.000000Z,256.0,CADC0872|CADC0888,2,215,0.4026349103243095,0.38896865427209093,167|1659
962,2022-06-02T10:06:17.000000Z,2022-06-02T10:15:48.000000Z,571.0,CADC0873|CADC0874|CADC0888,3,792,1.0,0.5778499072825286,308|611|1659
963,2022-06-02T10:08:52.000000Z,2022-06-02T10:13:11.000000Z,259.0,CADC0872|CADC0888,2,222,0.5631904761904761,0.38669119151081116,168|1660
964,2022-06-02T10:10:30.000000Z,2022-06-02T10:14:20.000000Z,230.0,CADC0873,1,227,0.3752686987833237,0.3687272343577857,612
965,2022-06-02T10:12:10.000000Z,2022-06-02T10:13:37.000000Z,87.0,CADC0888|CADC0894,2,84,1.0,0.727779461929786,1661|1768
966,2022-06-02T10:13:13.000000Z,2022-06-02T10:17:35.000000Z,262.0,CADC0872,1,253,0.3982778635536078,0.3841131861940212,169
967,2022-06-02T10:14:22.000000Z,2022-06-02T10:18:44.000000Z,262.0,CADC0873|CADC0888,2,262,0.8448715728715732,0.37059287171506544,613|1661
968,2022-06-02T10:15:39.000000Z,2022-06-02T10:25:13.000000Z,574.0,CADC0874|CADC0892,2,676,1.0,0.6845261626567652,309|960
969,2022-06-02T10:16:42.000000Z,2022-06-02T10:21:17.000000Z,275.0,CADC0872|CADC0888,2,234,1.0,0.4723167730055908,170|1662
970,2022-06-02T10:18:27.000000Z,2022-06-02T10:22:27.000000Z,240.0,CADC0873|CADC0892,2,224,1.0,0.41309674186631407,614|961
971,2022-06-02T10:19:42.000000Z,2022-06-02T10:20:02.000000Z,20.0,CADC0888|CADC0894,2,2,0.4020289855072464,0.35343897720177886,1663|1769
972,2022-06-02T10:20:57.000000Z,2022-06-02T10:26:30.000000Z,333.0,CADC0872|CADC0892|CADC0894,3,229,0.59,0.3930292392332855,171|961|1769
973,2022-06-02T10:22:28.000000Z,2022-06-02T10:27:47.000000Z,319.0,CADC0873,1,291,0.6345284880972875,0.3889590593533103,615
974,2022-06-02T10:23:44.000000Z,2022-06-02T10:25:45.000000Z,121.0,CADC0888|CADC0892,2,119,1.0,0.8051700191215336,962|1663
975,2022-06-02T10:25:07.000000Z,2022-06-02T10:35:12.000000Z,605.0,CADC0874|CADC0888,2,615,0.97,0.6277677248342518,310|1664
976,2022-06-02T10:26:33.000000Z,2022-06-02T10:30:45.000000Z,252.0,CADC0872|CADC0892,2,169,0.505054895292903,0.39106052300421723,172|963
977,2022-06-02T10:27:49.000000Z,2022-06-02T10:31:50.000000Z,241.0,CADC0873|CADC0888|CADC0894,3,238,0.6500465556092263,0.3905362379485218,616|1665|1770
979,2022-06-02T10:30:48.000000Z,2022-06-02T10:35:37.000000Z,289.0,CADC0872|CADC0894,2,213,0.47,0.3883461585029505,173|1770
980,2022-06-02T10:31:52.000000Z,2022-06-02T10:36:50.000000Z,298.0,CADC0873|CADC0888|CADC0892,3,396,1.0,0.5402520813314946,617|964|1665
981,2022-06-02T10:33:12.000000Z,2022-06-02T10:35:17.000000Z,125.0,CADC0888,1,15,0.94,0.7180899312597542,1666
982,2022-06-02T10:35:13.000000Z,2022-06-02T10:45:30.000000Z,617.0,CADC0872|CADC0874|CADC0892,3,898,0.9818887280118732,0.6018044435908649,174|311|965
983,2022-06-02T10:36:32.000000Z,2022-06-02T10:41:19.000000Z,287.0,CADC0873|CADC0888|CADC0894,3,311,0.98,0.39723012172197025,618|1667|1771
984,2022-06-02T10:38:00.000000Z,2022-06-02T10:38:12.000000Z,12.0,CADC0888|CADC0892,2,5,0.848,0.5625269841269841,965|1667
985,2022-06-02T10:40:18.000000Z,2022-06-02T10:44:38.000000Z,260.0,CADC0872|CADC0888|CADC0892,3,297,1.0,0.5216207509071733,175|966|1667
986,2022-06-02T10:41:22.000000Z,2022-06-02T10:45:30.000000Z,248.0,CADC0873|CADC0888,2,261,0.99,0.39450429232480394,619|1668
988,2022-06-02T10:44:37.000000Z,2022-06-02T10:56:24.000000Z,707.0,CADC0872|CADC0873|CADC0874|CADC0888|CADC0894,5,1324,1.0,0.597020105755429,176|312|620|1669|1772
989,2022-06-02T10:46:07.000000Z,2022-06-02T10:46:42.000000Z,35.0,CADC0888,1,3,0.4891666666666666,0.3955555555555555,1669
990,2022-06-02T10:48:02.000000Z,2022-06-02T10:53:35.000000Z,333.0,CADC0872|CADC0888,2,190,0.99,0.39719691551373093,177|1669
991,2022-06-02T10:50:10.000000Z,2022-06-02T10:54:45.000000Z,275.0,CADC0873|CADC0888|CADC0892,3,217,0.442733389026088,0.365363775147228,621|968|1669
992,2022-06-02T10:51:07.000000Z,2022-06-02T10:51:17.000000Z,10.0,CADC0888,1,2,0.6231904761904762,0.487968613578534,1670
993,2022-06-02T10:53:02.000000Z,2022-06-02T10:57:58.000000Z,296.0,CADC0872|CADC0894,2,419,1.0,0.6157648796859175,178|1773
994,2022-06-02T10:54:49.000000Z,2022-06-02T10:58:59.000000Z,250.0,CADC0873,1,205,0.4472006564296161,0.3681060864364136,622
995,2022-06-02T10:56:20.000000Z,2022-06-02T11:05:24.000000Z,544.0,CADC0874|CADC0888|CADC0892,3,582,1.0,0.678701241689029,313|970|1670
996,2022-06-02T10:57:49.000000Z,2022-06-02T11:02:20.000000Z,271.0,CADC0872,1,272,1.0,0.5106784090303935,179
997,2022-06-02T10:58:52.000000Z,2022-06-02T11:03:38.000000Z,286.0,CADC0873|CADC0888|CADC0892,3,271,1.0,0.4161638202691933,623|971|1670
998,2022-06-02T10:59:37.000000Z,2022-06-02T11:00:52.000000Z,75.0,CADC0888,1,4,0.4241937599437599,0.3798800682799424,1671
999,2022-06-02T11:00:59.000000Z,2022-06-02T11:07:52.000000Z,413.0,CADC0892|CADC0894,2,426,1.0,0.7356314865348089,971|1774
1000,2022-06-02T11:02:22.000000Z,2022-06-02T11:07:34.000000Z,312.0,CADC0872|CADC0888,2,202,0.5226309523809524,0.39066836421448703,180|1671
1001,2022-06-02T11:03:43.000000Z,2022-06-02T11:08:40.000000Z,297.0,CADC0873,1,213,0.4166402071885251,0.36584726716579674,624
1002,2022-06-02T11:05:27.000000Z,2022-06-02T11:14:09.000000Z,522.0,CADC0874|CADC0888|CADC0892,3,673,1.0,0.6811653650754514,314|972|1672
1003,2022-06-02T11:07:38.000000Z,2022-06-02T11:12:09.000000Z,271.0,CADC0872|CADC0892,2,180,0.4771789098595255,0.380622882019751,181|973
1004,2022-06-02T11:08:43.000000Z,2022-06-02T11:14:43.000000Z,360.0,CADC0873|CADC0894,2,279,0.4666212594364438,0.36830599891863813,625|1775
1005,2022-06-02T11:10:22.000000Z,2022-06-02T11:10:30.000000Z,8.0,CADC0888|CADC0892,2,2,0.37,0.33856385214668866,973|1673
1006,2022-06-02T11:11:57.000000Z,2022-06-02T11:19:28.000000Z,451.0,CADC0872|CADC0888|CADC0892|CADC0894,4,343,1.0,0.4337750863471024,182|973|1673|1775
1007,2022-06-02T11:13:12.000000Z,2022-06-02T11:24:11.000000Z,659.0,CADC0874|CADC0892,2,649,1.0,0.6012698439472879,315|974
1008,2022-06-02T11:14:45.000000Z,2022-06-02T11:21:20.000000Z,395.0,CADC0873|CADC0888|CADC0894,3,636,1.0,0.5589705008724914,626|1673|1776
1009,2022-06-02T11:17:42.000000Z,2022-06-02T11:18:02.000000Z,20.0,CADC0888,1,2,0.437,0.3685,1674
1010,2022-06-02T11:19:30.000000Z,2022-06-02T11:26:21.000000Z,411.0,CADC0872|CADC0873|CADC0888,3,626,1.0,0.39750173126162847,183|627|1674
1011,2022-06-02T11:20:38.000000Z,2022-06-02T11:23:42.000000Z,184.0,CADC0892,1,180,1.0,0.7659000396418558,975
1012,2022-06-02T11:22:02.000000Z,2022-06-02T11:25:31.000000Z,209.0,CADC0888|CADC0894,2,23,0.6022698412698413,0.3759381365238078,1675|1777
1013,2022-06-02T11:23:07.000000Z,2022-06-02T11:24:44.000000Z,97.0,CADC0888|CADC0892,2,16,0.4941666666666666,0.3576859922923041,976|1675
1014,2022-06-02T11:24:19.000000Z,2022-06-02T11:35:30.000000Z,671.0,CADC0872|CADC0874,2,1008,1.0,0.5716876510444843,184|316
1015,2022-06-02T11:26:17.000000Z,2022-06-02T11:31:51.000000Z,334.0,CADC0873|CADC0888,2,331,0.5734998371301249,0.3728930021920832,628|1675
1016,2022-06-02T11:27:22.000000Z,2022-06-02T11:30:52.000000Z,210.0,CADC0888|CADC0892|CADC0894,3,32,0.95,0.5468720574676,976|1676|1777
1017,2022-06-02T11:30:10.000000Z,2022-06-02T11:36:01.000000Z,351.0,CADC0872|CADC0888|CADC0892,3,336,0.6260000000000001,0.39294182385116966,185|976|1677
1018,2022-06-02T11:31:53.000000Z,2022-06-02T11:37:02.000000Z,309.0,CADC0873,1,310,0.3724512454495211,0.3724512454495211,629
1019,2022-06-02T11:32:54.000000Z,2022-06-02T11:33:00.000000Z,6.0,CADC0894,1,2,0.4744186307113939,0.3957510659177963,1778
1020,2022-06-02T11:34:05.000000Z,2022-06-02T11:35:11.000000Z,66.0,CADC0892|CADC0894,2,19,0.86,0.40032778967682947,977|1778
1021,2022-06-02T11:35:32.000000Z,2022-06-02T11:45:41.000000Z,609.0,CADC0872|CADC0874|CADC0888,3,919,0.6459675270543095,0.5600650507187966,186|317|1678
1022,2022-06-02T11:36:34.000000Z,2022-06-02T11:42:24.000000Z,350.0,CADC0873|CADC0888|CADC0892|CADC0894,4,343,0.9,0.37756948029724513,630|977|1678|1778
1023,2022-06-02T11:39:05.000000Z,2022-06-02T11:40:51.000000Z,106.0,CADC0892,1,91,1.0,0.7777528938755977,978
1024,2022-06-02T11:40:12.000000Z,2022-06-02T11:46:20.000000Z,368.0,CADC0872|CADC0888,2,313,0.5382857142857145,0.39174138671783776,187|1679
1025,2022-06-02T11:42:17.000000Z,2022-06-02T11:47:50.000000Z,333.0,CADC0873|CADC0894,2,513,1.0,0.5023560493966075,631|1779
1026,2022-06-02T11:43:52.000000Z,2022-06-02T11:43:58.000000Z,6.0,CADC0888|CADC0892,2,2,0.75,0.589,979|1679
1027,2022-06-02T11:45:42.000000Z,2022-06-02T11:56:10.000000Z,628.0,CADC0872|CADC0874|CADC0888|CADC0892,4,944,1.0,0.5722831621429258,188|318|979|1680
1028,2022-06-02T11:47:22.000000Z,2022-06-02T11:52:41.000000Z,319.0,CADC0873|CADC0888,2,296,0.7323444086463061,0.37444728909823605,632|1680
1029,2022-06-02T11:48:24.000000Z,2022-06-02T11:51:10.000000Z,166.0,CADC0892,1,33,0.64,0.45144949494949493,980
1031,2022-06-02T11:51:07.000000Z,2022-06-02T11:56:58.000000Z,351.0,CADC0872|CADC0888|CADC0894,3,322,0.8596410834386344,0.39605347151751713,189|1681|1780
1032,2022-06-02T11:52:42.000000Z,2022-06-02T11:59:12.000000Z,390.0,CADC0873,1,358,0.6752477914749389,0.3808809168652704,633
1033,2022-06-02T11:53:59.000000Z,2022-06-02T11:55:15.000000Z,76.0,CADC0892|CADC0894,2,15,0.5334523809523809,0.38318572546842444,981|1780
1034,2022-06-02T11:55:57.000000Z,2022-06-02T12:11:35.000000Z,938.0,CADC0874|CADC0888,2,916,1.0,0.6784893091424745,319|1682
1035,2022-06-02T11:57:00.000000Z,2022-06-02T12:04:39.000000Z,459.0,CADC0872|CADC0888|CADC0892,3,410,1.0,0.4558327292603622,190|981|1682
1036,2022-06-02T11:58:33.000000Z,2022-06-02T12:05:50.000000Z,437.0,CADC0873|CADC0892,2,396,1.0,0.47750288460541407,634|982
1038,2022-06-02T12:01:30.000000Z,2022-06-02T12:05:58.000000Z,268.0,CADC0894,1,245,1.0,0.7281446159706905,1781
1039,2022-06-02T12:04:43.000000Z,2022-06-02T12:09:17.000000Z,274.0,CADC0872,1,275,0.9380768554431966,0.5328580426328894,191
1040,2022-06-02T12:05:57.000000Z,2022-06-02T12:10:52.000000Z,295.0,CADC0873|CADC0888,2,298,1.0,0.4681197440266795,635|1684
1041,2022-06-02T12:07:48.000000Z,2022-06-02T12:09:17.000000Z,89.0,CADC0888|CADC0892,2,10,0.5294523809523809,0.41675285270285267,983|1684
1042,2022-06-02T12:09:21.000000Z,2022-06-02T12:15:19.000000Z,358.0,CADC0872,1,359,0.8977306266280378,0.5070262388339054,192
1043,2022-06-02T12:10:37.000000Z,2022-06-02T12:16:52.000000Z,375.0,CADC0873|CADC0888,2,311,0.4560144043917881,0.3676816074292355,636|1685
1044,2022-06-02T12:11:47.000000Z,2022-06-02T12:26:03.000000Z,856.0,CADC0874|CADC0888|CADC0892|CADC0894,4,897,1.0,0.6278194991033459,320|984|1685|1782
1045,2022-06-02T12:14:47.000000Z,2022-06-02T12:21:22.000000Z,395.0,CADC0872|CADC0888|CADC0894,3,381,1.0,0.5087635812823563,193|1685|1782
1046,2022-06-02T12:16:57.000000Z,2022-06-02T12:23:07.000000Z,370.0,CADC0873|CADC0888,2,373,0.993809113789906,0.4373074227652899,637|1686
1047,2022-06-02T12:18:12.000000Z,2022-06-02T12:19:47.000000Z,95.0,CADC0888,1,12,0.9383333333333332,0.5268670005154785,1686
1048,2022-06-02T12:20:47.000000Z,2022-06-02T12:26:55.000000Z,368.0,CADC0872|CADC0888,2,332,1.0,0.5231588301645823,194|1687
1049,2022-06-02T12:22:08.000000Z,2022-06-02T12:23:02.000000Z,54.0,CADC0888|CADC0892|CADC0894,3,6,0.5095952380952381,0.3898268456447129,986|1687|1783
1050,2022-06-02T12:23:18.000000Z,2022-06-02T12:27:47.000000Z,269.0,CADC0873,1,259,1.0,0.4066695934081129,638
1051,2022-06-02T12:24:27.000000Z,2022-06-02T12:24:47.000000Z,20.0,CADC0894,1,2,0.36,0.32999999999999996,1783
1052,2022-06-02T12:26:10.000000Z,2022-06-02T12:37:17.000000Z,667.0,CADC0872|CADC0874|CADC0888|CADC0894,4,984,1.0,0.5997482265938917,195|321|1688|1783
1053,2022-06-02T12:27:58.000000Z,2022-06-02T12:33:52.000000Z,354.0,CADC0873|CADC0888|CADC0892,3,368,1.0,0.4302003374168336,639|987|1688
1054,2022-06-02T12:30:05.000000Z,2022-06-02T12:33:37.000000Z,212.0,CADC0888|CADC0892,2,9,0.5203106060606063,0.3752762276396396,988|1689
1055,2022-06-02T12:32:08.000000Z,2022-06-02T12:38:33.000000Z,385.0,CADC0872|CADC0892,2,225,0.484670148141018,0.3866561949868819,196|988
1056,2022-06-02T12:33:40.000000Z,2022-06-02T12:40:20.000000Z,400.0,CADC0873|CADC0894,2,261,0.4269185830788922,0.36500617002598895,640|1784
1057,2022-06-02T12:34:57.000000Z,2022-06-02T12:36:30.000000Z,93.0,CADC0888|CADC0892|CADC0894,3,7,0.56,0.41104761904761905,989|1689|1784
1058,2022-06-02T12:36:27.000000Z,2022-06-02T12:54:44.000000Z,1097.0,CADC0874|CADC0888,2,1042,1.0,0.673276446245935,322|1689
1059,2022-06-02T12:37:42.000000Z,2022-06-02T12:44:33.000000Z,411.0,CADC0872|CADC0888|CADC0892|CADC0894,4,406,1.0,0.5358674185101538,197|989|1690|1784
1060,2022-06-02T12:38:47.000000Z,2022-06-02T12:41:57.000000Z,190.0,CADC0888,1,30,0.995,0.7835136914011912,1690
1061,2022-06-02T12:39:49.000000Z,2022-06-02T12:45:52.000000Z,363.0,CADC0873|CADC0892|CADC0894,3,333,1.0,0.4811942941338838,641|990|1785
1063,2022-06-02T12:42:58.000000Z,2022-06-02T12:43:37.000000Z,39.0,CADC0894,1,2,0.4693333333333333,0.38466666666666666,1785
1064,2022-06-02T12:44:22.000000Z,2022-06-02T12:53:10.000000Z,528.0,CADC0872|CADC0888|CADC0892,3,443,1.0,0.4359381342036018,198|990|1691
1065,2022-06-02T12:46:04.000000Z,2022-06-02T12:55:35.000000Z,571.0,CADC0873,1,572,1.0,0.511838891798768,642
1066,2022-06-02T12:47:52.000000Z,2022-06-02T12:51:24.000000Z,212.0,CADC0892|CADC0894,2,13,0.4798773448773448,0.37835126075921727,991|1785
1067,2022-06-02T12:50:42.000000Z,2022-06-02T12:53:02.000000Z,140.0,CADC0888|CADC0892|CADC0894,3,10,0.5306666666666666,0.3652048506954667,991|1692|1786
1068,2022-06-02T12:52:27.000000Z,2022-06-02T13:00:30.000000Z,483.0,CADC0872|CADC0892,2,307,0.88,0.4018737846015691,199|992
1069,2022-06-02T12:54:45.000000Z,2022-06-02T13:07:44.000000Z,779.0,CADC0874|CADC0888|CADC0894,3,717,0.6758919886775054,0.5838049632250312,323|1692|1786
1070,2022-06-02T12:55:32.000000Z,2022-06-02T13:02:03.000000Z,391.0,CADC0873|CADC0888|CADC0892,3,300,0.4560389000165282,0.3657142522312794,643|992|1693
1071,2022-06-02T12:56:57.000000Z,2022-06-02T12:57:52.000000Z,55.0,CADC0888|CADC0892,2,18,0.94,0.4288183986169427,992|1693
1072,2022-06-02T13:00:14.000000Z,2022-06-02T13:07:38.000000Z,444.0,CADC0872|CADC0888|CADC0894,3,280,0.4765453148395723,0.38963540738689734,200|1693|1786
1073,2022-06-02T13:02:02.000000Z,2022-06-02T13:09:57.000000Z,475.0,CADC0873|CADC0888,2,427,1.0,0.392832780142272,644|1694
1075,2022-06-02T13:04:40.000000Z,2022-06-02T13:05:24.000000Z,44.0,CADC0892,1,2,0.4551190476190477,0.37815624653124646,994
1076,2022-06-02T13:06:48.000000Z,2022-06-02T13:13:50.000000Z,422.0,CADC0872|CADC0888|CADC0894,3,382,0.9230492690201388,0.5168651315734286,201|1695|1787
1077,2022-06-02T13:08:12.000000Z,2022-06-02T13:09:22.000000Z,70.0,CADC0888|CADC0894,2,3,0.31,0.30585107022607017,1695|1787
1078,2022-06-02T13:09:58.000000Z,2022-06-02T13:15:32.000000Z,334.0,CADC0873,1,335,1.0,0.45516586518738206,645
1079,2022-06-02T13:11:37.000000Z,2022-06-02T13:25:02.000000Z,805.0,CADC0874|CADC0892|CADC0894,3,803,1.0,0.6767881145989612,324|995|1787
1080,2022-06-02T13:13:07.000000Z,2022-06-02T13:19:57.000000Z,410.0,CADC0872|CADC0888,2,365,1.0,0.5315066120395879,202|1696
1081,2022-06-02T13:14:52.000000Z,2022-06-02T13:21:29.000000Z,397.0,CADC0873|CADC0888,2,380,1.0,0.4926481660745028,646|1696
1084,2022-06-02T13:19:59.000000Z,2022-06-02T13:26:19.000000Z,380.0,CADC0872|CADC0888|CADC0892|CADC0894,4,369,0.98,0.3981527219309234,203|996|1697|1788
1085,2022-06-02T13:21:32.000000Z,2022-06-02T13:28:23.000000Z,411.0,CADC0873,1,408,0.6223683743981048,0.37642074448186663,647
1086,2022-06-02T13:23:56.000000Z,2022-06-02T13:26:15.000000Z,139.0,CADC0892|CADC0894,2,30,0.68525,0.41194601125270136,997|1788
1087,2022-06-02T13:25:06.000000Z,2022-06-02T13:36:21.000000Z,675.0,CADC0874|CADC0888,2,677,1.0,0.655178541927247,325|1698
1088,2022-06-02T13:26:20.000000Z,2022-06-02T13:32:07.000000Z,347.0,CADC0872|CADC0888,2,392,1.0,0.4435570459824913,204|1698
1089,2022-06-02T13:28:25.000000Z,2022-06-02T13:33:09.000000Z,284.0,CADC0873,1,285,1.0,0.40896078223700927,648
1090,2022-06-02T13:29:57.000000Z,2022-06-02T13:29:58.000000Z,1.0,CADC0892,1,2,0.4103237450114384,0.3852097297981652,998
1091,2022-06-02T13:32:10.000000Z,2022-06-02T13:38:15.000000Z,365.0,CADC0872|CADC0888,2,367,0.7409565827743184,0.39301650239789143,205|1699
1092,2022-06-02T13:33:11.000000Z,2022-06-02T13:39:35.000000Z,384.0,CADC0873|CADC0888|CADC0892|CADC0894,4,416,0.88,0.38274764906482656,649|998|1699|1789
1093,2022-06-02T13:36:32.000000Z,2022-06-02T13:48:26.000000Z,714.0,CADC0874,1,715,1.0,0.6475394781140111,326
1094,2022-06-02T13:38:17.000000Z,2022-06-02T13:43:32.000000Z,315.0,CADC0872|CADC0888,2,317,0.3922932283813618,0.3920031792413749,206|1700
1095,2022-06-02T13:39:36.000000Z,2022-06-02T13:45:24.000000Z,348.0,CADC0873|CADC0888|CADC0892|CADC0894,4,374,1.0,0.4027015771915258,650|999|1700|1789
1096,2022-06-02T13:43:32.000000Z,2022-06-02T13:50:00.000000Z,388.0,CADC0872|CADC0892,2,389,0.9758017714901344,0.396208566263482,207|1000
1097,2022-06-02T13:45:17.000000Z,2022-06-02T13:51:34.000000Z,377.0,CADC0873|CADC0888,2,361,0.396388755136278,0.37191310321378784,651|1701
1098,2022-06-02T13:46:39.000000Z,2022-06-02T13:47:02.000000Z,23.0,CADC0888|CADC0892,2,3,0.42,0.3501111111111111,1000|1701
1099,2022-06-02T13:48:17.000000Z,2022-06-02T14:05:20.000000Z,1023.0,CADC0874|CADC0888,2,1004,1.0,0.6333045593838155,327|1701
1100,2022-06-02T13:50:02.000000Z,2022-06-02T13:57:35.000000Z,453.0,CADC0872|CADC0892,2,350,0.8497857142857143,0.3974079650455535,208|1001
1101,2022-06-02T13:51:27.000000Z,2022-06-02T13:59:30.000000Z,483.0,CADC0873|CADC0888,2,400,0.459643141481224,0.36713025001962923,652|1702
1102,2022-06-02T13:52:57.000000Z,2022-06-02T13:56:17.000000Z,200.0,CADC0888|CADC0894,2,42,1.0,0.6522685105195127,1702|1790
1103,2022-06-02T13:56:02.000000Z,2022-06-02T13:56:54.000000Z,52.0,CADC0892,1,2,0.31,0.305,1002
1104,2022-06-02T13:57:07.000000Z,2022-06-02T14:04:10.000000Z,423.0,CADC0872|CADC0888,2,352,1.0,0.4288383842023519,209|1703
1105,2022-06-02T13:58:12.000000Z,2022-06-02T13:58:47.000000Z,35.0,CADC0888|CADC0892,2,8,0.5461666666666667,0.4049184335976245,1002|1703
1106,2022-06-02T13:59:34.000000Z,2022-06-02T14:06:00.000000Z,386.0,CADC0873,1,387,1.0,0.4563791998624469,653
1107,2022-06-02T14:01:02.000000Z,2022-06-02T14:05:14.000000Z,252.0,CADC0888|CADC0892,2,63,0.86,0.5022497446941343,1003|1703
1109,2022-06-02T14:04:14.000000Z,2022-06-02T14:11:20.000000Z,426.0,CADC0872|CADC0888|CADC0894,3,285,0.69,0.3943570427312962,210|1704|1791
1110,2022-06-02T14:05:27.000000Z,2022-06-02T14:17:55.000000Z,748.0,CADC0873|CADC0874,2,1017,1.0,0.5641014646191498,328|654
1111,2022-06-02T14:06:57.000000Z,2022-06-02T14:08:07.000000Z,70.0,CADC0888,1,11,0.93,0.6279740259740261,1704
1112,2022-06-02T14:08:03.000000Z,2022-06-02T14:09:52.000000Z,109.0,CADC0892,1,27,0.86,0.49950617283950616,1004
1114,2022-06-02T14:09:57.000000Z,2022-06-02T14:10:17.000000Z,20.0,CADC0888,1,2,0.4047392243495185,0.3559334643214479,1705
1115,2022-06-02T14:11:09.000000Z,2022-06-02T14:16:03.000000Z,294.0,CADC0872|CADC0892,2,206,0.93,0.41912151751065657,211|1004
1116,2022-06-02T14:12:52.000000Z,2022-06-02T14:20:38.000000Z,466.0,CADC0873|CADC0892,2,457,1.0,0.4455137446582321,655|1005
1117,2022-06-02T14:14:13.000000Z,2022-06-02T14:15:02.000000Z,49.0,CADC0888|CADC0894,2,5,0.39,0.35035597412575525,1705|1792
1118,2022-06-02T14:16:09.000000Z,2022-06-02T14:22:40.000000Z,391.0,CADC0872|CADC0888,2,402,1.0,0.5289120672022097,212|1706
1119,2022-06-02T14:17:57.000000Z,2022-06-02T14:28:35.000000Z,638.0,CADC0874,1,552,0.6531820083709888,0.5980836115392022,329
1120,2022-06-02T14:18:59.000000Z,2022-06-02T14:24:20.000000Z,321.0,CADC0873,1,211,0.4073257524970003,0.3693771457633183,656
1121,2022-06-02T14:20:55.000000Z,2022-06-02T14:26:54.000000Z,359.0,CADC0888|CADC0892|CADC0894,3,83,0.9,0.49283975906672217,1006|1706|1792
1122,2022-06-02T14:22:43.000000Z,2022-06-02T14:30:05.000000Z,442.0,CADC0872|CADC0888,2,246,0.4976741471863183,0.38573373462584654,213|1706
1123,2022-06-02T14:24:28.000000Z,2022-06-02T14:31:53.000000Z,445.0,CADC0873|CADC0888|CADC0894,3,448,1.0,0.47344209674393617,657|1707|1792
1124,2022-06-02T14:25:52.000000Z,2022-06-02T14:30:07.000000Z,255.0,CADC0888|CADC0894,2,62,0.92,0.49007299033711105,1707|1793
1125,2022-06-02T14:28:37.000000Z,2022-06-02T14:38:04.000000Z,567.0,CADC0874|CADC0888|CADC0892,3,581,1.0,0.6484208905849341,330|1007|1707
1126,2022-06-02T14:30:07.000000Z,2022-06-02T14:36:45.000000Z,398.0,CADC0872,1,400,1.0,0.5223781766578535,214
1127,2022-06-02T14:31:55.000000Z,2022-06-02T14:39:08.000000Z,433.0,CADC0873|CADC0888|CADC0892|CADC0894,4,391,1.0,0.40296425330734476,658|1007|1708|1793
1128,2022-06-02T14:35:44.000000Z,2022-06-02T14:38:15.000000Z,151.0,CADC0892,1,15,0.4865,0.36037460317460307,1008
1129,2022-06-02T14:36:48.000000Z,2022-06-02T14:44:51.000000Z,483.0,CADC0872|CADC0888,2,347,0.78,0.3917800388053639,215|1709
1130,2022-06-02T14:38:40.000000Z,2022-06-02T14:46:31.000000Z,471.0,CADC0873|CADC0894,2,410,0.5918437950937949,0.3700140445767075,659|1794
1132,2022-06-02T14:43:32.000000Z,2022-06-02T14:46:07.000000Z,155.0,CADC0888|CADC0892,2,10,0.698047619047619,0.49062076317212105,1009|1710
1133,2022-06-02T14:44:53.000000Z,2022-06-02T14:58:39.000000Z,826.0,CADC0872|CADC0874,2,1058,0.6459675270543095,0.5359187238153579,216|331
1134,2022-06-02T14:46:32.000000Z,2022-06-02T14:52:34.000000Z,362.0,CADC0873|CADC0894,2,321,0.4528691904269405,0.3702961701671261,660|1794
1135,2022-06-02T14:47:57.000000Z,2022-06-02T14:48:44.000000Z,47.0,CADC0888|CADC0892,2,6,0.522047619047619,0.4412023809523809,1010|1710
1137,2022-06-02T14:50:59.000000Z,2022-06-02T14:56:55.000000Z,356.0,CADC0872|CADC0888|CADC0892,3,251,0.4976431955738111,0.39026993380674246,217|1010|1711
1138,2022-06-02T14:52:17.000000Z,2022-06-02T14:59:05.000000Z,408.0,CADC0873|CADC0888,2,352,0.5130584201359389,0.3675645033326609,661|1711
1139,2022-06-02T14:53:45.000000Z,2022-06-02T14:54:45.000000Z,60.0,CADC0888|CADC0894,2,31,0.87,0.5270290578597031,1711|1795
1140,2022-06-02T14:56:12.000000Z,2022-06-02T15:08:22.000000Z,730.0,CADC0872|CADC0888,2,615,0.822007169032047,0.4239718849170377,218|1712
1141,2022-06-02T14:57:57.000000Z,2022-06-02T15:08:38.000000Z,641.0,CADC0874|CADC0888,2,618,0.83,0.5737254102440044,332|1712
1142,2022-06-02T14:59:07.000000Z,2022-06-02T15:10:18.000000Z,671.0,CADC0873|CADC0894,2,681,1.0,0.4632100550987381,662|1795
1143,2022-06-02T15:03:17.000000Z,2022-06-02T15:04:07.000000Z,50.0,CADC0888|CADC0892,2,2,0.36,0.33242448444815564,1012|1713
